Numéro du support;Longitude;Latitude;"Position";"Insee";"Lieu dit";"Adresse";"Code postal";"Commune";"Nature du support";Hauteur en m;"Propriétaire"
3492;2.34333;46.35361;"02° 20' 36.00'' Est, 46° 21' 13.00'' Nord";"03288";;"CIMETIERE DU BOURG D916";"03380";"TREIGNAT";"Pylône autostable"; 27.0;"ORANGE Services Fixes"
3494;2.42000;46.48833;"02° 25' 12.00'' Est, 46° 29' 18.00'' Nord";"03225";;"GOËLAT D943";"03370";"SAINT-DESIRE";"Pylône tubulaire"; 12.0;"ORANGE Services Fixes"
3512;3.74583;45.98611;"03° 44' 45.00'' Est, 45° 59' 10.00'' Nord";"03139";;"RTE DE LE ROY JEAN PRÈS CSE DES POMPIERS";"03250";"LAPRUGNE";"Bâtiment"; 10.0;"ORANGE Services Fixes"
3514;3.03056;46.74778;"03° 01' 50.00'' Est, 46° 44' 52.00'' Nord";"03309";;"LE CHAMP ROUSSEAU";"03320";"LE VEURDRE";"Pylône autostable"; 21.0;"ORANGE Services Fixes"
3516;3.04861;46.65361;"03° 02' 55.00'' Est, 46° 39' 13.00'' Nord";"03117";"LES PLACES";;"03160";"FRANCHESSE";"Pylône autostable"; 36.0;"ORANGE Services Fixes"
23392;3.51639;46.04639;"03° 30' 59.00'' Est, 46° 02' 47.00'' Nord";"03045";"LES COLONS";;"03270";"BUSSET";"Pylône haubané"; 42.0;"SFR"
23418;3.73694;46.18444;"03° 44' 13.00'' Est, 46° 11' 04.00'' Nord";"03068";"LA GOUTTE DU MAS";;"03120";"CHATELUS";"Pylône autostable"; 35.0;"SFR"
23422;2.74528;46.29472;"02° 44' 43.00'' Est, 46° 17' 41.00'' Nord";"03082";;"PL DU CHAMP DE FOIRE";"03600";"COMMENTRY";"Bâtiment"; 28.7;"Copropriété, Syndic, SCI"
23426;3.33750;46.55361;"03° 20' 15.00'' Est, 46° 33' 13.00'' Nord";"03321";;"6, R JACQUARD";"03400";"YZEURE";"Bâtiment"; 18.7;"Coopérative Agricole, Vinicole"
23438;3.45389;46.51444;"03° 27' 14.00'' Est, 46° 30' 52.00'' Nord";"03180";"LES BRUYÈRES";"LES BRUYERES";"03340";"MONTBEUGNY";"Pylône autostable"; 45.0;"SFR"
23444;3.37417;46.17750;"03° 22' 27.00'' Est, 46° 10' 39.00'' Nord";"03258";"LE BOUCHEREAUD";"RTE DE VENDAT";"03110";"SAINT-REMY-EN-ROLLAT";"Pylône autostable"; 20.0;"SFR"
23474;2.94917;46.73417;"02° 56' 57.00'' Est, 46° 44' 03.00'' Nord";"03155";;"LE SEUX STADE MUNICIPAL";"03320";"LURCY-LEVIS";"Pylône tubulaire"; 25.0;"SFR"
23480;3.06389;46.32556;"03° 03' 50.00'' Est, 46° 19' 32.00'' Nord";"03319";;"LA NUÉE CHÂTEAU D'EAU";"03140";"VOUSSAC";"Château d'eau - réservoir"; 24.2;"Commune, communauté de commune"
23486;3.19528;46.31472;"03° 11' 43.00'' Est, 46° 18' 53.00'' Nord";"03049";"LE BOIS SAUMON";;"03500";"CESSET";"Pylône autostable"; 30.0;"SFR"
57875;2.63278;46.16750;"02° 37' 58.00'' Est, 46° 10' 03.00'' Nord";"03161";"RUE DE LA MAITRISE";;"03420";"MARCILLAT-EN-COMBRAILLE";"Château d'eau - réservoir"; 40.0;"Syndicat des eaux, Adduction"
58241;2.63667;46.34139;"02° 38' 12.00'' Est, 46° 20' 29.00'' Nord";"03185";"LE CHATELARD";"MONTLUCON/CHATELARD/ECOLE/RLP";"03100";"MONTLUCON";"Pylône autostable"; 22.0;"Titulaire programme Radio/TV"
63866;3.14806;46.11556;"03° 08' 53.00'' Est, 46° 06' 56.00'' Nord";"03021";"LES ROCS DE LA SERRE";;"03800";"BEGUES";"Pylône autostable"; 27.0;"EDF GDF"
68845;2.58556;46.36056;"02° 35' 08.00'' Est, 46° 21' 38.00'' Nord";"03185";;"36 R LUCAS DE NEHOU";"03100";"MONTLUCON";"Immeuble"; 37.0;"Société HLM"
68915;3.32944;46.57694;"03° 19' 46.00'' Est, 46° 34' 37.00'' Nord";"03190";;"1 R TAGUIN";"03000";"MOULINS";"Bâtiment"; 21.0;"Particulier"
68957;3.36861;46.55806;"03° 22' 07.00'' Est, 46° 33' 29.00'' Nord";"03321";"LA MERCY";;"03400";"YZEURE";"Château d'eau - réservoir"; 36.0;"Commune, communauté de commune"
71699;3.21833;46.57583;"03° 13' 06.00'' Est, 46° 34' 33.00'' Nord";"03162";"LES SILLETS";;"03210";"MARIGNY";"Pylône autostable"; 34.0;"ORANGE"
71701;3.12528;46.59611;"03° 07' 31.00'' Est, 46° 35' 46.00'' Nord";"03247";"L'OME";;"03210";"SAINT-MENOUX";"Pylône autostable"; 34.0;"ORANGE"
71747;3.48722;46.59972;"03° 29' 14.00'' Est, 46° 35' 59.00'' Nord";"03076";"LES PETITS VERNES";;"03230";"CHEZY";"Pylône autostable"; 23.0;"ORANGE"
71753;3.61056;46.38444;"03° 36' 38.00'' Est, 46° 23' 04.00'' Nord";"03132";"LES POULARDS";;"03220";"JALIGNY-SUR-BESBRE";"Pylône autostable"; 29.0;"ORANGE"
89066;3.05250;46.27583;"03° 03' 09.00'' Est, 46° 16' 33.00'' Nord";"03277";"LA COUT";;"03140";"TARGET";"Pylône autostable"; 30.0;"SFR"
111566;2.66778;46.48333;"02° 40' 04.00'' Est, 46° 29' 00.00'' Nord";"03158";"PMV - GRD SOUDRAY";;"03190";"MAILLET";"Pylône autostable";;
111570;2.73861;46.37222;"02° 44' 19.00'' Est, 46° 22' 20.00'' Nord";"03031";"P.S. RD 33";;"03170";"BIZENEUILLE";"Pylône autostable";;
116691;2.58028;46.34639;"02° 34' 49.00'' Est, 46° 20' 47.00'' Nord";"03185";;"9 ALLÉE JEAN NEGRE";"03100";"MONTLUCON";"Immeuble"; 32.0;"Société HLM"
135425;3.19389;46.54222;"03° 11' 38.00'' Est, 46° 32' 32.00'' Nord";"03275";"LES CARPOTIÈRES";;"03210";"SOUVIGNY";"Pylône autostable"; 25.0;"SFR"
138655;2.56583;46.24139;"02° 33' 57.00'' Est, 46° 14' 29.00'' Nord";"03261";"LES GRANDES CHAUMES";;"03420";"SAINTE-THERENCE";"Pylône autostable"; 12.0;"SFR"
138657;3.87750;46.47083;"03° 52' 39.00'' Est, 46° 28' 15.00'' Nord";"03086";"LES VIGNES DES GUILLOTS";"PIRLY";"03470";"COULANGES";"Pylône autostable"; 25.0;"SFR"
139245;3.69139;46.21861;"03° 41' 29.00'' Est, 46° 13' 07.00'' Nord";"03105";"LES GRANDS BOIS";;"03120";"DROITURIER";"Pylône autostable"; 25.0;"SFR"
148233;2.95333;46.17611;"02° 57' 12.00'' Est, 46° 10' 34.00'' Nord";"03108";;"LA BOSSE";"03330";"ECHASSIERES";"Support non décrit"; 30.0;
148235;3.30500;46.64694;"03° 18' 18.00'' Est, 46° 38' 49.00'' Nord";"03290";"ROTAIS";"ROUTE D'AUROUER";"03460";"TREVOL";"Château d'eau - réservoir"; 27.0;"Commune, communauté de commune"
148275;3.33833;46.56139;"03° 20' 18.00'' Est, 46° 33' 41.00'' Nord";"03190";;"1 PL DE LA GARE";"03000";"MOULINS";"Support non décrit"; 20.0;
154601;3.56417;46.68028;"03° 33' 51.00'' Est, 46° 40' 49.00'' Nord";"03057";;"L AUMINCE";"03230";"LA CHAPELLE-AUX-CHASSES";"Support non décrit"; 10.0;
154913;3.43722;46.22222;"03° 26' 14.00'' Est, 46° 13' 20.00'' Nord";"03029";;"RESERVOIR DE BRISECHANGE";"03260";"BILLY";"Support non décrit"; 5.0;
154937;3.36694;46.30944;"03° 22' 01.00'' Est, 46° 18' 34.00'' Nord";"03298";;"LE MARQUISAT";"03150";"VARENNES-SUR-ALLIER";"Support non décrit"; 10.0;
167906;3.22306;46.65778;"03° 13' 23.00'' Est, 46° 39' 28.00'' Nord";"03015";;"STATION DE POMPAGE";"03460";"BAGNEUX";"Support non décrit"; 15.0;
173107;3.66139;46.07361;"03° 39' 41.00'' Est, 46° 04' 25.00'' Nord";"03165";;"SUBDIVISION EQUIPEMENT";"03250";"LE MAYET-DE-MONTAGNE";"Support non décrit"; 10.0;
173109;3.45972;46.06194;"03° 27' 35.00'' Est, 46° 03' 43.00'' Nord";"03264";;"AMONT PONT RIVE DROITE";"03270";"SAINT-YORRE";"Support non décrit"; 10.0;
173111;3.31583;46.40389;"03° 18' 57.00'' Est, 46° 24' 14.00'' Nord";"03065";;"AVAL PONT RIVE GAUCHE";"03500";"CHATEL-DE-NEUVRE";"Support non décrit"; 11.0;
173113;3.32472;46.55694;"03° 19' 29.00'' Est, 46° 33' 25.00'' Nord";"03190";;"SUBDIVISION EQUIPEMENT";"03000";"MOULINS";"Support non décrit"; 15.0;
173115;3.30417;46.31139;"03° 18' 15.00'' Est, 46° 18' 41.00'' Nord";"03254";;"AVAL PONT RIVE GAUCHE";"03500";"SAINT-POURCAIN-SUR-SIOULE";"Support non décrit"; 10.0;
173117;3.09444;46.11694;"03° 05' 40.00'' Est, 46° 07' 01.00'' Nord";"03107";;"R DE L ABATTOIR";"03450";"EBREUIL";"Support non décrit"; 10.0;
173131;3.67861;46.49750;"03° 40' 43.00'' Est, 46° 29' 51.00'' Nord";"03102";;"CHAMP BONNET";"03290";"DOMPIERRE-SUR-BESBRE";"Support non décrit"; 10.0;
206657;2.71833;46.36500;"02° 43' 06.00'' Est, 46° 21' 54.00'' Nord";"03217";"STATION DECCA";;"03170";"SAINT-ANGEL";"Pylône autostable"; 120.0;
208152;3.28694;46.61972;"03° 17' 13.00'' Est, 46° 37' 11.00'' Nord";"03290";;"RST LA PERCHE PK 305.050";"03460";"TREVOL";"Mât"; 15.0;"SNCF Réseau"
208154;3.33444;46.57583;"03° 20' 04.00'' Est, 46° 34' 33.00'' Nord";"03190";;"RST MOULINS NORD PK 311.130";"03000";"MOULINS";"Mât"; 10.0;"SNCF Réseau"
208156;3.34083;46.54972;"03° 20' 27.00'' Est, 46° 32' 59.00'' Nord";"03321";;"RST MOULINS SUD PK 314.330";"03400";"YZEURE";"Mât"; 10.0;"SNCF Réseau"
208158;3.35694;46.51639;"03° 21' 25.00'' Est, 46° 30' 59.00'' Nord";"03286";;"RST TOULON/ALLIER PK 318.200";"03400";"TOULON-SUR-ALLIER";"Mât"; 15.0;"SNCF Réseau"
208160;3.35889;46.43889;"03° 21' 32.00'' Est, 46° 26' 20.00'' Nord";"03025";;"RST BESSAY PK 326.950";"03340";"BESSAY-SUR-ALLIER";"Mât"; 15.0;"SNCF Réseau"
208162;3.42917;46.26250;"03° 25' 45.00'' Est, 46° 15' 45.00'' Nord";"03091";;"RST CRECHY PK 347.908";"03150";"CRECHY";"Mât"; 15.0;"SNCF Réseau"
208164;3.42722;46.24889;"03° 25' 38.00'' Est, 46° 14' 56.00'' Nord";"03091";;"RST VICAT PK 349.550";"03150";"CRECHY";"Mât"; 15.0;"SNCF Réseau"
208166;3.42444;46.21306;"03° 25' 28.00'' Est, 46° 12' 47.00'' Nord";"03029";;"RST ST GERMAIN DES FOSSES PK 353.800";"03260";"BILLY";"Mât"; 10.0;"SNCF Réseau"
208168;3.55944;46.21750;"03° 33' 34.00'' Est, 46° 13' 03.00'' Nord";"03028";;"RST BILLEZOIS PK 365.500";"03120";"BILLEZOIS";"Mât"; 22.0;"SNCF Réseau"
208170;3.67417;46.19972;"03° 40' 27.00'' Est, 46° 11' 59.00'' Nord";"03042";;"RST MADARD PK 376.900";"03120";"LE BREUIL";"Mât"; 22.0;"SNCF Réseau"
208172;3.69167;46.19833;"03° 41' 30.00'' Est, 46° 11' 54.00'' Nord";"03042";;"RST ARFEUILLES PK 378.400";"03120";"LE BREUIL";"Mât"; 22.0;"SNCF Réseau"
208174;3.41361;46.15806;"03° 24' 49.00'' Est, 46° 09' 29.00'' Nord";"03094";;"RST VICHY RHUE PK 360.960";"03300";"CREUZIER-LE-VIEUX";"Mât"; 10.0;"SNCF Réseau"
208176;3.42917;46.13028;"03° 25' 45.00'' Est, 46° 07' 49.00'' Nord";"03310";;"RST VICHY PK 364.545";"03200";"VICHY";"Mât"; 5.0;"SNCF Réseau"
208178;3.44167;46.09694;"03° 26' 30.00'' Est, 46° 05' 49.00'' Nord";"03001";;"RST ABREST PK 368.432";"03200";"ABREST";"Mât"; 10.0;"SNCF Réseau"
208180;3.38306;46.16722;"03° 22' 59.00'' Est, 46° 10' 02.00'' Nord";"03060";;"RST MIRABELLE PK 361.560";"03110";"CHARMEIL";"Mât"; 10.0;"SNCF Réseau"
208182;3.32111;46.13111;"03° 19' 16.00'' Est, 46° 07' 52.00'' Nord";"03110";;"RST ESPINASSE PK 367.770";"03110";"ESPINASSE-VOZELLE";"Mât"; 10.0;"SNCF Réseau"
208184;3.27167;46.11944;"03° 16' 18.00'' Est, 46° 07' 10.00'' Nord";"03182";;"RST MONTEIGNET PK 372.058";"03800";"MONTEIGNET-SUR-L'ANDELOT";"Mât"; 15.0;"SNCF Réseau"
211012;3.78083;46.19583;"03° 46' 51.00'' Est, 46° 11' 45.00'' Nord";"03250";;"RST CHOLY PK 385.640";"42620";"SAINT-PIERRE-LAVAL";"Mât"; 22.0;"SNCF Réseau"
219851;3.75667;46.40306;"03° 45' 24.00'' Est, 46° 24' 11.00'' Nord";"03144";"LA GIROUETTE";;"03130";"LIERNOLLES";"Pylône autostable"; 44.0;"FPS TOWERS"
224824;2.58472;46.39306;"02° 35' 05.00'' Est, 46° 23' 35.00'' Nord";"03262";;"RTE DE VAUX";"03410";"SAINT-VICTOR";"Pylône autostable"; 26.0;"SFR"
225271;2.46694;46.30917;"02° 28' 01.00'' Est, 46° 18' 33.00'' Nord";"03212";"CHAMP ROULLANT";;"03380";"QUINSSAINES";"Pylône autostable"; 30.0;"ORANGE"
246296;3.52861;46.10111;"03° 31' 43.00'' Est, 46° 06' 04.00'' Nord";"03174";"MONT PÉROU";;"03300";"MOLLES";"Pylône autostable"; 25.0;"SFR"
246298;3.55361;46.61556;"03° 33' 13.00'' Est, 46° 36' 56.00'' Nord";"03074";"LES BOUGNEUX";;"03230";"CHEVAGNES";"Pylône autostable"; 25.0;"SFR"
246300;3.24722;46.54861;"03° 14' 50.00'' Est, 46° 32' 55.00'' Nord";"03085";"LE PONT DE BORD";;"03000";"COULANDON";"Pylône autostable"; 25.0;"SFR"
250995;3.61139;46.07417;"03° 36' 41.00'' Est, 46° 04' 27.00'' Nord";"03165";"LE CLUZEL";;"03250";"LE MAYET-DE-MONTAGNE";"Pylône autostable"; 25.0;"SFR"
251273;3.78028;46.34861;"03° 46' 49.00'' Est, 46° 20' 55.00'' Nord";"03103";"LES MOULOIS";;"03130";"LE DONJON";"Pylône autostable"; 12.0;"SFR"
251275;3.49667;46.58833;"03° 29' 48.00'' Est, 46° 35' 18.00'' Nord";"03156";;"LA CROIX DES MOINES";"03230";"LUSIGNY";"Pylône autostable"; 30.0;"SFR"
251556;3.54389;46.11861;"03° 32' 38.00'' Est, 46° 07' 07.00'' Nord";"03174";"LE BLANCHET";;"03300";"MOLLES";"Château d'eau - réservoir"; 16.0;"Conseil Général"
251571;3.46500;46.13861;"03° 27' 54.00'' Est, 46° 08' 19.00'' Nord";"03095";;"CHEM DE PRALONG RTE DE CHASSIGNOL";"03300";"CUSSET";"Bâtiment"; 13.0;"Conseil Général"
251816;2.59861;46.36139;"02° 35' 55.00'' Est, 46° 21' 41.00'' Nord";"03185";;"R EUGÈNE SUE";"03100";"MONTLUCON";"Bâtiment"; 27.0;"Conseil Général"
251824;2.60639;46.34028;"02° 36' 23.00'' Est, 46° 20' 25.00'' Nord";"03185";;"PL JEAN JAURÈS";"03100";"MONTLUCON";"Bâtiment"; 19.0;"Conseil Général"
251841;3.39722;46.31528;"03° 23' 50.00'' Est, 46° 18' 55.00'' Nord";"03298";;"2 R DE LA GENDARMERIE  SUBDIVISION DE L'EQUIPEMENT";"03150";"VARENNES-SUR-ALLIER";"Bâtiment"; 13.0;"Commune, communauté de commune"
251843;3.42972;46.12556;"03° 25' 47.00'' Est, 46° 07' 32.00'' Nord";"03310";;"3BIS R NEUVE";"03200";"VICHY";"Bâtiment"; 10.0;"Commune, communauté de commune"
251845;3.63778;46.24806;"03° 38' 16.00'' Est, 46° 14' 53.00'' Nord";"03138";;"6 PL CHARLES BECAUD";"03120";"LAPALISSE";"Bâtiment"; 15.0;"Conseil Général"
251849;3.28722;46.31083;"03° 17' 14.00'' Est, 46° 18' 39.00'' Nord";"03254";;"17 R FAUBOURG DE PARIS";"03500";"SAINT-POURCAIN-SUR-SIOULE";"Bâtiment"; 19.0;"Commune, communauté de commune"
251852;3.66167;46.07306;"03° 39' 42.00'' Est, 46° 04' 23.00'' Nord";"03165";;"AV JOSEPH MONAT";"03250";"LE MAYET-DE-MONTAGNE";"Mât métallique"; 62.0;"Conseil Général"
251980;2.82306;46.61639;"02° 49' 23.00'' Est, 46° 36' 59.00'' Nord";"03048";;"4 AV JEAN JAURÈS UNITÉ TERRITORIALE TECHNIQUE";"03350";"CERILLY";"Bâtiment"; 16.0;"Conseil Général"
251988;2.73472;46.29083;"02° 44' 05.00'' Est, 46° 17' 27.00'' Nord";"03082";;"44 R DU BOIS UNITÉ TERRITORIALE TECHNIQUE";"03600";"COMMENTRY";"Bâtiment"; 9.0;"Conseil Général"
251999;2.83111;46.61111;"02° 49' 52.00'' Est, 46° 36' 40.00'' Nord";"03048";"LA VIGNE AU BOIS";"AV DE LA VIGNE AU BOIS CENTRE TECHNIQUE D'EXPLOITATION DES ROUTES";"03350";"CERILLY";"Bâtiment"; 12.0;"Conseil Général"
253481;3.62167;46.22833;"03° 37' 18.00'' Est, 46° 13' 42.00'' Nord";"03138";;"RST LAPALISSE PK 371 000";"03120";"LAPALISSE";"Mât"; 22.0;"SNCF Réseau"
253733;3.49389;46.52583;"03° 29' 38.00'' Est, 46° 31' 33.00'' Nord";"03180";"MONTEDOUX";"D161 PRÈS DU STADE";"03340";"MONTBEUGNY";"Pylône autostable"; 25.0;"ORANGE"
254424;3.43917;46.49444;"03° 26' 21.00'' Est, 46° 29' 40.00'' Nord";"03197";"MONTÈCHE";"PYLÔNE ORANGE";"03340";"NEUILLY-LE-REAL";"Pylône autostable"; 40.0;"ORANGE"
263710;3.90583;46.40556;"03° 54' 21.00'' Est, 46° 24' 20.00'' Nord";"03208";"LES EAUX";"PRÈS D994";"03130";"LE PIN";"Pylône autostable"; 30.0;"ORANGE"
264335;2.59028;46.38667;"02° 35' 25.00'' Est, 46° 23' 12.00'' Nord";"03262";"CARREFOUR DE LA DURE";"POSTE HT RTE DE LA DURE RD 302";"03410";"SAINT-VICTOR";"Bâtiment"; 6.0;"EDF GDF"
287499;3.32139;46.56056;"03° 19' 17.00'' Est, 46° 33' 38.00'' Nord";"03190";;"114 RTE DE MONTILLY";"03000";"MOULINS";"Bâtiment"; 20.0;
287501;3.31194;46.56944;"03° 18' 43.00'' Est, 46° 34' 10.00'' Nord";"03190";;"RTE DE CLERMONT FERRAND";"03000";"MOULINS";"Bâtiment"; 15.0;
287505;3.68111;46.52500;"03° 40' 52.00'' Est, 46° 31' 30.00'' Nord";"03102";;"R DU BOURBONNAIS";"03290";"DOMPIERRE-SUR-BESBRE";"Bâtiment"; 8.0;
287507;3.06694;46.58361;"03° 04' 01.00'' Est, 46° 35' 01.00'' Nord";"03036";;"R EMILE GUILLAUMIN";"03160";"BOURBON-L'ARCHAMBAULT";"Bâtiment"; 15.0;
292671;3.43278;46.12222;"03° 25' 58.00'' Est, 46° 07' 20.00'' Nord";"03310";;"BD  DE L'HÔPITAL";"03200";"VICHY";"Pylône autostable"; 27.0;"SNCF Réseau"
297725;3.40778;46.13139;"03° 24' 28.00'' Est, 46° 07' 53.00'' Nord";"03023";"HIPPODROME";;"03700";"BELLERIVE-SUR-ALLIER";"Bâtiment"; 15.0;"Société Privée SA"
301202;3.34278;46.57556;"03° 20' 34.00'' Est, 46° 34' 32.00'' Nord";"03321";;"RTE DE GENNETINES HOP PSYCHIATRIQUE";"03400";"YZEURE";"Bâtiment"; 30.0;"Etablissement de soins"
305622;3.75806;46.28361;"03° 45' 29.00'' Est, 46° 17' 01.00'' Nord";"03147";"BARRAUD";"DÉPARTEMENTALE 127";"03130";"LODDES";"Pylône autostable"; 20.0;"SFR"
305972;2.57833;46.36833;"02° 34' 42.00'' Est, 46° 22' 06.00'' Nord";"03101";;"15, AV AMBROISE CROIZAT";"03410";"DOMERAT";"Pylône autostable"; 28.0;"SFR"
306563;3.62639;46.15667;"03° 37' 35.00'' Est, 46° 09' 24.00'' Nord";"03131";"LES CORRES";;"03120";"ISSERPENT";"Pylône autostable"; 28.0;"Conseil Général"
312471;3.70222;46.51444;"03° 42' 08.00'' Est, 46° 30' 52.00'' Nord";"03102";"LES GAILLARDS";;"03290";"DOMPIERRE-SUR-BESBRE";"Pylône autostable"; 27.4;"SFR"
314708;2.58583;46.32083;"02° 35' 09.00'' Est, 46° 19' 15.00'' Nord";"03185";;"BUFFON CHATEAU D EAU";"03100";"MONTLUCON";"Château d'eau - réservoir"; 30.0;
316884;3.53778;46.05028;"03° 32' 16.00'' Est, 46° 03' 01.00'' Nord";"03045";;"LES SAPINS BERNARD";"03270";"BUSSET";"Château d'eau - réservoir"; 16.0;
317817;3.08389;46.11417;"03° 05' 02.00'' Est, 46° 06' 51.00'' Nord";"03107";;"RTE DE CHOUVIGNY";"03450";"EBREUIL";"Bâtiment"; 5.0;"Société Privée SA"
320051;3.45694;46.14278;"03° 27' 25.00'' Est, 46° 08' 34.00'' Nord";"03095";;"53 RTE DE PARIS";"03300";"CUSSET";"Bâtiment"; 17.0;"ORANGE"
320530;3.43667;46.10944;"03° 26' 12.00'' Est, 46° 06' 34.00'' Nord";"03001";;"CHEM DES PLAÇATS";"03200";"ABREST";"Pylône tubulaire"; 25.0;"ORANGE"
320532;3.40667;46.13000;"03° 24' 24.00'' Est, 46° 07' 48.00'' Nord";"03023";;"RTE DE CHARMEIL HIPPODROME";"03700";"BELLERIVE-SUR-ALLIER";"Pylône tubulaire"; 27.0;"ORANGE"
323236;3.53778;46.05028;"03° 32' 16.00'' Est, 46° 03' 01.00'' Nord";"03045";"LES BODIMENTS-RÉSERVOIR";"ROUTE DES SAPINS BERNARD";"03270";"BUSSET";"Pylône autostable"; 29.0;"Conseil Général"
323846;3.29083;46.38361;"03° 17' 27.00'' Est, 46° 23' 01.00'' Nord";"03176";"LES MAISONS NEUVES";"CHEM  COMMUNAL DE MONETAY";"03500";"MONETAY-SUR-ALLIER";"Pylône tubulaire"; 25.0;"ORANGE"
325643;3.66472;46.00083;"03° 39' 53.00'' Est, 46° 00' 03.00'' Nord";"03113";"RAY  LACROUX";"CHEM DE MARIGAUD À MAGNAUD";"03250";"FERRIERES-SUR-SICHON";"Pylône autostable"; 35.0;"Conseil Général"
328498;3.37556;46.51722;"03° 22' 32.00'' Est, 46° 31' 02.00'' Nord";"03286";;"LA CROIX BLANCHE";"03400";"TOULON-SUR-ALLIER";"Château d'eau - réservoir"; 25.0;
328500;3.73806;46.56583;"03° 44' 17.00'' Est, 46° 33' 57.00'' Nord";"03102";;"PORT ST AUBIN";"03290";"DOMPIERRE-SUR-BESBRE";"Château d'eau - réservoir"; 10.0;
328502;3.94778;46.42167;"03° 56' 52.00'' Est, 46° 25' 18.00'' Nord";"03239";;"LES JAYAUX";"03130";"SAINT-LEGER-SUR-VOUZANCE";"Château d'eau - réservoir"; 8.0;
334443;3.42639;46.13111;"03° 25' 35.00'' Est, 46° 07' 52.00'' Nord";"03310";;"7-9 BD DE LA MUTUALITE";"03200";"VICHY";"Immeuble"; 33.8;"Copropriété, Syndic, SCI"
354035;3.32028;46.57444;"03° 19' 13.00'' Est, 46° 34' 28.00'' Nord";"03190";"CITÉ DES GATEAUX";"AV DU GÉNÉRAL DE GAULLE HLM  BAT C1";"03000";"MOULINS";"Immeuble"; 18.0;"Société HLM"
365278;3.54472;46.40917;"03° 32' 41.00'' Est, 46° 24' 33.00'' Nord";"03284";"LES CHARBONNIÈRES";"D. 102 DE BESSEY";"03220";"THIONNE";"Château d'eau - réservoir"; 46.0;"Syndicat des eaux, Adduction"
365439;3.61417;46.34000;"03° 36' 51.00'' Est, 46° 20' 24.00'' Nord";"03291";"LA DÉCAMPE";"CHEM DE TREZELLES";"03220";"TREZELLES";"Pylône autostable"; 24.0;"ORANGE"
370076;2.55250;46.31167;"02° 33' 09.00'' Est, 46° 18' 42.00'' Nord";"03211";"LES CHARROTS";"CHEM DE LA STATION D'ÉPURATION";"03410";"PREMILHAT";"Pylône autostable"; 28.0;"ORANGE"
395278;3.37694;46.56278;"03° 22' 37.00'' Est, 46° 33' 46.00'' Nord";"03321";"LES FONTANDRAUX";"D225 CHÂTEAU D'EAU LES MAISONS NEUVES";"03400";"YZEURE";"Château d'eau - réservoir"; 28.0;"Commune, communauté de commune"
395282;3.27861;46.58000;"03° 16' 43.00'' Est, 46° 34' 48.00'' Nord";"03200";"LA BURELLE";"D401 LA CORBE";"03000";"NEUVY";"Pylône tubulaire"; 15.0;
395681;3.42972;46.12806;"03° 25' 47.00'' Est, 46° 07' 41.00'' Nord";"03310";;"27, AV DE GRAMONT RÉSIDENCE LA GARE";"03200";"VICHY";"Immeuble"; 23.5;"Copropriété, Syndic, SCI"
397805;3.06083;46.66306;"03° 03' 39.00'' Est, 46° 39' 47.00'' Nord";"03117";"LES BÉGARDS";;"03160";"FRANCHESSE";"Pylône autostable"; 33.0;"Titulaire programme Radio/TV"
411500;3.42333;46.12500;"03° 25' 24.00'' Est, 46° 07' 30.00'' Nord";"03310";;"4 R DE L'HÔTEL DES POSTES ESPACE SFR";"03200";"VICHY";"Intérieur galerie"; 3.7;"Société Privée SA"
427169;3.31917;46.55833;"03° 19' 09.00'' Est, 46° 33' 30.00'' Nord";"03190";;"20 R COLOMBEAU";"03000";"MOULINS";"Monument religieux"; 10.0;"Commune, communauté de commune"
436174;3.92972;46.35778;"03° 55' 47.00'' Est, 46° 21' 28.00'' Nord";"03154";"LES DUPUIS";"RD169";"03130";"LUNEAU";"Pylône autostable"; 37.5;"ORANGE"
436459;3.44833;46.13222;"03° 26' 54.00'' Est, 46° 07' 56.00'' Nord";"03095";"MONT-BETON";"R MONTBETON";"03300";"CUSSET";"Château d'eau - réservoir"; 31.8;"Commune, communauté de commune"
438003;2.60528;46.33694;"02° 36' 19.00'' Est, 46° 20' 13.00'' Nord";"03185";;"2 R MOLIERE";"03100";"MONTLUCON";"Immeuble"; 25.0;"Société HLM"
438425;3.33722;46.54667;"03° 20' 14.00'' Est, 46° 32' 48.00'' Nord";"03190";;"AV PR E.SORREL FOYER ANGLE R DES CHAMPINS";"03000";"MOULINS";"Immeuble"; 41.0;"Société HLM"
438471;2.49861;46.32667;"02° 29' 55.00'' Est, 46° 19' 36.00'' Nord";"03212";"LES JUSTICES";;"03380";"QUINSSAINES";"Pylône autostable"; 35.0;"TDF"
439824;3.44917;46.11361;"03° 26' 57.00'' Est, 46° 06' 49.00'' Nord";"03306";;"R PAUL DEVAUX RÉSERVOIR";"03200";"LE VERNET";"Château d'eau - réservoir"; 27.0;"Syndicat des eaux, Adduction"
440793;2.97250;46.62778;"02° 58' 21.00'' Est, 46° 37' 40.00'' Nord";"03251";"LA CHAUME";"VC 5";"03160";"SAINT-PLAISIR";"Pylône autostable"; 30.0;"Conseil Général"
442580;3.33500;46.56444;"03° 20' 06.00'' Est, 46° 33' 52.00'' Nord";"03190";;"1 R BERTHELOT";"03000";"MOULINS";"Immeuble"; 25.0;"Commune, communauté de commune"
442608;3.43806;46.12056;"03° 26' 17.00'' Est, 46° 07' 14.00'' Nord";"03310";;"34 R SIDI BRAHIM";"03200";"VICHY";"Immeuble"; 31.0;"Société HLM"
442666;2.59472;46.35056;"02° 35' 41.00'' Est, 46° 21' 02.00'' Nord";"03185";;"5 R STE GENEVIEVE";"03100";"MONTLUCON";"Pylône autostable"; 23.0;"FPS TOWERS"
443351;3.13361;46.48222;"03° 08' 01.00'' Est, 46° 28' 56.00'' Nord";"03202";"LA BUTTE";"20 R DE LA MINE";"03210";"NOYANT-D'ALLIER";"Pylône autostable"; 37.5;"ORANGE"
444365;3.31389;46.30000;"03° 18' 50.00'' Est, 46° 17' 60.00'' Nord";"03254";"LES RONDES";"CHEM DE COUDRAY";"03500";"SAINT-POURCAIN-SUR-SIOULE";"Pylône autostable"; 29.0;"ORANGE"
447677;2.64167;46.36583;"02° 38' 30.00'' Est, 46° 21' 57.00'' Nord";"03217";"LE GRAND MAS";;"03170";"SAINT-ANGEL";"Pylône autostable"; 24.0;"TDF"
447730;3.42333;46.12333;"03° 25' 24.00'' Est, 46° 07' 24.00'' Nord";"03310";;"2 R DU PRESIDENT WILSON";"03200";"VICHY";"Immeuble"; 41.4;"Société HLM"
448984;3.08472;46.19083;"03° 05' 05.00'' Est, 46° 11' 27.00'' Nord";"03022";"LES CHATELETS";;"03330";"BELLENAVES";"Mât"; 10.0;"ORANGE Services Fixes"
449258;2.64556;46.34028;"02° 38' 44.00'' Est, 46° 20' 25.00'' Nord";"03217";"LE CHATELARD";"ROC DU ST-ANGEL";"03170";"SAINT-ANGEL";"Pylône autostable"; 44.0;"TDF"
449450;3.37944;46.06944;"03° 22' 46.00'' Est, 46° 04' 10.00'' Nord";"03044";"LES GRELANGES";"ROND POIND DES BOUCHARDES";"03700";"BRUGHEAS";"Pylône autostable"; 40.0;"ORANGE"
450032;2.39778;46.42861;"02° 23' 52.00'' Est, 46° 25' 43.00'' Nord";"03172";"LES PRÉS DU BOIS";"LA VILLE TOUR DVRN";"03370";"MESPLES";"Pylône autostable"; 83.0;"TDF"
450574;3.31889;46.57528;"03° 19' 08.00'' Est, 46° 34' 31.00'' Nord";"03190";;"AV DU GAL DE GAULLE RES LES GATEAUX";"03000";"MOULINS";"Immeuble"; 36.0;"Société HLM"
465869;3.38222;46.57972;"03° 22' 56.00'' Est, 46° 34' 47.00'' Nord";"03321";"LES JABOTS";"RN 79 PROCHE ETANG DE LA DAME";"03400";"YZEURE";"Tour hertzienne"; 75.0;"TDF"
470230;3.19111;46.09111;"03° 11' 28.00'' Est, 46° 05' 28.00'' Nord";"03118";"TERROIR DE LA COTE";;"03800";"GANNAT";"Pylône autostable"; 33.0;"ORANGE"
472763;2.81667;46.47278;"02° 48' 60.00'' Est, 46° 28' 22.00'' Nord";"03084";"L'OUCHE";;"03430";"COSNE-D'ALLIER";"Pylône autostable"; 28.0;"FPS TOWERS"
475361;3.45333;46.10444;"03° 27' 12.00'' Est, 46° 06' 16.00'' Nord";"03306";"LES HURLEVENTS";"CHEM DE CRÊTES CHEM DE ST AMAND";"03200";"LE VERNET";"Tour hertzienne"; 98.0;"TDF"
476201;2.83694;46.60778;"02° 50' 13.00'' Est, 46° 36' 28.00'' Nord";"03048";"LES PATUREAUX";"RÉSERVOIRS RTE DE THENEUILLE";"03350";"CERILLY";"Pylône autostable"; 21.0;"ORANGE Services Fixes"
476958;3.43944;46.14639;"03° 26' 22.00'' Est, 46° 08' 47.00'' Nord";"03095";"NANTILLE";"CHEMIN DE LA MONTAGNE VERTE";"03300";"CUSSET";"Pylône autostable"; 30.0;"TDF"
477513;2.99250;46.34917;"02° 59' 33.00'' Est, 46° 20' 57.00'' Nord";"03270";"BRUNATIÈRE";;"03390";"SAZERET";"Pylône autostable"; 41.6;"SFR"
478100;2.96639;46.46000;"02° 57' 59.00'' Est, 46° 27' 36.00'' Nord";"03046";"LA FRAGNE";"SITE TDF";"03440";"BUXIERES-LES-MINES";"Pylône autostable"; 25.0;"TDF"
478841;2.68722;46.45194;"02° 41' 14.00'' Est, 46° 27' 07.00'' Nord";"03153";"LES BRÉGÈRES";"A71 SENS BOURGES/CLERMONT FERRAND P.K 288.50";"03190";"LOUROUX-HODEMENT";"Pylône autostable"; 41.0;"Sociétés d'Autoroutes"
482511;3.34111;46.17972;"03° 20' 28.00'' Est, 46° 10' 47.00'' Nord";"03258";"LE CHAMP LONG";"PRÈS D.520";"03110";"SAINT-REMY-EN-ROLLAT";"Château d'eau - réservoir"; 38.5;"Syndicat des eaux, Adduction"
484544;3.32972;46.57972;"03° 19' 47.00'' Est, 46° 34' 47.00'' Nord";"03190";;"R PARMENTIER  ATELIERS MUNICIPAUX PRÈS VOIE FERRÉE";"03000";"MOULINS";"Pylône autostable"; 22.0;"ORANGE"
485362;3.47778;46.22611;"03° 28' 40.00'' Est, 46° 13' 34.00'' Nord";"03232";"LES BOULAISES";"D.173 - POIDS PUBLICS";"03260";"SAINT-FELIX";"Pylône autostable"; 30.0;"SFR"
486588;3.28417;46.30417;"03° 17' 03.00'' Est, 46° 18' 15.00'' Nord";"03254";;"31B R CHAMPS FEUILLET CENTRE TECHNIQUE MUNICIPAL";"03500";"SAINT-POURCAIN-SUR-SIOULE";"Pylône tubulaire"; 24.0;"ORANGE"
493871;3.19083;46.09444;"03° 11' 27.00'' Est, 46° 05' 40.00'' Nord";"03118";"LES MOULINS";"CHEM DU MONT LIBRE";"03800";"GANNAT";"Pylône autostable"; 14.7;"TDF"
494684;3.32556;46.57056;"03° 19' 32.00'' Est, 46° 34' 14.00'' Nord";"03190";;"10 AV DU GAL DE GAULLE HOPITAL";"03000";"MOULINS";"Bâtiment"; 35.0;"Etablissement de soins"
497248;2.48528;46.36389;"02° 29' 07.00'' Est, 46° 21' 50.00'' Nord";"03128";"CANASI";"R DE LA RÉPUBLIQUE";"03380";"HURIEL";"Pylône autostable"; 23.0;"SFR"
498692;3.75889;46.28333;"03° 45' 32.00'' Est, 46° 16' 60.00'' Nord";"03147";"MONT ST JOSEPH";"D127 MONT ST JOSEPH";"03130";"LODDES";"Pylône autostable"; 40.0;"ORANGE Services Fixes"
498897;3.80306;46.34500;"03° 48' 11.00'' Est, 46° 20' 42.00'' Nord";"03103";"LE CHÊNE DE L'AGNEAU";"CD15";"03130";"LE DONJON";"Pylône autostable"; 34.0;"ORANGE Services Fixes"
507517;3.65944;46.53972;"03° 39' 34.00'' Est, 46° 32' 23.00'' Nord";"03102";"LES POCHONS";"MAUPERTUIS PYLONE TDF";"03290";"DOMPIERRE-SUR-BESBRE";"Pylône autostable"; 33.0;"TDF"
507521;2.96861;46.32806;"02° 58' 07.00'' Est, 46° 19' 41.00'' Nord";"03186";"LES BOUIS";"GARE DE PEAGE A71 PR318 SENS 1";"03390";"MONTMARAULT";"Pylône autostable"; 64.0;"Sociétés d'Autoroutes"
507525;3.71889;46.23333;"03° 43' 08.00'' Est, 46° 14' 00.00'' Nord";"03105";"LE HAUT DU PUY";;"03120";"DROITURIER";"Château d'eau - réservoir"; 41.0;"Syndicat des eaux, Adduction"
507644;2.60000;46.62639;"02° 36' 00.00'' Est, 46° 37' 35.00'' Nord";"03293";"LES COMBLES";"RTE DE LA FORÊT";"03360";"URCAY";"Pylône autostable"; 28.0;"SFR"
512254;3.29472;46.53472;"03° 17' 41.00'' Est, 46° 32' 05.00'' Nord";"03040";;"RTE DE LA FORÊT D527 D527 CHÂTEAU D'EAU";"03000";"BRESSOLLES";"Château d'eau - réservoir"; 52.0;"Syndicat des eaux, Adduction"
512284;3.66861;46.07750;"03° 40' 07.00'' Est, 46° 04' 39.00'' Nord";"03165";"MARTINIÈRE";;"03250";"LE MAYET-DE-MONTAGNE";"Pylône autostable"; 29.0;"BOUYGUES"
515652;3.42222;46.46750;"03° 25' 20.00'' Est, 46° 28' 03.00'' Nord";"03197";"LES GAMBADES";"ZA ARTISANALE D 989 SITE BOUYGUES TÉLÉCOM";"03340";"NEUILLY-LE-REAL";"Pylône autostable"; 31.0;"BOUYGUES"
516454;2.63917;46.36583;"02° 38' 21.00'' Est, 46° 21' 57.00'' Nord";"03217";"LE GRAND MAS";"D.94";"03170";"SAINT-ANGEL";"Pylône autostable"; 25.0;"ORANGE"
517462;2.77167;46.56472;"02° 46' 18.00'' Est, 46° 33' 53.00'' Nord";"03313";"LE POINT DE VUE";;"03350";"LE VILHAIN";"Tour hertzienne"; 39.0;"TDF"
517685;2.63167;46.33083;"02° 37' 54.00'' Est, 46° 19' 51.00'' Nord";"03185";"MARIGNON";;"03100";"MONTLUCON";"Pylône autostable"; 33.0;"TDF"
520390;2.65056;46.49833;"02° 39' 02.00'' Est, 46° 29' 54.00'' Nord";"03158";"LES DURETS";"PYLONE SAPRR FERME DES DURETS";"03190";"MAILLET";"Pylône autostable"; 47.0;"Sociétés d'Autoroutes"
520647;3.90000;46.45639;"03° 53' 60.00'' Est, 46° 27' 23.00'' Nord";"03173";"BOIS DE SEPT FONDS";"CHEM RURAL";"03510";"MOLINET";"Pylône autostable"; 25.0;"ORANGE"
520812;3.39667;46.32333;"03° 23' 48.00'' Est, 46° 19' 24.00'' Nord";"03298";"LES GOUTTES";;"03150";"VARENNES-SUR-ALLIER";"Pylône autostable"; 25.0;"SFR"
521924;3.13667;46.10306;"03° 08' 12.00'' Est, 46° 06' 11.00'' Nord";"03118";"LES CHILLINS";"D.998 - PR 349.60 - ECH DE GANNAT";"03800";"GANNAT";"Pylône autostable"; 60.7;"Sociétés d'Autoroutes"
522583;3.53861;46.53583;"03° 32' 19.00'' Est, 46° 32' 09.00'' Nord";"03283";"BOIS LA FORTE TERRE";"LES GENDELINS";"03230";"THIEL-SUR-ACOLIN";"Pylône autostable"; 20.0;"ORANGE"
522587;2.61972;46.32972;"02° 37' 11.00'' Est, 46° 19' 47.00'' Nord";"03185";;"10 PL. LOUIS BONVIN";"03100";"MONTLUCON";"Immeuble"; 13.0;"Particulier"
522798;2.49667;46.36444;"02° 29' 48.00'' Est, 46° 21' 52.00'' Nord";"03128";;"D916 STATION DE POMPAGE LA CROZE";"03380";"HURIEL";"Immeuble"; 6.0;"Particulier"
522800;2.37361;46.41306;"02° 22' 25.00'' Est, 46° 24' 47.00'' Nord";"03172";"LALEUF";"RESERVOIR LALEUF";"03370";"MESPLES";"Château d'eau - réservoir"; 6.0;"Particulier"
522802;2.49417;46.29000;"02° 29' 39.00'' Est, 46° 17' 24.00'' Nord";"03212";;"D 240 RESERVOIR COURSAGE";"03380";"QUINSSAINES";"Château d'eau - réservoir"; 8.0;"Particulier"
522819;2.47806;46.44861;"02° 28' 41.00'' Est, 46° 26' 55.00'' Nord";"03088";"LES PRUGNES - LES VIGNES";"D.943 CHEM RURAL DES PRUGNES À MORTARET";"03370";"COURCAIS";"Pylône autostable"; 28.0;"SFR"
524528;2.40056;46.51139;"02° 24' 02.00'' Est, 46° 30' 41.00'' Nord";"03225";"LES CHÈVRES";;"03370";"SAINT-DESIRE";"Pylône autostable"; 43.0;"FPS TOWERS"
525029;2.63611;46.34306;"02° 38' 10.00'' Est, 46° 20' 35.00'' Nord";"03098";"LA PERDRIX";"CHEM DE LA PERDRIX LES CÔTES DE CHATELARD";"03630";"DESERTINES";"Pylône autostable"; 29.0;"Towercast"
527223;2.73889;46.37194;"02° 44' 20.00'' Est, 46° 22' 19.00'' Nord";"03031";"LES CAMPAGNES";"A71/KM 298.5  LE PONT DES VACHES";"03170";"BIZENEUILLE";"Pylône autostable"; 16.0;"Sociétés d'Autoroutes"
527788;2.71083;46.39639;"02° 42' 39.00'' Est, 46° 23' 47.00'' Nord";"03031";;"GARE DE PEAGE MONTLUCON A71 LES AMARONS";"03170";"BIZENEUILLE";"Silo"; 18.0;"Sociétés d'Autoroutes"
530027;2.30750;46.43917;"02° 18' 27.00'' Est, 46° 26' 21.00'' Nord";"03249";"LES PEUX D'EN BAS";;"03370";"SAINT-PALAIS";"Pylône autostable"; 27.0;"FPS TOWERS"
530081;2.49556;46.32611;"02° 29' 44.00'' Est, 46° 19' 34.00'' Nord";"03212";"LE SIGNAT";;"03380";"QUINSSAINES";"Pylône autostable"; 39.5;"SFR"
532512;3.20222;46.52000;"03° 12' 08.00'' Est, 46° 31' 12.00'' Nord";"03275";"LA MONTÉE AUX LIÈVRES";"PYLÔNE BOUYGUES TÉLÉCOM";"03210";"SOUVIGNY";"Pylône autostable"; 22.0;"FPS TOWERS"
544865;3.38250;46.33611;"03° 22' 57.00'' Est, 46° 20' 10.00'' Nord";"03298";"LES CAVERAUDES";"61 ROUTE DE MOULINS";"03150";"VARENNES-SUR-ALLIER";"Pylône tubulaire"; 22.0;"ORANGE"
546276;3.30806;46.41500;"03° 18' 29.00'' Est, 46° 24' 54.00'' Nord";"03065";"LES REBOURSES";"PYLONE FT";"03500";"CHATEL-DE-NEUVRE";"Pylône autostable"; 30.0;"ORANGE Services Fixes"
546864;3.28361;46.56806;"03° 17' 01.00'' Est, 46° 34' 05.00'' Nord";"03200";"PÉRONNE";"CHEM DE LA BARBOTTE";"03000";"NEUVY";"Château d'eau - réservoir"; 47.0;"Commune, communauté de commune"
546890;2.61111;46.33556;"02° 36' 40.00'' Est, 46° 20' 08.00'' Nord";"03185";;"R DE RIMARD ARRÊT SNCF MONTLUÇON - RIMARD";"03100";"MONTLUCON";"Pylône tubulaire"; 22.0;"ORANGE"
548129;2.67250;46.27972;"02° 40' 21.00'' Est, 46° 16' 47.00'' Nord";"03195";;"ROUTE DE CLERMONT N144 CAMPING";"03310";"NERIS-LES-BAINS";"Pylône autostable"; 25.4;"SFR"
549096;2.71028;46.36917;"02° 42' 37.00'' Est, 46° 22' 09.00'' Nord";"03217";"CROCHAVANT";"CHATEAU D'EAU";"03170";"SAINT-ANGEL";"Château d'eau - réservoir"; 41.0;"Syndicat des eaux, Adduction"
551538;3.30611;46.48028;"03° 18' 22.00'' Est, 46° 28' 49.00'' Nord";"03073";"LA CROIX D'OR";"CHEM DES BARONS";"03210";"CHEMILLY";"Pylône autostable"; 15.0;"FPS TOWERS"
554449;2.74472;46.29361;"02° 44' 41.00'' Est, 46° 17' 37.00'' Nord";"03082";;"R DU DR PAUL FABRE RES. MAGE";"03600";"COMMENTRY";"Immeuble"; 23.5;"Société HLM"
556526;2.64639;46.33889;"02° 38' 47.00'' Est, 46° 20' 20.00'' Nord";"03217";"LE CHATELARD";"HOP SPECIALISE";"03170";"SAINT-ANGEL";"Pylône autostable"; 25.0;"Etablissement de soins"
558049;3.51528;46.25972;"03° 30' 55.00'' Est, 46° 15' 35.00'' Nord";"03235";"PION";"CHEM GONDAILLY-STADE MUN";"03150";"SAINT-GERAND-LE-PUY";"Pylône autostable"; 27.0;"FPS TOWERS"
559873;2.91167;46.67611;"02° 54' 42.00'' Est, 46° 40' 34.00'' Nord";"03087";"LA PORCELAINE";"PRÈS D. 3";"03320";"COULEUVRE";"Pylône autostable"; 32.0;"Conseil Général"
566568;2.58889;46.37028;"02° 35' 20.00'' Est, 46° 22' 13.00'' Nord";"03185";;"ZAC DE PASQUIS";"03100";"MONTLUCON";"Bâtiment"; 6.0;"Société Privée SA"
569290;2.66222;46.61556;"02° 39' 44.00'' Est, 46° 36' 56.00'' Nord";"03318";"CHAMP MILAN";"CHEM RURAL LA PALONNIERE";"03360";"VITRAY";"Pylône autostable"; 37.0;"FPS TOWERS"
569546;3.49194;46.12556;"03° 29' 31.00'' Est, 46° 07' 32.00'' Nord";"03095";"LES JUSTICES";;"03300";"CUSSET";"Pylône autostable"; 12.0;"Société Privée SA"
571176;2.59778;46.32917;"02° 35' 52.00'' Est, 46° 19' 45.00'' Nord";"03185";;"40 R ASPIENNE";"03100";"MONTLUCON";"Immeuble"; 17.0;"Copropriété, Syndic, SCI"
579214;2.66306;46.28917;"02° 39' 47.00'' Est, 46° 17' 21.00'' Nord";"03195";;"R DAVY";"03310";"NERIS-LES-BAINS";"Pylône tubulaire"; 25.0;"ORANGE Services Fixes"
579976;3.07250;46.11944;"03° 04' 21.00'' Est, 46° 07' 10.00'' Nord";"03107";"CÔTES DE STE FOY";;"03450";"EBREUIL";"Pylône autostable"; 16.0;"Société Privée SA"
580553;3.11167;46.17833;"03° 06' 42.00'' Est, 46° 10' 42.00'' Nord";"03194";;"CIMETIÈRES";"03330";"NAVES";"Pylône haubané"; 32.0;"SFR"
588646;2.63972;46.35361;"02° 38' 23.00'' Est, 46° 21' 13.00'' Nord";"03098";"LES ÉMERIS";"LE CLOS DES RECLOS";"03630";"DESERTINES";"Pylône autostable"; 27.0;"TDF"
589748;3.30333;46.60306;"03° 18' 12.00'' Est, 46° 36' 11.00'' Nord";"03013";"CHAMP MICHEL";"CHEM DES MAISONS NEUVES PRÉS RN7";"03000";"AVERMES";"Pylône tubulaire"; 24.0;"ORANGE"
590735;2.84722;46.58444;"02° 50' 50.00'' Est, 46° 35' 04.00'' Nord";"03282";"LE GRAND CHAMP";"CHEM RURAL DE L'ANNEAU";"03350";"THENEUILLE";"Pylône autostable"; 40.0;"Conseil Général"
591351;3.41472;46.11056;"03° 24' 53.00'' Est, 46° 06' 38.00'' Nord";"03023";;"R DE NAVARRE VC N°8";"03700";"BELLERIVE-SUR-ALLIER";"Pylône autostable"; 40.0;"FPS TOWERS"
596199;2.84833;46.40861;"02° 50' 54.00'' Est, 46° 24' 31.00'' Nord";"03315";"PUY CHABRIT";"D.307";"03430";"VILLEFRANCHE-D'ALLIER";"Pylône autostable"; 23.0;"TDF"
604608;2.82528;46.32417;"02° 49' 31.00'' Est, 46° 19' 27.00'' Nord";"03189";;"CHEM DES CAUMARTELS CD 188";"03170";"MONTVICQ";"Pylône autostable"; 25.0;"ORANGE"
604864;3.91528;46.45167;"03° 54' 55.00'' Est, 46° 27' 06.00'' Nord";"03173";"TERRE DU BOIS DE SEPT FONDS";"D994";"03510";"MOLINET";"Pylône autostable"; 36.0;"TDF"
607766;2.94722;46.72889;"02° 56' 50.00'' Est, 46° 43' 44.00'' Nord";"03155";;"8 R DE BLOUX PYLÔNE ORANGE";"03320";"LURCY-LEVIS";"Pylône autostable"; 35.0;"ORANGE"
610522;2.59750;46.34694;"02° 35' 51.00'' Est, 46° 20' 49.00'' Nord";"03185";;"PL DE LA VERRERIE RES RÉPUBLIQUE";"03100";"MONTLUCON";"Bâtiment"; 30.0;"Association"
610760;3.74694;46.31722;"03° 44' 49.00'' Est, 46° 19' 02.00'' Nord";"03147";;"LE FETREZ";"03130";"LODDES";"Pylône autostable"; 30.0;"EDF GDF"
611526;3.33583;46.57306;"03° 20' 09.00'' Est, 46° 34' 23.00'' Nord";"03190";;"42 R DU PROGRÉS";"03004";"MOULINS";"Pylône haubané"; 16.0;"Particulier"
611528;3.27417;46.58194;"03° 16' 27.00'' Est, 46° 34' 55.00'' Nord";"03200";"LA BURELLE";;"03004";"NEUVY";"Pylône haubané"; 15.0;"Particulier"
615817;2.58417;46.33361;"02° 35' 03.00'' Est, 46° 20' 01.00'' Nord";"03185";"LE CLUZEAU";"7 R CHARLES PEGUY";"03100";"MONTLUCON";"Immeuble"; 15.5;"Copropriété, Syndic, SCI"
618169;2.59972;46.35583;"02° 35' 59.00'' Est, 46° 21' 21.00'' Nord";"03185";;"23 R EUGÈNE SUE";"03100";"MONTLUCON";"Bâtiment"; 6.3;"SFR"
634329;2.64944;46.49722;"02° 38' 58.00'' Est, 46° 29' 50.00'' Nord";"03158";"LES DURETS";;"03190";"MAILLET";"Pylône autostable"; 30.0;"ORANGE"
636091;3.27778;46.46083;"03° 16' 40.00'' Est, 46° 27' 39.00'' Nord";"03026";"BELOIS";"VC N°4 DE L'ORME DE GIVREUIL";"03210";"BESSON";"Pylône autostable"; 31.0;"SFR"
636931;3.26667;46.19222;"03° 15' 60.00'' Est, 46° 11' 32.00'' Nord";"03043";"ZONE ARTISANALE";"COMBES ET PALAYON";"03110";"BROUT-VERNET";"Pylône autostable"; 30.0;"ORANGE"
637012;3.46111;46.06583;"03° 27' 40.00'' Est, 46° 03' 57.00'' Nord";"03264";;"PL DE LA MAIRIE MAIRIE";"03270";"SAINT-YORRE";"Bâtiment"; 21.5;"Commune, communauté de commune"
637855;2.47972;46.36667;"02° 28' 47.00'' Est, 46° 22' 00.00'' Nord";"03128";"TERRAIN DE SPORTS";"RTE DE DOMÉRAT";"03380";"HURIEL";"Pylône tubulaire"; 23.0;"ORANGE"
649130;3.34583;46.38278;"03° 20' 45.00'' Est, 46° 22' 58.00'' Nord";"03114";"LES RAMÉES";;"03340";"LA FERTE-HAUTERIVE";"Pylône autostable"; 34.0;"TDF"
652554;2.80500;46.35333;"02° 48' 18.00'' Est, 46° 21' 12.00'' Nord";"03104";;"AIRE DE REPOS DE DOYET - A71";"03170";"DOYET";"Pylône autostable"; 42.2;"Sociétés d'Autoroutes"
655458;3.44194;46.21917;"03° 26' 31.00'' Est, 46° 13' 09.00'' Nord";"03029";"LES CHAUMES";;"03260";"BILLY";"Pylône autostable"; 21.0;"ORANGE"
656382;3.33861;46.11278;"03° 20' 19.00'' Est, 46° 06' 46.00'' Nord";"03080";"LE PIED BLANC";"CHEM DE SERBANNES";"03110";"COGNAT-LYONNE";"Pylône autostable"; 35.0;"FPS TOWERS"
656840;3.80667;46.05056;"03° 48' 24.00'' Est, 46° 03' 02.00'' Nord";"03248";"LA VERRERIE";"CHEM N°478";"03250";"SAINT-NICOLAS-DES-BIEFS";"Pylône autostable"; 47.5;"FPS TOWERS"
664301;3.28056;46.19472;"03° 16' 50.00'' Est, 46° 11' 41.00'' Nord";"03043";"BOIS DE CHATELLENIER";"CHEM DU STADE";"03110";"BROUT-VERNET";"Pylône autostable"; 29.0;"FPS TOWERS"
667125;3.31444;46.59000;"03° 18' 52.00'' Est, 46° 35' 24.00'' Nord";"03013";"LES SIGNOLLES";"110 B ROUTE DE PARIS";"03000";"AVERMES";"Pylône autostable"; 25.0;"ORANGE"
668416;3.79139;46.11722;"03° 47' 29.00'' Est, 46° 07' 02.00'' Nord";"03006";"LES BIEFS";;"03120";"ARFEUILLES";"Pylône autostable"; 32.4;"SFR"
669167;3.76639;46.24806;"03° 45' 59.00'' Est, 46° 14' 53.00'' Nord";"03004";"LE VERNET HAUT";;"03120";"ANDELAROCHE";"Pylône autostable"; 17.0;"EDF GDF"
671862;3.32528;46.56639;"03° 19' 31.00'' Est, 46° 33' 59.00'' Nord";"03190";;"R DU GÉNÉRAL HOCHE";"03000";"MOULINS";"Bâtiment"; 26.0;"EDF GDF"
673276;3.30722;46.54778;"03° 18' 26.00'' Est, 46° 32' 52.00'' Nord";"03040";"LES MOUNINES";"PRÈS DES CHÂTEAUX D'EAU BRUYÈRES";"03000";"BRESSOLLES";"Pylône autostable"; 44.0;"TDF"
673712;3.78111;46.35583;"03° 46' 52.00'' Est, 46° 21' 21.00'' Nord";"03103";"LE CIMETIÈRE - LES VIGNES";;"03130";"LE DONJON";"Pylône autostable"; 17.0;"TDF"
683688;2.81333;46.47333;"02° 48' 48.00'' Est, 46° 28' 24.00'' Nord";"03084";"CHAMPBERNARD";"PYLÔNE FT";"03430";"COSNE-D'ALLIER";"Pylône autostable"; 28.0;"ORANGE Services Fixes"
683694;2.95083;46.32028;"02° 57' 03.00'' Est, 46° 19' 13.00'' Nord";"03186";"LES ARDENNES";"R DE L'HÔPITAL";"03390";"MONTMARAULT";"Pylône autostable"; 36.0;"ORANGE Services Fixes"
683789;3.06917;46.58583;"03° 04' 09.00'' Est, 46° 35' 09.00'' Nord";"03036";;"R DU PIED DE LA FOURCHE";"03160";"BOURBON-L'ARCHAMBAULT";"Immeuble"; 32.0;"ORANGE Services Fixes"
684961;2.87722;46.34194;"02° 52' 38.00'' Est, 46° 20' 31.00'' Nord";"03256";"REFUGE MOULIN CHARLOT";"PK 310-295 A71 SENS BOURGES-CLERMONT FERRAND";"03390";"SAINT-PRIEST-EN-MURAT";"Pylône autostable"; 42.0;"Sociétés d'Autoroutes"
686471;3.74417;46.06333;"03° 44' 39.00'' Est, 46° 03' 48.00'' Nord";"03224";"LES AYES";"CHEM RURAL DE LA POMMERIE AUX AYES";"03250";"SAINT-CLEMENT";"Pylône autostable"; 33.0;"ORANGE Services Fixes"
686808;3.00056;46.57583;"03° 00' 02.00'' Est, 46° 34' 33.00'' Nord";"03036";"LA PELOTTERIE";"DOMAINE DE LA FORGE";"03160";"BOURBON-L'ARCHAMBAULT";"Pylône autostable"; 16.0;"Titulaire programme Radio/TV"
686810;3.69944;46.40472;"03° 41' 58.00'' Est, 46° 24' 17.00'' Nord";"03240";"PUY ST-AMBROISE";"LE PETIT POUCET";"03220";"SAINT-LEON";"Pylône haubané"; 30.0;"Société Privée SA"
686977;3.69639;46.50333;"03° 41' 47.00'' Est, 46° 30' 12.00'' Nord";"03102";"LES MISERIES";"CHEM VICINAL N°4 DE ST-LÉON AUX GAILLARDS PRÈS D.55 - RTE DE SALIGNY";"03290";"DOMPIERRE-SUR-BESBRE";"Pylône autostable"; 57.0;"ORANGE Services Fixes"
692517;2.95194;46.17167;"02° 57' 07.00'' Est, 46° 10' 18.00'' Nord";"03192";"BOIS DES MENUS";"RD 987 SIGNAL DE LA BOSSE";"03450";"NADES";"Pylône autostable"; 64.0;"TDF"
697273;3.30111;46.63778;"03° 18' 04.00'' Est, 46° 38' 16.00'' Nord";"03290";;"R DU STADE STADE MUNICIPAL";"03460";"TREVOL";"Pylône autostable"; 25.0;"ORANGE"
701639;2.53667;46.35139;"02° 32' 12.00'' Est, 46° 21' 05.00'' Nord";"03101";"ROUETTE DE VOREILLES";;"03410";"DOMERAT";"Pylône autostable"; 33.0;"TDF"
703843;3.61361;46.23778;"03° 36' 49.00'' Est, 46° 14' 16.00'' Nord";"03138";"BEL AIR";"CHEM RURAL DE BEL AIR";"03120";"LAPALISSE";"Château d'eau - réservoir"; 38.0;"Syndicat des eaux, Adduction"
704737;3.41917;46.12806;"03° 25' 09.00'' Est, 46° 07' 41.00'' Nord";"03310";;"PL FRANTZ GLENARD THERMES CALLOU";"03200";"VICHY";"Immeuble"; 30.0;"Particulier"
719187;3.79528;46.49500;"03° 47' 43.00'' Est, 46° 29' 42.00'' Nord";"03207";"LA DIENNE";;"03470";"PIERREFITTE-SUR-LOIRE";"Pylône autostable"; 31.0;"TDF"
719835;2.58889;46.36639;"02° 35' 20.00'' Est, 46° 21' 59.00'' Nord";"03185";"ZAC DES PASQUIS";"2 R JULES BOURNET";"03100";"MONTLUCON";"Pylône autostable"; 21.0;"ORANGE"
729772;2.44583;46.30611;"02° 26' 45.00'' Est, 46° 18' 22.00'' Nord";"03136";"LES REDONDEAUX";;"03380";"LAMAIDS";"Pylône haubané"; 20.0;"DDE"
735913;3.82194;46.48833;"03° 49' 19.00'' Est, 46° 29' 18.00'' Nord";"03207";"LE BOIS LONJOT";"PYLÔNE ORANGE";"03470";"PIERREFITTE-SUR-LOIRE";"Pylône autostable"; 25.0;"ORANGE"
736615;3.47306;46.27556;"03° 28' 23.00'' Est, 46° 16' 32.00'' Nord";"03137";"LES QUARTELÉES";"CHEM LES MERCIÈRES";"03150";"LANGY";"Pylône autostable"; 32.0;"ORANGE"
736863;3.65111;46.06167;"03° 39' 04.00'' Est, 46° 03' 42.00'' Nord";"03165";"LA ROCHE";;"03250";"LE MAYET-DE-MONTAGNE";"Pylône autostable"; 21.0;"ORANGE"
737065;2.70611;46.25222;"02° 42' 22.00'' Est, 46° 15' 08.00'' Nord";"03106";"LES MOULINS";"LAREQUILLE - PROCHE STADE ET CIMETIÈRE";"03310";"DURDAT-LAREQUILLE";"Pylône autostable"; 27.4;"ORANGE"
737451;2.97861;46.49778;"02° 58' 43.00'' Est, 46° 29' 52.00'' Nord";"03046";"LES GOUÉRONS";;"03440";"BUXIERES-LES-MINES";"Pylône autostable"; 33.0;"TDF"
737466;2.76556;46.41556;"02° 45' 56.00'' Est, 46° 24' 56.00'' Nord";"03269";;"CHEM DE L' IERRE À BEAUMERLE TERRAIN VAGUE";"03430";"SAUVAGNY";"Pylône autostable"; 35.0;"TDF"
737502;3.80000;46.00028;"03° 47' 60.00'' Est, 46° 00' 01.00'' Nord";"03139";"LA LOGE DES GARDES";"FORET DE L'ASSISE";"03250";"LAPRUGNE";"Pylône autostable"; 26.0;"BOUYGUES"
737517;2.90278;46.49139;"02° 54' 10.00'' Est, 46° 29' 29.00'' Nord";"03312";"LA BRUYERE";"FORET DE DREUILLE";"03430";"VIEURE";"Pylône autostable"; 36.0;"TDF"
739618;3.03000;46.29611;"03° 01' 48.00'' Est, 46° 17' 46.00'' Nord";"03277";;"LE POIRIER";"03140";"TARGET";"Pylône haubané"; 34.0;"Sociétés d'Autoroutes"
739630;3.07778;46.25556;"03° 04' 40.00'' Est, 46° 15' 20.00'' Nord";"03175";"THELIEN";"A71 PK 330.1";"03140";"MONESTIER";"Pylône haubané"; 31.0;"Sociétés d'Autoroutes"
751630;3.46250;46.10306;"03° 27' 45.00'' Est, 46° 06' 11.00'' Nord";"03306";"CHEM DES SABLES";;"03200";"LE VERNET";"Mât béton"; 11.0;"EDF GDF"
754397;3.71833;46.32194;"03° 43' 06.00'' Est, 46° 19' 19.00'' Nord";"03024";"LES BOURRACHOTS";"ROUTE DÉPARTEMENTALE 124";"03130";"BERT";"Pylône autostable"; 39.0;"TDF"
754399;3.74556;46.46222;"03° 44' 44.00'' Est, 46° 27' 44.00'' Nord";"03265";;"ROUTE DU DONJON D. 15";"03470";"SALIGNY-SUR-ROUDON";"Pylône autostable"; 33.0;"Conseil Général"
754411;3.11667;46.68000;"03° 07' 00.00'' Est, 46° 40' 48.00'' Nord";"03241";"LES HAUTS";"CHEM DES PERRETS AU GRAND MONCEAU";"03160";"SAINT-LEOPARDIN-D'AUGY";"Pylône autostable"; 35.0;"Conseil Général"
754413;2.61194;46.34417;"02° 36' 43.00'' Est, 46° 20' 39.00'' Nord";"03185";;"7 AV DU 8 MAI 1945";"03100";"MONTLUCON";"Pylône tubulaire"; 23.0;"ORANGE"
754415;3.03556;46.74667;"03° 02' 08.00'' Est, 46° 44' 48.00'' Nord";"03309";"LES LOGES";"D.13";"03320";"LE VEURDRE";"Pylône autostable"; 38.0;"Conseil Général"
754443;3.43083;46.12806;"03° 25' 51.00'' Est, 46° 07' 41.00'' Nord";"03310";;"BD DE L'HÔPITAL GARE DE VICHY";"03200";"VICHY";"Pylône tubulaire"; 22.0;"SNCF Réseau"
754488;3.33528;46.57444;"03° 20' 07.00'' Est, 46° 34' 28.00'' Nord";"03190";;"28 R DES GEAIS I.U.F.M. MOULINS";"03000";"MOULINS";"Bâtiment"; 20.0;"Conseil Général"
754490;3.35806;46.56333;"03° 21' 29.00'' Est, 46° 33' 48.00'' Nord";"03321";;"32 R DES TUILERIES";"03400";"YZEURE";"Pylône tubulaire"; 21.0;"ORANGE"
754492;3.41250;46.16278;"03° 24' 45.00'' Est, 46° 09' 46.00'' Nord";"03094";;"R DU COMMANDANT AUBREY";"03300";"CREUZIER-LE-VIEUX";"Pylône autostable"; 28.0;"ORANGE Services Fixes"
754500;2.79444;46.70111;"02° 47' 40.00'' Est, 46° 42' 04.00'' Nord";"03296";"LA RODERIE";"CHEM RURAL DE LA RODERIE AUX BRUYÈRES";"03360";"VALIGNY";"Pylône autostable"; 43.0;"Conseil Général"
754518;2.59778;46.34778;"02° 35' 52.00'' Est, 46° 20' 52.00'' Nord";"03185";;"2, QUAI LOUIS BLANC TOUR DE LA VERRERIE BÂT.C2";"03100";"MONTLUCON";"Immeuble"; 64.0;"Société HLM"
754534;2.71861;46.50472;"02° 43' 07.00'' Est, 46° 30' 17.00'' Nord";"03127";"LE BREGNON - BUTOIR";"R DES JARDINS";"03190";"HERISSON";"Pylône autostable"; 32.0;"Conseil Général"
754539;3.42528;46.65250;"03° 25' 31.00'' Est, 46° 39' 09.00'' Nord";"03229";"LES GRANDS BOIS";"PRÈS D. 194";"03400";"SAINT-ENNEMOND";"Pylône autostable"; 38.0;"Conseil Général"
754544;3.34944;46.56722;"03° 20' 58.00'' Est, 46° 34' 02.00'' Nord";"03321";;"11 R  DES FLEURS";"03400";"YZEURE";"Immeuble"; 19.0;"Copropriété, Syndic, SCI"
754548;3.59083;46.53778;"03° 35' 27.00'' Est, 46° 32' 16.00'' Nord";"03283";"LES TRÉFOUX";"CHEM RURAL DE LA VARENNE";"03230";"THIEL-SUR-ACOLIN";"Pylône autostable"; 41.6;"SFR"
754555;3.33639;46.54833;"03° 20' 11.00'' Est, 46° 32' 54.00'' Nord";"03190";;"ALLÉE DES LAURIERS BÂT C";"03000";"MOULINS";"Immeuble"; 32.0;"Société HLM"
754562;2.72889;46.28667;"02° 43' 44.00'' Est, 46° 17' 12.00'' Nord";"03082";;"R DU CREUX DU LAC";"03600";"COMMENTRY";"Pylône autostable"; 45.0;"ORANGE Services Fixes"
754567;2.62028;46.38444;"02° 37' 13.00'' Est, 46° 23' 04.00'' Nord";"03262";;"ZA DU PONT DES NAUTES";"03410";"SAINT-VICTOR";"Pylône autostable"; 25.0;"ORANGE"
754571;3.57778;46.05528;"03° 34' 40.00'' Est, 46° 03' 19.00'' Nord";"03008";"BOIS DE CROUX";"PRÈS DE D 995 PYLONE";"03250";"ARRONNES";"Pylône autostable"; 30.0;"TDF"
754573;3.32861;46.55806;"03° 19' 43.00'' Est, 46° 33' 29.00'' Nord";"03190";;"50 QUAI D'ALLIER";"03000";"MOULINS";"Bâtiment"; 19.0;"Copropriété, Syndic, SCI"
754575;3.37917;46.50694;"03° 22' 45.00'' Est, 46° 30' 25.00'' Nord";"03286";"LES AVENELLES";;"03400";"TOULON-SUR-ALLIER";"Pylône autostable"; 35.0;"ORANGE"
754577;3.32583;46.56444;"03° 19' 33.00'' Est, 46° 33' 52.00'' Nord";"03190";;"R. LOUIS BLANC";"03000";"MOULINS";"Bâtiment"; 17.0;"Société HLM"
754580;3.42333;46.13139;"03° 25' 24.00'' Est, 46° 07' 53.00'' Nord";"03310";;"71 R JEAN JAURÈS";"03200";"VICHY";"Immeuble"; 26.0;"ORANGE"
754582;3.33528;46.54167;"03° 20' 07.00'' Est, 46° 32' 30.00'' Nord";"03190";;"27 ALLÉE DU BOURBONNAIS  IMM NOMAZY";"03000";"MOULINS";"Immeuble"; 32.0;"Société HLM"
754584;3.71917;46.15611;"03° 43' 09.00'' Est, 46° 09' 22.00'' Nord";"03006";"LA MADONE";"CHEM PETRASSIN";"03120";"ARFEUILLES";"Mât béton"; 18.0;"TDF"
754587;3.03944;46.29556;"03° 02' 22.00'' Est, 46° 17' 44.00'' Nord";"03277";"LA CHAUMETTE";"PYLÔNE SAPRR";"03140";"TARGET";"Pylône autostable"; 33.0;"Sociétés d'Autoroutes"
754590;3.14222;46.43944;"03° 08' 32.00'' Est, 46° 26' 22.00'' Nord";"03092";"LES GERBOTTES";"PYLÔNE SFR";"03240";"CRESSANGES";"Pylône autostable"; 45.0;"SFR"
754592;3.04722;46.39472;"03° 02' 50.00'' Est, 46° 23' 41.00'' Nord";"03099";"LE LEVANT";"CHÂTEAU D'EAU";"03240";"DEUX-CHAISES";"Château d'eau - réservoir"; 33.0;"Syndicat des eaux, Adduction"
754596;2.59222;46.34111;"02° 35' 32.00'' Est, 46° 20' 28.00'' Nord";"03185";;"2 R PIERRE BROSSOLETTE RÉSIDENCE TURGOT";"03100";"MONTLUCON";"Immeuble"; 32.0;"Copropriété, Syndic, SCI"
754598;3.42583;46.12528;"03° 25' 33.00'' Est, 46° 07' 31.00'' Nord";"03310";;"PL CHARLES DE GAULLE LA POSTE";"03200";"VICHY";"Immeuble"; 18.0;"Copropriété, Syndic, SCI"
754611;3.42333;46.15528;"03° 25' 24.00'' Est, 46° 09' 19.00'' Nord";"03094";;"R DES VERGNES  ADMIN LES VARENNES";"03300";"CREUZIER-LE-VIEUX";"Pylône autostable"; 21.0;"ORANGE"
754616;3.34972;46.55000;"03° 20' 59.00'' Est, 46° 32' 60.00'' Nord";"03321";;"R DES CHEMOTS TERRAIN DE PÉTANQUE";"03400";"YZEURE";"Pylône autostable"; 20.0;"Commune, communauté de commune"
754619;3.35000;46.56056;"03° 21' 00.00'' Est, 46° 33' 38.00'' Nord";"03321";;"R JEAN VIDAL STADE MUNICIPAL JEAN VIDAL";"03400";"YZEURE";"Pylône tubulaire"; 24.0;"ORANGE"
754621;3.73611;46.21389;"03° 44' 10.00'' Est, 46° 12' 50.00'' Nord";"03068";"TRAYON";"CHEM DU BOIS DU TRAYON";"03120";"CHATELUS";"Pylône autostable"; 22.1;"TDF"
754625;3.33778;46.55750;"03° 20' 16.00'' Est, 46° 33' 27.00'' Nord";"03321";;"R DU CHAMP FROMAGER EMPRISE GARE SNCF";"03400";"YZEURE";"Pylône autostable"; 28.1;"SNCF Réseau"
754627;3.44889;46.12889;"03° 26' 56.00'' Est, 46° 07' 44.00'' Nord";"03095";;"AV DU GÉNÉRAL LECLERC RÉSIDENCE LECLERC";"03300";"CUSSET";"Immeuble"; 34.0;"ORANGE"
754631;3.42889;46.13778;"03° 25' 44.00'' Est, 46° 08' 16.00'' Nord";"03095";;"24 CHEM DES BARTINS";"03300";"CUSSET";"Pylône autostable"; 22.0;"ORANGE"
754640;3.41333;46.11528;"03° 24' 48.00'' Est, 46° 06' 55.00'' Nord";"03023";;"2 AV DU GÉNÉRAL DE GAULLE D.131";"03700";"BELLERIVE-SUR-ALLIER";"Bâtiment"; 12.0;"ORANGE Services Fixes"
754650;3.41472;46.13806;"03° 24' 53.00'' Est, 46° 08' 17.00'' Nord";"03310";"BEAUSÉJOUR";"ALLÉE DES AILES BÂT. 1 ET 2";"03200";"VICHY";"Immeuble"; 36.0;"Société HLM"
755263;2.58417;46.35306;"02° 35' 03.00'' Est, 46° 21' 11.00'' Nord";"03185";;"R JEAN MERMOZ TERRAIN DE SPORT";"03100";"MONTLUCON";"Pylône autostable"; 24.0;"ORANGE"
755748;2.60056;46.33528;"02° 36' 02.00'' Est, 46° 20' 07.00'' Nord";"03185";"CHANTOISEAU";"ANGLE R D'ALEMBERT/R DU 14 JUILLET 1789";"03100";"MONTLUCON";"Pylône tubulaire"; 22.0;"ORANGE"
755758;2.59944;46.35750;"02° 35' 58.00'' Est, 46° 21' 27.00'' Nord";"03185";;"AV CHARLES TILLON ATELIERS MUNICIPAUX";"03100";"MONTLUCON";"Bâtiment"; 27.0;"Commune, communauté de commune"
755760;2.60167;46.32444;"02° 36' 06.00'' Est, 46° 19' 28.00'' Nord";"03185";;"R DU GUÉ DE BEDET STADE HIPPODROME DE ST-JEAN";"03100";"MONTLUCON";"Pylône tubulaire"; 28.3;"ORANGE"
755762;3.42056;46.12139;"03° 25' 14.00'' Est, 46° 07' 17.00'' Nord";"03310";;"10 AV ARISTIDE BRIAND LE RUSSIE ET MÉDITERRANÉE";"03200";"VICHY";"Immeuble"; 30.0;"Copropriété, Syndic, SCI"
755764;3.46111;46.06472;"03° 27' 40.00'' Est, 46° 03' 53.00'' Nord";"03264";;"R DU 8 MAI 1945 AUTOCOM FT";"03270";"SAINT-YORRE";"Pylône tubulaire"; 17.0;"ORANGE Services Fixes"
755768;3.31694;46.55972;"03° 19' 01.00'' Est, 46° 33' 35.00'' Nord";"03190";;"31 AV. DE LA LIBÉRATION";"03000";"MOULINS";"Immeuble"; 19.3;"Particulier"
755770;3.43722;46.11917;"03° 26' 14.00'' Est, 46° 07' 09.00'' Nord";"03310";;"21 R DU VERNET RÉS. LE PARC FLORENTIN";"03200";"VICHY";"Immeuble"; 19.3;"Copropriété, Syndic, SCI"
755776;3.43972;46.14083;"03° 26' 23.00'' Est, 46° 08' 27.00'' Nord";"03095";;"ZI - 36 R AMPÈRE";"03300";"CUSSET";"Pylône autostable"; 20.0;"ORANGE"
755782;2.53611;46.36278;"02° 32' 10.00'' Est, 46° 21' 46.00'' Nord";"03101";;"BD VICTOR HUGO AUTOCOM FT";"03410";"DOMERAT";"Pylône autostable"; 20.0;"ORANGE Services Fixes"
765859;3.67667;46.60806;"03° 40' 36.00'' Est, 46° 36' 29.00'' Nord";"03019";"LES COMMUNAUX";"CHEM DE VARENNES";"03230";"BEAULON";"Pylône autostable"; 34.4;"FPS TOWERS"
765876;3.23806;46.55222;"03° 14' 17.00'' Est, 46° 33' 08.00'' Nord";"03085";"LE ROMPAIS";;"03000";"COULANDON";"Pylône autostable"; 23.0;"FPS TOWERS"
778299;3.25556;46.66417;"03° 15' 20.00'' Est, 46° 39' 51.00'' Nord";"03316";"LES COURTAUDS";"CHEM DES COURTAUDS";"03460";"VILLENEUVE-SUR-ALLIER";"Pylône autostable"; 28.0;"FPS TOWERS"
790481;2.34722;46.34250;"02° 20' 50.00'' Est, 46° 20' 33.00'' Nord";"03288";"LE PATURAIL VIEUX";;"03380";"TREIGNAT";"Pylône autostable"; 32.0;"FPS TOWERS"
795199;2.69444;46.65389;"02° 41' 40.00'' Est, 46° 39' 14.00'' Nord";"03221";"LA GENETELLE";;"03360";"SAINT-BONNET-TRONCAIS";"Pylône autostable"; 36.5;"FPS TOWERS"
795351;3.75028;46.53083;"03° 45' 01.00'' Est, 46° 31' 51.00'' Nord";"03100";;"8 R DE LA GARE";"03290";"DIOU";"Château d'eau - réservoir"; 21.0;"Syndicat des eaux, Adduction"
800137;2.57944;46.51806;"02° 34' 46.00'' Est, 46° 31' 05.00'' Nord";"03297";"LES ROUGERONS";"AIRE DE REPOS VALLON EN SULLY -A71 -";"03190";"VALLON-EN-SULLY";"Pylône autostable"; 42.6;"Sociétés d'Autoroutes"
800237;3.74750;46.06167;"03° 44' 51.00'' Est, 46° 03' 42.00'' Nord";"03224";"LA CROIX MOUSSIER";;"03250";"SAINT-CLEMENT";"Pylône autostable"; 38.0;"FPS TOWERS"
812219;3.26389;46.66417;"03° 15' 50.00'' Est, 46° 39' 51.00'' Nord";"03316";"LES MONTRUES";"CHEM DE LA BERGERIE AUX MONTRUES";"03460";"VILLENEUVE-SUR-ALLIER";"Pylône autostable"; 23.0;"ORANGE"
824511;3.65889;46.23444;"03° 39' 32.00'' Est, 46° 14' 04.00'' Nord";"03257";"LES GRANDS CHAMPS";"CHEM DE REURE";"03120";"SAINT-PRIX";"Pylône autostable"; 14.0;"TDF"
826212;2.81306;46.60861;"02° 48' 47.00'' Est, 46° 36' 31.00'' Nord";"03048";"BRETOIRE";;"03350";"CERILLY";"Pylône autostable"; 35.0;"TDF"
826214;2.62944;46.35722;"02° 37' 46.00'' Est, 46° 21' 26.00'' Nord";"03098";"LES LOUBIERES";;"03630";"DESERTINES";"Pylône autostable"; 27.0;"FPS TOWERS"
837892;2.69083;46.38306;"02° 41' 27.00'' Est, 46° 22' 59.00'' Nord";"03305";;"CROIX DE FRAGNE";"03190";"VERNEIX";"Pylône autostable"; 14.5;"Sociétés d'Autoroutes"
842062;3.74056;46.51500;"03° 44' 26.00'' Est, 46° 30' 54.00'' Nord";"03100";"LES PETITES BROSSES";"12 CHEM DE BELLEVUE";"03290";"DIOU";"Pylône autostable"; 41.5;"SFR"
842071;3.43167;46.08222;"03° 25' 54.00'' Est, 46° 04' 56.00'' Nord";"03126";"FONTSALIVE";"CHATEAU D'EAU";"03270";"HAUTERIVE";"Château d'eau - réservoir"; 22.9;"Commune, communauté de commune"
842073;3.41861;46.12333;"03° 25' 07.00'' Est, 46° 07' 24.00'' Nord";"03310";;"3 PL JOSEPH ALETTI ALETTI PALACE HOTEL";"03200";"VICHY";"Immeuble"; 36.0;"SFR"
842075;3.43833;46.11833;"03° 26' 18.00'' Est, 46° 07' 06.00'' Nord";"03310";;"23 R DU VERNET ETOILES DES GARETS";"03200";"VICHY";"Immeuble"; 30.0;"Copropriété, Syndic, SCI"
842091;3.44917;46.16806;"03° 26' 57.00'' Est, 46° 10' 05.00'' Nord";"03093";"LES CHAMBARDS";"RÉSERVOIR";"03300";"CREUZIER-LE-NEUF";"Pylône autostable"; 20.0;"SFR"
842095;3.32889;46.56333;"03° 19' 44.00'' Est, 46° 33' 48.00'' Nord";"03190";;"4 R ACHILLE ROCHE LYCÉE ST BENOIT";"03000";"MOULINS";"Immeuble"; 38.0;"Société Privée SA"
842099;2.58139;46.34722;"02° 34' 53.00'' Est, 46° 20' 50.00'' Nord";"03185";;"13 ALLÉE JEAN NÈGRE";"03100";"MONTLUCON";"Immeuble"; 28.0;
842107;3.46333;46.11028;"03° 27' 48.00'' Est, 46° 06' 37.00'' Nord";"03306";;"22 R DE CUSSET PRÈS CIMETIÈRE";"03200";"LE VERNET";"Pylône autostable"; 20.0;"SFR"
842118;3.43611;46.15222;"03° 26' 10.00'' Est, 46° 09' 08.00'' Nord";"03094";"LA MONTAGNE VERTE";"CHEM DE LA MONTAGNE VERTE PRÈS CHATEAU D'EAU";"03300";"CREUZIER-LE-VIEUX";"Pylône autostable"; 20.3;"SFR"
843827;3.78167;46.00194;"03° 46' 54.00'' Est, 46° 00' 07.00'' Nord";"03139";"LE CHANDELIER";"SITE ITAS TIM";"03250";"LAPRUGNE";"Pylône autostable"; 36.0;"Itas Tim"
844306;3.06556;46.59056;"03° 03' 56.00'' Est, 46° 35' 26.00'' Nord";"03036";;"STATION D EPURATION LE ROUETTON D139";"03160";"BOURBON-L'ARCHAMBAULT";"Château d'eau - réservoir"; 8.0;"Syndicat des eaux, Adduction"
844308;2.97333;46.45722;"02° 58' 24.00'' Est, 46° 27' 26.00'' Nord";"03046";;"RESERVOIR LE FRAGNE FRADONNIERE";"03440";"BUXIERES-LES-MINES";"Château d'eau - réservoir"; 10.0;"Syndicat des eaux, Adduction"
844310;3.22361;46.65778;"03° 13' 25.00'' Est, 46° 39' 28.00'' Nord";"03015";;"LE PORT STATION DE POMPAGE D 133";"03460";"BAGNEUX";"Château d'eau - réservoir"; 10.0;"Syndicat des eaux, Adduction"
844312;3.04500;46.75722;"03° 02' 42.00'' Est, 46° 45' 26.00'' Nord";"03309";;"R DE LA BATELLERIE STATION DE POMPAGE";"03320";"LE VEURDRE";"Château d'eau - réservoir"; 12.0;"Syndicat des eaux, Adduction"
844314;3.01111;46.70000;"03° 00' 40.00'' Est, 46° 42' 00.00'' Nord";"03210";;"RESERVOIR ET STATION DE POMPAGE LE POINT DU JOUR";"03320";"POUZY-MESANGY";"Château d'eau - réservoir"; 6.0;"Syndicat des eaux, Adduction"
844318;2.85750;46.67472;"02° 51' 27.00'' Est, 46° 40' 29.00'' Nord";"03087";"LA CORNE DE ROLLAY";"RÉSERVOIR LA CORNE DE ROLLAY";"03320";"COULEUVRE";"Château d'eau - réservoir"; 4.0;"Syndicat des eaux, Adduction"
844320;3.05667;46.50389;"03° 03' 24.00'' Est, 46° 30' 14.00'' Nord";"03122";"LES ARRONDIERES";;"03210";"GIPCY";"Château d'eau - réservoir"; 30.0;"Syndicat des eaux, Adduction"
844322;3.11833;46.55333;"03° 07' 06.00'' Est, 46° 33' 12.00'' Nord";"03012";;"RESERVOIR PROVENCHERES D293";"03210";"AUTRY-ISSARDS";"Château d'eau - réservoir"; 5.0;"Syndicat des eaux, Adduction"
844326;3.04556;46.57500;"03° 02' 44.00'' Est, 46° 34' 30.00'' Nord";"03036";;"RESERVOIR DE CHANTEMERLE";"03160";"BOURBON-L'ARCHAMBAULT";"Château d'eau - réservoir"; 28.0;"Syndicat des eaux, Adduction"
844516;3.04389;46.64556;"03° 02' 38.00'' Est, 46° 38' 44.00'' Nord";"03117";"L ARBRE SEC";;"03160";"FRANCHESSE";"Château d'eau - réservoir"; 45.0;"Syndicat des eaux, Adduction"
845062;3.08611;46.47472;"03° 05' 10.00'' Est, 46° 28' 29.00'' Nord";"03202";"FRENIÈRE D'EN HAUT";"RÉSERVOIR FRENIERE D EN HAUT";"03210";"NOYANT-D'ALLIER";"Château d'eau - réservoir"; 3.0;"Syndicat des eaux, Adduction"
889873;3.04278;46.39417;"03° 02' 34.00'' Est, 46° 23' 39.00'' Nord";"03099";"LE LEVANT";"R.D 945";"03240";"DEUX-CHAISES";"Pylône autostable"; 30.4;"SFR"
911817;3.83667;46.45833;"03° 50' 12.00'' Est, 46° 27' 30.00'' Nord";"03177";;"LES CHARMES LES CHARMES";"03470";"MONETAY-SUR-LOIRE";"Château d'eau - réservoir"; 40.0;"Syndicat des eaux, Adduction"
911819;3.59861;46.53972;"03° 35' 55.00'' Est, 46° 32' 23.00'' Nord";"03283";;"PUY BAS";"03230";"THIEL-SUR-ACOLIN";"Château d'eau - réservoir"; 40.0;"Syndicat des eaux, Adduction"
911821;3.34194;46.58972;"03° 20' 31.00'' Est, 46° 35' 23.00'' Nord";"03013";"LES CAILLES";"RTE DE DECIZE CTRE D'EXPLOITATION";"03000";"AVERMES";"Pylône autostable"; 30.0;"DDE"
921414;3.69917;46.29917;"03° 41' 57.00'' Est, 46° 17' 57.00'' Nord";"03017";"PINCE-CUL";"LES GRANDS SIGNATS";"03120";"BARRAIS-BUSSOLLES";"Pylône autostable"; 41.0;"Titulaire programme Radio/TV"
928109;2.49889;46.32639;"02° 29' 56.00'' Est, 46° 19' 35.00'' Nord";"03212";"LES JUSTICES";;"03380";"QUINSSAINES";"Mât béton"; 16.0;"EDF GDF"
928112;2.49833;46.32694;"02° 29' 54.00'' Est, 46° 19' 37.00'' Nord";"03212";"LES JUSTICES";;"03380";"QUINSSAINES";"Pylône autostable"; 35.0;"DDE"
934211;3.43639;46.15222;"03° 26' 11.00'' Est, 46° 09' 08.00'' Nord";"03094";;"LA MONTAGNE VERTE";"03300";"CREUZIER-LE-VIEUX";"Château d'eau - réservoir"; 30.0;"Commune, communauté de commune"
935181;3.43472;46.12417;"03° 26' 05.00'' Est, 46° 07' 27.00'' Nord";"03310";;"BD DENIERE";"03200";"VICHY";"Bâtiment"; 30.0;"Etablissement de soins"
935195;3.09250;46.46889;"03° 05' 33.00'' Est, 46° 28' 08.00'' Nord";"03202";;"COTES MATRAS";"03210";"NOYANT-D'ALLIER";"Pylône autostable"; 30.0;"EDF GDF"
935211;3.33000;46.30194;"03° 19' 48.00'' Est, 46° 18' 07.00'' Nord";"03254";;"BRIAILLES";"03500";"SAINT-POURCAIN-SUR-SIOULE";"Château d'eau - réservoir"; 45.0;"Commune, communauté de commune"
937108;3.67917;46.51889;"03° 40' 45.00'' Est, 46° 31' 08.00'' Nord";"03102";;"12 R JEAN DE LINGENDES";"03290";"DOMPIERRE-SUR-BESBRE";"Bâtiment"; 15.0;"Commune, communauté de commune"
938384;2.80417;46.19972;"02° 48' 15.00'' Est, 46° 11' 59.00'' Nord";"03047";"LES AUCHES";"RD 153";"03600";"LA CELLE";"Pylône autostable"; 29.0;"EDF GDF"
947170;3.43861;46.12083;"03° 26' 19.00'' Est, 46° 07' 15.00'' Nord";"03310";;"36 R SIDI BRAHIM";"03200";"VICHY";"Bâtiment"; 29.8;"Société HLM"
948163;2.59417;46.34944;"02° 35' 39.00'' Est, 46° 20' 58.00'' Nord";"03185";;"13 RUE SAINTE GENEVIEVE AGENCE EXPLOITATION GRDF";"03100";"MONTLUCON";"Bâtiment"; 8.0;"EDF GDF"
948166;2.60278;46.33056;"02° 36' 10.00'' Est, 46° 19' 50.00'' Nord";"03185";;"3 RUE MARCEL PAUL AGENCE EXPLOITATION ERDF";"03100";"MONTLUCON";"Bâtiment"; 20.0;"EDF GDF"
948181;2.60417;46.32056;"02° 36' 15.00'' Est, 46° 19' 14.00'' Nord";"03185";;"R DU GOUR DU PUY POSTE HT RTE";"03100";"MONTLUCON";"Bâtiment"; 7.0;"EDF GDF"
948555;3.46167;46.10250;"03° 27' 42.00'' Est, 46° 06' 09.00'' Nord";"03306";"LE CHAMP DE LAFOND";"R DU VIEUX FOUR";"03200";"LE VERNET";"Pylône autostable"; 16.0;"Titulaire programme Radio/TV"
948690;3.43472;46.13417;"03° 26' 05.00'' Est, 46° 08' 03.00'' Nord";"03095";;"104 ALLÉE MESDAMES POSTE SOURCE ET AGENCE EXPLOITATION ERDF";"03300";"CUSSET";"Bâtiment"; 8.0;"EDF GDF"
951318;3.20667;46.09917;"03° 12' 24.00'' Est, 46° 05' 57.00'' Nord";"03118";;"2 AVENUE PIERRE MENDES FRANCE POSTE HT";"03800";"GANNAT";"Bâtiment"; 6.0;"EDF GDF"
951320;3.46528;46.07556;"03° 27' 55.00'' Est, 46° 04' 32.00'' Nord";"03264";;"LA FONT PIRÉE 130 AVENUE DE VICHY POSTE EDF";"03270";"SAINT-YORRE";"Bâtiment"; 6.0;"EDF GDF"
951324;3.40861;46.30500;"03° 24' 31.00'' Est, 46° 18' 18.00'' Nord";"03298";;"58 ROUTE DE CRECHY POSTE SOURCE HT";"03150";"VARENNES-SUR-ALLIER";"Bâtiment"; 6.0;"EDF GDF"
951326;3.06361;46.58000;"03° 03' 49.00'' Est, 46° 34' 48.00'' Nord";"03036";"LES GENIVRES";"RD 134 POSTE SOURCE HT";"03160";"BOURBON-L'ARCHAMBAULT";"Mât métallique"; 2.0;"EDF GDF"
951700;2.85028;46.41000;"02° 51' 01.00'' Est, 46° 24' 36.00'' Nord";"03315";;"LE PUY CHABRIT POSTE SOURCE HT RD 16";"03430";"VILLEFRANCHE-D'ALLIER";"Bâtiment"; 6.0;"EDF GDF"
951901;3.69222;46.51639;"03° 41' 32.00'' Est, 46° 30' 59.00'' Nord";"03102";"LES THOMASSOTS";"CHEMIN DE BEL AIR POSTE SOURCE HT";"03290";"DOMPIERRE-SUR-BESBRE";"Mât"; 9.0;"EDF GDF"
951905;3.36278;46.57083;"03° 21' 46.00'' Est, 46° 34' 15.00'' Nord";"03321";;"16 RUE DU REPOS POSTE SOURCE HT";"03400";"YZEURE";"Bâtiment"; 3.0;"EDF GDF"
951907;2.64500;46.53667;"02° 38' 42.00'' Est, 46° 32' 12.00'' Nord";"03297";"LES CAMPAGNES";"RD 110 POSTE SOURCE HT";"03190";"VALLON-EN-SULLY";"Bâtiment"; 8.0;"EDF GDF"
953474;2.75556;46.28806;"02° 45' 20.00'' Est, 46° 17' 17.00'' Nord";"03082";;"RUE BERTHET DU PLAVERET POSTE SOURCE HT";"03600";"COMMENTRY";"Bâtiment"; 10.0;"EDF GDF"
957637;3.65472;46.60417;"03° 39' 17.00'' Est, 46° 36' 15.00'' Nord";"03019";"LA CURESSE";"CHEM LES GLATTES";"03230";"BEAULON";"Pylône autostable"; 24.0;"ORANGE Services Fixes"
959400;2.59028;46.38694;"02° 35' 25.00'' Est, 46° 23' 13.00'' Nord";"03262";"POSTE HT DE LA DURRE";"POSTE HT DE LA DURRE RD 301";"03410";"SAINT-VICTOR";"Pylône autostable"; 20.0;"EDF GDF"
959799;2.60472;46.32056;"02° 36' 17.00'' Est, 46° 19' 14.00'' Nord";"03185";;"R DU GOUR DU PUY-PYLONE";"03100";"MONTLUCON";"Pylône autostable"; 30.0;"EDF GDF"
980438;2.63194;46.33111;"02° 37' 55.00'' Est, 46° 19' 52.00'' Nord";"03185";"MARIGNON";"LIEU-DIT";"03100";"MONTLUCON";"Pylône autostable"; 22.6;"BOUYGUES"
989049;3.42806;46.13444;"03° 25' 41.00'' Est, 46° 08' 04.00'' Nord";"03310";;"1 RUE DE TOURS";"03200";"VICHY";"Bâtiment"; 16.0;"Copropriété, Syndic, SCI"
995647;2.57833;46.34389;"02° 34' 42.00'' Est, 46° 20' 38.00'' Nord";"03185";;"1 ALLÉE JEAN NEGRE";"03100";"MONTLUCON";"Immeuble"; 34.4;"Société HLM"
1014653;2.57556;46.33083;"02° 34' 32.00'' Est, 46° 19' 51.00'' Nord";"03185";;"8 AVENUE DU FONTBOUILLANT BÂTIMENT E";"03100";"MONTLUCON";"Immeuble"; 26.8;"Société HLM"
1014765;3.30639;46.49778;"03° 18' 23.00'' Est, 46° 29' 52.00'' Nord";"03073";"FAISANDERIE";;"03210";"CHEMILLY";"Pylône autostable"; 23.0;"Société Privée SA"
1026808;3.68139;46.12611;"03° 40' 53.00'' Est, 46° 07' 34.00'' Nord";"03066";"LA CENTRALE";"LA BESBRE";"03250";"CHATEL-MONTAGNE";"Bâtiment"; 16.0;"EDF GDF"
1027087;3.66028;46.62972;"03° 39' 37.00'' Est, 46° 37' 47.00'' Nord";"03120";"LE CANAL";"PD 20KV LE PRE BON RD 973";"03230";"GARNAT-SUR-ENGIEVRE";"Bâtiment"; 12.0;"EDF GDF"
1027119;3.63500;46.24111;"03° 38' 06.00'' Est, 46° 14' 28.00'' Nord";"03138";;"9 RUE PIESSAT PS 63 KV";"03120";"LAPALISSE";"Bâtiment"; 12.0;"EDF GDF"
1031191;3.79833;46.36222;"03° 47' 54.00'' Est, 46° 21' 44.00'' Nord";"03103";"LES BERNARDS";"MALAGARNIS";"03130";"LE DONJON";"Bâtiment"; 6.0;"EDF GDF"
1037538;3.41167;46.15778;"03° 24' 42.00'' Est, 46° 09' 28.00'' Nord";"03094";;"ZONE INSDUSTRIELLE DE VICHY-RHUE D 174 COSMÉTIQUE ACTIVE PRODUCTION";"03300";"CREUZIER-LE-VIEUX";"Bâtiment"; 10.0;"Société Privée SA"
1038667;3.28250;46.30167;"03° 16' 57.00'' Est, 46° 18' 06.00'' Nord";"03254";;"CHATEAU D EAU 18 RTE DE CHANTELLE D 987";"03500";"SAINT-POURCAIN-SUR-SIOULE";"Château d'eau - réservoir"; 35.0;"Commune, communauté de commune"
1038669;3.34361;46.22222;"03° 20' 37.00'' Est, 46° 13' 20.00'' Nord";"03227";"D218";"CHATEAU D EAU";"03110";"SAINT-DIDIER-LA-FORET";"Château d'eau - réservoir"; 35.0;"Commune, communauté de commune"
1038671;3.43389;46.19167;"03° 26' 02.00'' Est, 46° 11' 30.00'' Nord";"03236";;"RESERVOIR DES MOUILLERES";"03260";"SAINT-GERMAIN-DES-FOSSES";"Château d'eau - réservoir"; 5.0;"Commune, communauté de commune"
1038673;3.40028;46.27972;"03° 24' 01.00'' Est, 46° 16' 47.00'' Nord";"03204";;"STATION DE POMPAGE DES MOTTES";"03500";"PARAY-SOUS-BRIAILLES";"Bâtiment"; 5.0;"Commune, communauté de commune"
1038675;3.44000;46.24111;"03° 26' 24.00'' Est, 46° 14' 28.00'' Nord";"03029";;"SOURCE DE LA PEPIE";"03260";"BILLY";"Château d'eau - réservoir"; 5.0;"Commune, communauté de commune"
1038677;3.41833;46.23472;"03° 25' 06.00'' Est, 46° 14' 05.00'' Nord";"03160";;"STATION POMPAGE RTE DE BILLY";"03260";"MARCENAT";"Bâtiment"; 10.0;"Commune, communauté de commune"
1038679;3.36972;46.32250;"03° 22' 11.00'' Est, 46° 19' 21.00'' Nord";"03298";;"PONT DE CHAZEUIL STATION DE POMPAGE";"03150";"VARENNES-SUR-ALLIER";"Bâtiment"; 5.0;"Commune, communauté de commune"
1038681;3.28250;46.29500;"03° 16' 57.00'' Est, 46° 17' 42.00'' Nord";"03254";;"STATION POMPAGE DE RATONNIERE";"03500";"SAINT-POURCAIN-SUR-SIOULE";"Bâtiment"; 5.0;"Commune, communauté de commune"
1038683;3.41917;46.19167;"03° 25' 09.00'' Est, 46° 11' 30.00'' Nord";"03236";;"STATION POMPAGE DU PONT NOIR";"03260";"SAINT-GERMAIN-DES-FOSSES";"Bâtiment"; 5.0;"Commune, communauté de commune"
1038685;3.43917;46.18611;"03° 26' 21.00'' Est, 46° 11' 10.00'' Nord";"03093";;"RESERVOIR DES AUDRIES";"03300";"CREUZIER-LE-NEUF";"Château d'eau - réservoir"; 5.0;"Commune, communauté de commune"
1038687;3.44889;46.16806;"03° 26' 56.00'' Est, 46° 10' 05.00'' Nord";"03093";;"RESERVOIR DES COMBES";"03300";"CREUZIER-LE-NEUF";"Château d'eau - réservoir"; 5.0;"Commune, communauté de commune"
1038703;3.43639;46.21583;"03° 26' 11.00'' Est, 46° 12' 57.00'' Nord";"03029";;"LES PERRIERES";"03260";"BILLY";"Bâtiment"; 6.0;"Commune, communauté de commune"
1041593;3.30194;46.52611;"03° 18' 07.00'' Est, 46° 31' 34.00'' Nord";"03040";"LES CHEVALIERS";"D227";"03000";"BRESSOLLES";"Pylône autostable"; 45.0;"Lagardère Active Média"
1041794;3.42861;46.12444;"03° 25' 43.00'' Est, 46° 07' 28.00'' Nord";"03310";;"14 PLACE DE L HOTEL DE VILLE";"03200";"VICHY";"Bâtiment"; 25.0;"Commune, communauté de commune"
1053956;3.32917;46.30056;"03° 19' 45.00'' Est, 46° 18' 02.00'' Nord";"03254";"LE HAUT DE BRIAILLES";"CHEMIN DE L'ENCLOS DE BRIAILLES";"03500";"SAINT-POURCAIN-SUR-SIOULE";"Pylône autostable"; 34.0;"DDE"
1082698;3.75861;46.28333;"03° 45' 31.00'' Est, 46° 16' 60.00'' Nord";"03147";"BARAUD";"L AMIDON CHATEAU D EAU";"03130";"LODDES";"Château d'eau - réservoir"; 5.0;"Syndicat des eaux, Adduction"
1180441;3.62444;46.51000;"03° 37' 28.00'' Est, 46° 30' 36.00'' Nord";"03253";"LA TUILERIE";"PARC D'ATTRACTIONS   D181";"03290";"SAINT-POURCAIN-SUR-BESBRE";"Pylône autostable"; 35.0;"ORANGE"
1187118;3.47528;46.23111;"03° 28' 31.00'' Est, 46° 13' 52.00'' Nord";"03232";;"CHATEAU D'EAU DE ST FELIX D430";"03260";"SAINT-FELIX";"Château d'eau - réservoir"; 40.0;"Commune, communauté de commune"
1193605;3.16917;46.18750;"03° 10' 09.00'' Est, 46° 11' 15.00'' Nord";"03062";;"RUE DE LA MARCHE BATIMENT AGRICOLE";"03140";"CHARROUX";"Bâtiment"; 12.0;"Société Privée SA"
1196026;3.40639;46.30139;"03° 24' 23.00'' Est, 46° 18' 05.00'' Nord";"03298";"LES BONNETS";"CHEMIN COMMUNAL N°2";"03150";"VARENNES-SUR-ALLIER";"Pylône autostable"; 33.0;"TDF"
1198082;2.64056;46.16583;"02° 38' 26.00'' Est, 46° 09' 57.00'' Nord";"03161";"LA GRANGE";;"03420";"MARCILLAT-EN-COMBRAILLE";"Pylône haubané"; 36.0;"Société Privée SA"
1198542;3.28639;46.36056;"03° 17' 11.00'' Est, 46° 21' 38.00'' Nord";"03083";"LA PIERRE CORBE";"RN 9";"03500";"CONTIGNY";"Château d'eau - réservoir"; 27.0;"Commune, communauté de commune"
1297314;3.70333;46.05778;"03° 42' 12.00'' Est, 46° 03' 28.00'' Nord";"03224";"LA SALETTE";"D. 120";"03250";"SAINT-CLEMENT";"Pylône tubulaire"; 12.0;"ORANGE Services Fixes"
1305729;3.06667;46.58583;"03° 04' 00.00'' Est, 46° 35' 09.00'' Nord";"03036";;"R DU PIED DE LA FOURCHE";"03160";"BOURBON-L'ARCHAMBAULT";"Silo"; 28.3;"Coopérative Agricole, Vinicole"
1314607;3.22250;46.11194;"03° 13' 21.00'' Est, 46° 06' 43.00'' Nord";"03118";;"LA CROIX VALET";"03800";"GANNAT";"Pylône autostable"; 25.0;"SNCF Réseau"
1344575;3.48250;46.07167;"03° 28' 57.00'' Est, 46° 04' 18.00'' Nord";"03264";"LES VIGNES DE LA CÔTE";"AV DE BELLEVUE";"03270";"SAINT-YORRE";"Pylône autostable"; 32.4;"SFR"
1352232;3.41194;46.33917;"03° 24' 43.00'' Est, 46° 20' 21.00'' Nord";"03298";"LES BRUYÈRES";;"03150";"VARENNES-SUR-ALLIER";"Château d'eau - réservoir"; 22.0;"Syndicat des eaux, Adduction"
1371854;3.35389;46.15667;"03° 21' 14.00'' Est, 46° 09' 24.00'' Nord";"03304";"LES BAISSES";;"03110";"VENDAT";"Pylône autostable"; 30.0;"SNCF Réseau"
1371860;3.42944;46.26472;"03° 25' 46.00'' Est, 46° 15' 53.00'' Nord";"03091";;"AVENUE DE LA GARE";"03150";"CRECHY";"Pylône autostable"; 30.0;"SNCF Réseau"
1371862;3.57667;46.21444;"03° 34' 36.00'' Est, 46° 12' 52.00'' Nord";"03028";"LE PONSUT";"0";"03120";"BILLEZOIS";"Pylône autostable"; 20.0;"SNCF Réseau"
1371864;3.69222;46.19833;"03° 41' 32.00'' Est, 46° 11' 54.00'' Nord";"03042";"LES JACOBS";;"03120";"LE BREUIL";"Pylône autostable"; 25.0;"SNCF Réseau"
1371868;3.39528;46.18250;"03° 23' 43.00'' Est, 46° 10' 57.00'' Nord";"03258";"LA CHAUME CHAMBON";"RUE DE LA GARE";"03110";"SAINT-REMY-EN-ROLLAT";"Pylône autostable"; 20.0;"SNCF Réseau"
1371870;3.43556;46.20056;"03° 26' 08.00'' Est, 46° 12' 02.00'' Nord";"03236";"CHAMP FAVARD";;"03260";"SAINT-GERMAIN-DES-FOSSES";"Pylône autostable"; 25.0;"SNCF Réseau"
1371874;3.63306;46.22944;"03° 37' 59.00'' Est, 46° 13' 46.00'' Nord";"03257";"LA GARE";"RUE DE LA GARE";"03120";"SAINT-PRIX";"Pylône autostable"; 25.0;"SNCF Réseau"
1388157;3.43944;46.09000;"03° 26' 22.00'' Est, 46° 05' 24.00'' Nord";"03126";;"RUE DES VIGNES";"03270";"HAUTERIVE";"Pylône autostable"; 20.0;"SNCF Réseau"
1388227;3.35917;46.44306;"03° 21' 33.00'' Est, 46° 26' 35.00'' Nord";"03025";"LES BOURGEONS";"ROUTE DE LA FERTÉ";"03340";"BESSAY-SUR-ALLIER";"Pylône tubulaire"; 25.0;"SNCF Réseau"
1388474;3.36000;46.49972;"03° 21' 36.00'' Est, 46° 29' 59.00'' Nord";"03286";"LES GRIS";"0";"03400";"TOULON-SUR-ALLIER";"Pylône autostable"; 20.0;"SNCF Réseau"
1388482;3.28667;46.62056;"03° 17' 12.00'' Est, 46° 37' 14.00'' Nord";"03290";"LA PERCHE";;"03460";"TREVOL";"Pylône autostable"; 25.0;"SNCF Réseau"
1393860;3.09917;46.22306;"03° 05' 57.00'' Est, 46° 13' 23.00'' Nord";"03022";;"MONTCHOISY";"03330";"BELLENAVES";"Pylône autostable"; 26.0;"TDF"
1395670;3.77667;46.19833;"03° 46' 36.00'' Est, 46° 11' 54.00'' Nord";"03250";"PRÉ DE LA FONTAINE";"0";"42620";"SAINT-PIERRE-LAVAL";"Pylône autostable"; 25.0;"SNCF Réseau"
1396012;3.41361;46.15861;"03° 24' 49.00'' Est, 46° 09' 31.00'' Nord";"03094";;"42 R DE L'INDUSTRIE";"03300";"CREUZIER-LE-VIEUX";"Pylône autostable"; 25.0;"SFR"
1398485;3.43389;46.12083;"03° 26' 02.00'' Est, 46° 07' 15.00'' Nord";"03310";;"BOULEVARD DE LHÔPITAL";"03200";"VICHY";"Pylône tubulaire"; 20.0;"SNCF Réseau"
1403197;3.44333;46.09889;"03° 26' 36.00'' Est, 46° 05' 56.00'' Nord";"03001";;"RUE DU CHÂTEAU PLACE JEAN MOULIN";"03200";"ABREST";"Mât métallique"; 2.6;"SNCF Réseau"
1413350;2.60222;46.34000;"02° 36' 08.00'' Est, 46° 20' 24.00'' Nord";"03185";;"PL EDOUARD PIQUAND LA POSTE";"03100";"MONTLUCON";"Bâtiment"; 27.0;"ORANGE Services Fixes"
1413351;2.60333;46.34000;"02° 36' 12.00'' Est, 46° 20' 24.00'' Nord";"03185";;"RUE DES SERRURIERS TOUR DU VIEUX CHATEAU";"03100";"MONTLUCON";"Monument historique"; 30.0;"Commune, communauté de commune"
1419994;3.33750;46.56583;"03° 20' 15.00'' Est, 46° 33' 57.00'' Nord";"03190";;"16 R BARDON 27 R DESTANNERIES";"03000";"MOULINS";"Immeuble"; 21.0;"ORANGE Services Fixes"
1422079;3.48917;46.20722;"03° 29' 21.00'' Est, 46° 12' 26.00'' Nord";"03273";"LA SOUCHERIE ET LE PERROUX";"ROUTE DE LAPALISSE";"03260";"SEUILLET";"Pylône autostable"; 25.0;"SNCF Réseau"
1439220;3.44306;46.21528;"03° 26' 35.00'' Est, 46° 12' 55.00'' Nord";"03273";"LE COQUET";"PRÈS RESERVOIR";"03260";"SEUILLET";"Pylône autostable"; 22.0;"TDF"
1439256;3.15528;46.12917;"03° 09' 19.00'' Est, 46° 07' 45.00'' Nord";"03021";;"RUE DES BONDÉS PRÈS DU CIMETIÈRE";"03800";"BEGUES";"Pylône autostable"; 30.0;"TDF"
1440232;2.83111;46.32750;"02° 49' 52.00'' Est, 46° 19' 39.00'' Nord";"03027";"LE PUY POCHIN";"D 488";"03170";"BEZENET";"Pylône autostable"; 35.0;"TDF"
1440772;3.48444;46.59667;"03° 29' 04.00'' Est, 46° 35' 48.00'' Nord";"03156";"LE MONT";"CHATEAU D'EAU";"03230";"LUSIGNY";"Château d'eau - réservoir"; 40.0;"Syndicat des eaux, Adduction"
1440774;3.41778;46.45944;"03° 25' 04.00'' Est, 46° 27' 34.00'' Nord";"03197";"LA PÉPIE";"ROUTE DE BESSAY";"03340";"NEUILLY-LE-REAL";"Château d'eau - réservoir"; 45.0;"Commune, communauté de commune"
1444360;2.61028;46.31778;"02° 36' 37.00'' Est, 46° 19' 04.00'' Nord";"03185";;"11 RUE DES PLANTES";"03100";"MONTLUCON";"Pylône autostable"; 20.0;"SFR"
1449124;3.47361;46.27611;"03° 28' 25.00'' Est, 46° 16' 34.00'' Nord";"03137";"GRANLAS";;"03150";"LANGY";"Mât béton"; 12.0;"Société Privée SA"
1449779;3.29056;46.27389;"03° 17' 26.00'' Est, 46° 16' 26.00'' Nord";"03018";"LES MORANDES";"D2009 RADIO POSTE SOURCE";"03500";"BAYET";"Bâtiment"; 8.0;"EDF GDF"
1453008;3.34417;46.54611;"03° 20' 39.00'' Est, 46° 32' 46.00'' Nord";"03321";;"R DU PARC D'ARTILLERIE PARKING Z.I.";"03400";"YZEURE";"Pylône autostable"; 25.0;"SFR"
1455592;3.64167;46.42722;"03° 38' 30.00'' Est, 46° 25' 38.00'' Nord";"03300";"LES ROLLANDS";;"03220";"VAUMAS";"Mât béton"; 12.0;"Société Privée SA"
1467486;3.31361;46.56917;"03° 18' 49.00'' Est, 46° 34' 09.00'' Nord";"03190";;"RTE DE MONTILLY SABLIÈRES DE MOULINS";"03000";"MOULINS";"Pylône autostable"; 30.0;"SFR"
1468576;3.66806;46.50861;"03° 40' 05.00'' Est, 46° 30' 31.00'' Nord";"03102";;"CHATEAU D EAU LE MEAGE";"03290";"DOMPIERRE-SUR-BESBRE";"Château d'eau - réservoir"; 45.0;"Syndicat des eaux, Adduction"
1468810;3.39194;46.31806;"03° 23' 31.00'' Est, 46° 19' 05.00'' Nord";"03298";;"AVENUE DE LA GARE";"03150";"VARENNES-SUR-ALLIER";"Pylône tubulaire"; 25.0;"SNCF Réseau"
1468983;3.31306;46.12611;"03° 18' 47.00'' Est, 46° 07' 34.00'' Nord";"03110";"PRE POIRIER";;"03110";"ESPINASSE-VOZELLE";"Pylône autostable"; 25.0;"SNCF Réseau"
1471112;3.28444;46.30417;"03° 17' 04.00'' Est, 46° 18' 15.00'' Nord";"03254";;"31 B R CHAMP FEUILLET";"03500";"SAINT-POURCAIN-SUR-SIOULE";"Pylône autostable"; 24.0;"FPS TOWERS"
1471364;3.44278;46.21500;"03° 26' 34.00'' Est, 46° 12' 54.00'' Nord";"03273";;"RESERVOIR DU COQUET";"03260";"SEUILLET";"Château d'eau - réservoir"; 5.0;"Syndicat des eaux, Adduction"
1473602;2.60944;46.34167;"02° 36' 34.00'' Est, 46° 20' 30.00'' Nord";"03185";;"18 AV DU 8 MAI 45 HOPITAL";"03100";"MONTLUCON";"Bâtiment"; 20.0;"Etablissement de soins"
1475180;3.31444;46.30556;"03° 18' 52.00'' Est, 46° 18' 20.00'' Nord";"03254";"LE GRAND PICHOT";;"03500";"SAINT-POURCAIN-SUR-SIOULE";"Pylône tubulaire"; 30.0;"SFR"
1479172;3.79083;46.20444;"03° 47' 27.00'' Est, 46° 12' 16.00'' Nord";"03250";"ROC DE FEYTHIERE";;"42620";"SAINT-PIERRE-LAVAL";"Tunnel"; 5.8;"SNCF Réseau"
1479174;3.79389;46.20806;"03° 47' 38.00'' Est, 46° 12' 29.00'' Nord";"03250";"SOUS LA ROUTE";;"42620";"SAINT-PIERRE-LAVAL";"Tunnel"; 5.8;"SNCF Réseau"
1483133;3.78389;46.19694;"03° 47' 02.00'' Est, 46° 11' 49.00'' Nord";"03250";"LA GOUTTE";"ETANG DE MONTVERNAY";"42620";"SAINT-PIERRE-LAVAL";"Mât métallique"; 10.0;"SNCF Réseau"
1486609;3.70333;46.52139;"03° 42' 12.00'' Est, 46° 31' 17.00'' Nord";"03102";"LE GRAND CHAMP";;"03290";"DOMPIERRE-SUR-BESBRE";"Pylône autostable"; 25.5;"TDF"
1494864;3.33389;46.56889;"03° 20' 02.00'' Est, 46° 34' 08.00'' Nord";"03190";;"1 RUE VICTOR HUGO";"03000";"MOULINS";"Immeuble"; 15.0;"Conseil Général"
1501740;3.43194;46.12917;"03° 25' 55.00'' Est, 46° 07' 45.00'' Nord";"03310";;"3 RUE DE L'IMPRIMERIE";"03200";"VICHY";"Bâtiment"; 10.0;"Association"
1502359;3.48861;46.12194;"03° 29' 19.00'' Est, 46° 07' 19.00'' Nord";"03095";;"LES JUSTICES D 62";"03300";"CUSSET";"Pylône autostable"; 18.0;"Société Privée SA"
1512275;3.34111;46.56444;"03° 20' 28.00'' Est, 46° 33' 52.00'' Nord";"03190";;"76 R DENIS PAPIN";"03000";"MOULINS";"Pylône tubulaire"; 30.0;"SFR"
1518283;2.93944;46.72444;"02° 56' 22.00'' Est, 46° 43' 28.00'' Nord";"03155";;"RUE DE PAULAT";"03320";"LURCY-LEVIS";"Pylône autostable"; 23.3;"TDF"
1527197;3.05833;46.58278;"03° 03' 30.00'' Est, 46° 34' 58.00'' Nord";"03036";;"R DE BEL AIR GROUPE SCOL. ST GEORGES";"03160";"BOURBON-L'ARCHAMBAULT";"Pylône autostable"; 27.0;"TDF"
1532352;2.57833;46.33083;"02° 34' 42.00'' Est, 46° 19' 51.00'' Nord";"03185";;"3 ALLEE DE CLAIREFONTAINE";"03100";"MONTLUCON";"Immeuble"; 36.0;"Société HLM"
1535175;2.65694;46.28444;"02° 39' 25.00'' Est, 46° 17' 04.00'' Nord";"03195";"LE COLOMBIER";"R DE ST-JOSEPH";"03310";"NERIS-LES-BAINS";"Pylône autostable"; 28.0;"FPS TOWERS"
1540771;2.49472;46.32583;"02° 29' 41.00'' Est, 46° 19' 33.00'' Nord";"03212";"LES JUSTICES";;"03380";"QUINSSAINES";"Pylône autostable"; 43.0;"Itas Tim"
1542559;3.22556;46.32889;"03° 13' 32.00'' Est, 46° 19' 44.00'' Nord";"03038";;"RUE DU STADE";"03500";"BRANSAT";"Mât béton"; 12.0;"Société Privée SA"
1542565;3.61361;46.23778;"03° 36' 49.00'' Est, 46° 14' 16.00'' Nord";"03138";"BEL-AIR";"CHÂTEAU D'EAU DE LAPALISSE";"03120";"LAPALISSE";"Mât béton"; 12.0;"Société Privée SA"
1542567;2.87806;46.72528;"02° 52' 41.00'' Est, 46° 43' 31.00'' Nord";"03155";"LA PLATRIÈRE";;"03320";"LURCY-LEVIS";"Mât béton"; 12.0;"Société Privée SA"
1542571;3.47528;46.23083;"03° 28' 31.00'' Est, 46° 13' 51.00'' Nord";"03232";"CHÂTEAU D'EAU DE ST FÉLIX";"D340";"03260";"SAINT-FELIX";"Château d'eau - réservoir"; 25.0;"Société Privée SA"
1543978;3.15583;46.18194;"03° 09' 21.00'' Est, 46° 10' 55.00'' Nord";"03062";"LA CHAUME DES VENTS";;"03140";"CHARROUX";"Château d'eau - réservoir"; 26.0;"Société Privée SA"
1548291;2.60194;46.34583;"02° 36' 07.00'' Est, 46° 20' 45.00'' Nord";"03185";;"15 R PABLO PICASSO CTRE COMMERCIAL ST JACQUES";"03100";"MONTLUCON";"Bâtiment"; 10.0;"Association"
1551967;2.97361;46.32917;"02° 58' 25.00'' Est, 46° 19' 45.00'' Nord";"03270";;"CHATEAU D'EAU DE SAZERET, D 945";"03390";"SAZERET";"Château d'eau - réservoir"; 33.0;"Syndicat des eaux, Adduction"
1554172;3.31472;46.14111;"03° 18' 53.00'' Est, 46° 08' 28.00'' Nord";"03110";;"A719 LE BOIS CLAIR LES GRANDS GAUDONS";"03110";"ESPINASSE-VOZELLE";"Pylône autostable"; 29.0;"TDF"
1554692;3.13667;46.10306;"03° 08' 12.00'' Est, 46° 06' 11.00'' Nord";"03118";;"D216 SITE DE GANNAT LES CHILLINS APRR";"03800";"GANNAT";"Bâtiment"; 6.0;"Sociétés d'Autoroutes"
1558980;2.58250;46.34083;"02° 34' 57.00'' Est, 46° 20' 27.00'' Nord";"03185";;"52 AVENUE JULES GUESDES";"03100";"MONTLUCON";"Bâtiment"; 15.0;"Société Privée SA"
1559468;3.31889;46.58611;"03° 19' 08.00'' Est, 46° 35' 10.00'' Nord";"03013";;"CHEMIN DU PONT DU DIABLE";"03000";"AVERMES";"Pylône autostable"; 25.1;"IFW-FREE"
1559472;3.36389;46.56222;"03° 21' 50.00'' Est, 46° 33' 44.00'' Nord";"03321";;"BOULEVARD LOUIS GUILLOT";"03400";"YZEURE";"Pylône tubulaire"; 25.0;"IFW-FREE"
1566519;3.38306;46.53639;"03° 22' 59.00'' Est, 46° 32' 11.00'' Nord";"03321";"MILLEPERTUIS";"D. 526 STADE MILLEPERTUIS";"03400";"YZEURE";"Pylône tubulaire"; 31.0;"Commune, communauté de commune"
1570752;2.57944;46.18972;"02° 34' 46.00'' Est, 46° 11' 23.00'' Nord";"03206";"LES COMBEAUX";;"03420";"LA PETITE-MARCHE";"Mât béton"; 12.0;"Société Privée SA"
1574716;2.96333;46.32528;"02° 57' 48.00'' Est, 46° 19' 31.00'' Nord";"03186";;"465 RTE DE MOULIN";"03390";"MONTMARAULT";"Pylône autostable"; 35.7;"SFR"
1576427;2.49833;46.32694;"02° 29' 54.00'' Est, 46° 19' 37.00'' Nord";"03212";;"LES JUSTICES";"03380";"QUINSSAINES";"Pylône autostable"; 25.0;"Conseil Général"
1576581;2.71750;46.36556;"02° 43' 03.00'' Est, 46° 21' 56.00'' Nord";"03217";"LES BOTTES";"RD 33";"03170";"SAINT-ANGEL";"Pylône autostable"; 30.0;"SFR"
1577895;3.09222;46.46889;"03° 05' 32.00'' Est, 46° 28' 08.00'' Nord";"03202";;"COTES MATRAS";"03210";"NOYANT-D'ALLIER";"Pylône autostable"; 30.0;"Conseil Général"
1583303;3.06889;46.59556;"03° 04' 08.00'' Est, 46° 35' 44.00'' Nord";"03036";"LES HORMETINS";;"03160";"BOURBON-L'ARCHAMBAULT";"Pylône autostable"; 27.0;"SFR"
1586188;3.42222;46.46667;"03° 25' 20.00'' Est, 46° 28' 00.00'' Nord";"03197";"ZONE DES GAMBADES";;"03340";"NEUILLY-LE-REAL";"Pylône autostable"; 25.3;"IFW-FREE"
1592257;3.52222;46.53056;"03° 31' 20.00'' Est, 46° 31' 50.00'' Nord";"03283";"BOIS DES MOLAISES";"CHEMIN DÉPARTEMENTAL N° 12,";"03230";"THIEL-SUR-ACOLIN";"Pylône autostable"; 38.0;"TDF"
1597183;3.10694;46.52139;"03° 06' 25.00'' Est, 46° 31' 17.00'' Nord";"03170";"BRUYERE CHAUMIAU";;"03210";"MEILLERS";"Pylône autostable"; 33.0;"FPS TOWERS"
1597311;2.95056;46.55472;"02° 57' 02.00'' Est, 46° 33' 17.00'' Nord";"03320";"LES VERNES";;"03160";"YGRANDE";"Pylône autostable"; 27.0;"FPS TOWERS"
