Numéro du support;Longitude;Latitude;"Position";"Insee";"Lieu dit";"Adresse";"Code postal";"Commune";"Nature du support";Hauteur en m;"Propriétaire"
3630;6.62611;44.24667;"06° 37' 34.00'' Est, 44° 14' 48.00'' Nord";"04006";;"ALLOS - PONTS ET CHAUSSEES";"04260";"ALLOS";"Support non décrit";;
3638;6.60194;44.16556;"06° 36' 07.00'' Est, 44° 09' 56.00'' Nord";"04240";;"RTE DU PUY";"04370";"VILLARS-COLMARS";"Pylône autostable"; 17.0;"ORANGE Services Fixes"
3640;6.62917;44.24111;"06° 37' 45.00'' Est, 44° 14' 28.00'' Nord";"04006";;"7319, R DE LA SALLE DES FÊTES AUTOCOMMUTATEUR";"04260";"ALLOS";"Pylône autostable"; 23.0;"ORANGE Services Fixes"
3654;6.09194;43.81139;"06° 05' 31.00'' Est, 43° 48' 41.00'' Nord";"04166";"PLAINE DE BARBARO";;"04500";"RIEZ";"Pylône autostable"; 15.0;"ORANGE Services Fixes"
3656;5.78000;43.95944;"05° 46' 48.00'' Est, 43° 57' 34.00'' Nord";"04088";;"PL DU BOURGUET AUTOCOMMUTATEUR";"04300";"FORCALQUIER";"Pylône autostable"; 17.0;"ORANGE Services Fixes"
23522;6.08250;43.82028;"06° 04' 57.00'' Est, 43° 49' 13.00'' Nord";"04166";"PLAINE DES TOURETTES";"CHEM DU RELAIS";"04500";"RIEZ";"Pylône autostable"; 25.0;"HIVORY"
45238;5.56611;43.97722;"05° 33' 58.00'' Est, 43° 58' 38.00'' Nord";"04208";;"CHEM DÉPARTEMENTAL N°18 AUTOCOMMUTATEUR";"04150";"SIMIANE-LA-ROTONDE";"Pylône autostable"; 11.0;"ORANGE Services Fixes"
47768;5.97111;43.74583;"05° 58' 16.00'' Est, 43° 44' 45.00'' Nord";"04081";;"CHEMIN DES PLÈCHES D 82 AUTOCOMMUTATEUR";"04800";"ESPARRON-DE-VERDON";"Mât"; 5.0;"ORANGE Services Fixes"
51664;6.35389;44.35111;"06° 21' 14.00'' Est, 44° 21' 04.00'' Nord";"04205";"QUARTIER DU SERRE";"LE VILLAGE CIMÉTIÈRE";"04140";"SEYNE";"Pylône autostable"; 15.0;"ORANGE Services Fixes"
52421;6.64056;44.40361;"06° 38' 26.00'' Est, 44° 24' 13.00'' Nord";"04019";"LA VALLETTE";;"04400";"BARCELONNETTE";"Mât"; 6.0;"ORANGE Services Fixes"
52427;6.65389;44.38778;"06° 39' 14.00'' Est, 44° 23' 16.00'' Nord";"04019";;"PLACE PAUL REYNAUD LA POSTE";"04400";"BARCELONNETTE";"Bâtiment"; 12.0;"La Poste"
52434;6.72417;44.31889;"06° 43' 27.00'' Est, 44° 19' 08.00'' Nord";"04226";"LES LONGS";;"04400";"UVERNET-FOURS";"Pylône tubulaire"; 12.0;"ORANGE Services Fixes"
52439;5.63667;43.93111;"05° 38' 12.00'' Est, 43° 55' 52.00'' Nord";"04227";"LA GRANGE";"D 114";"04110";"VACHERES";"Pylône autostable"; 15.0;"ORANGE Services Fixes"
52477;6.51528;43.84611;"06° 30' 55.00'' Est, 43° 50' 46.00'' Nord";"04039";;"LA BOUDOUSQUE-ANCIENNE RTE DE NICE AUTOCOMMUTATEUR";"04120";"CASTELLANE";"Mât"; 7.0;"ORANGE Services Fixes"
71859;6.86833;43.95222;"06° 52' 06.00'' Est, 43° 57' 08.00'' Nord";"04076";;"LE PLAN DE PUGET";"04320";"ENTREVAUX";"Pylône autostable"; 21.0;"ORANGE"
89332;6.35250;43.75722;"06° 21' 09.00'' Est, 43° 45' 26.00'' Nord";"04144";"COLLET BARRIS";;"04120";"LA PALUD-SUR-VERDON";"Pylône autostable"; 16.0;"ORANGE Services Fixes"
89386;5.88528;43.75806;"05° 53' 07.00'' Est, 43° 45' 29.00'' Nord";"04094";;"AV ANDRÉ MALRAUX LE VILLAGE AUTOCOMMUTATEUR";"04800";"GREOUX-LES-BAINS";"Mât métallique"; 7.0;"ORANGE Services Fixes"
89405;6.01778;44.41278;"06° 01' 04.00'' Est, 44° 24' 46.00'' Nord";"04066";"LES AUPETTES";;"05110";"CURBANS";"Mât"; 4.0;"ORANGE Services Fixes"
89430;6.66639;43.96611;"06° 39' 59.00'' Est, 43° 57' 58.00'' Nord";"04008";;"PLACE DE LA MAIRIE LA POSTE";"04240";"ANNOT";"Bâtiment"; 7.0;"ORANGE Services Fixes"
91430;6.60444;44.37028;"06° 36' 16.00'' Est, 44° 22' 13.00'' Nord";"04226";;"PRA-LOUP";"04400";"UVERNET-FOURS";"Mât"; 6.0;"ORANGE Services Fixes"
116840;6.65083;44.38639;"06° 39' 03.00'' Est, 44° 23' 11.00'' Nord";"04019";"LA VALETTE";"33 R JULES BERAUD";"04400";"BARCELONNETTE";"Immeuble"; 24.0;"Particulier"
250283;6.62917;44.18194;"06° 37' 45.00'' Est, 44° 10' 55.00'' Nord";"04061";;"INCONNU BUREAU DES PONTS ET CHAUSSÉES";"04370";"COLMARS";"Bâtiment"; 15.0;
250289;6.23000;44.10139;"06° 13' 48.00'' Est, 44° 06' 05.00'' Nord";"04070";;"AV DEMONTZEY DIRECTION DÉPARTEMENTALE DU TERRITOIRE";"04000";"DIGNE-LES-BAINS";"Bâtiment"; 13.0;"Conseil Départemental"
250442;5.77750;43.83028;"05° 46' 39.00'' Est, 43° 49' 49.00'' Nord";"04112";;"MONTÉE DE TOUTES SURES";"04100";"MANOSQUE";"Bâtiment"; 14.0;
250444;5.95000;44.18361;"05° 57' 00.00'' Est, 44° 11' 01.00'' Nord";"04209";"LES PLANTIERS";"AV DE LA DURANCE";"04200";"SISTERON";"Bâtiment"; 19.0;"Commune, communauté de commune"
250474;6.02806;44.34222;"06° 01' 41.00'' Est, 44° 20' 32.00'' Nord";"04134";;"INCONNU";"04250";"LA MOTTE-DU-CAIRE";"Bâtiment"; 17.0;
250476;6.23361;44.09750;"06° 14' 01.00'' Est, 44° 05' 51.00'' Nord";"04070";;"42 BD VICTOR HUGO";"04000";"DIGNE-LES-BAINS";"Bâtiment"; 19.0;"Conseil Départemental"
250632;6.74556;44.45806;"06° 44' 44.00'' Est, 44° 27' 29.00'' Nord";"04062";;"INCONNU";"04530";"LA CONDAMINE-CHATELARD";"Bâtiment"; 13.0;
250644;6.43778;44.42833;"06° 26' 16.00'' Est, 44° 25' 42.00'' Nord";"04102";"GIE";"QUARTIER DE LA TRECOLO";"04340";"LE LAUZET-UBAYE";"Bâtiment"; 20.0;
250646;6.36278;44.35222;"06° 21' 46.00'' Est, 44° 21' 08.00'' Nord";"04205";;"INCONNU";"04140";"SEYNE";"Bâtiment"; 14.0;
250657;6.67000;43.96306;"06° 40' 12.00'' Est, 43° 57' 47.00'' Nord";"04008";;"AV DU FOULON D 908";"04240";"ANNOT";"Bâtiment"; 14.0;"Conseil Départemental"
250671;6.36056;43.95417;"06° 21' 38.00'' Est, 43° 57' 15.00'' Nord";"04022";;"INCONNU";"04330";"BARREME";"Pylône autostable"; 11.0;
250748;5.92028;43.92000;"05° 55' 13.00'' Est, 43° 55' 12.00'' Nord";"04143";;"AV FRANCIS RICHARD";"04700";"ORAISON";"Bâtiment"; 13.0;
250848;6.50639;43.96806;"06° 30' 23.00'' Est, 43° 58' 05.00'' Nord";"04173";;"CHEM ST FRANCOIS";"04170";"SAINT-ANDRE-LES-ALPES";"Bâtiment"; 12.0;"Conseil Départemental"
250850;5.66111;43.88278;"05° 39' 40.00'' Est, 43° 52' 58.00'' Nord";"04160";"QUARTIER PEYROURET";"RTE DE VACHÈRES D 14";"04110";"REILLANNE";"Pylône autostable"; 13.0;
250881;6.87778;44.44694;"06° 52' 40.00'' Est, 44° 26' 49.00'' Nord";"04120";"LES PLATES";;"04530";"MEYRONNES";"Pylône autostable"; 12.0;"Etat, Ministère"
253469;6.34139;44.26472;"06° 20' 29.00'' Est, 44° 15' 53.00'' Nord";"04235";;"LE VILLAGE D 507 AUTOCOMMUTATEUR";"04140";"VERDACHES";"Pylône tubulaire"; 12.0;"ORANGE Services Fixes"
257535;5.78361;43.85222;"05° 47' 01.00'' Est, 43° 51' 08.00'' Nord";"04112";"MONT DES SPELS";"LES ESPELS CHEM DU RELAIS";"04100";"MANOSQUE";"Pylône autostable"; 11.0;"ORANGE Services Fixes"
260946;6.53500;44.28500;"06° 32' 06.00'' Est, 44° 17' 06.00'' Nord";"04006";"LES TROIS EVÊCHÉS";"STATION DE SKI DU VAL D'ALLOS OBSERVATOIRE 2600";"04260";"ALLOS";"Bâtiment"; 16.0;"SDIS, secours, incendie"
282104;5.63028;44.03972;"05° 37' 49.00'' Est, 44° 02' 23.00'' Nord";"04018";"LA GRANDE FONTAINE";;"04150";"BANON";"Pylône tubulaire"; 17.0;"ORANGE Services Fixes"
287041;5.77361;43.78250;"05° 46' 25.00'' Est, 43° 46' 57.00'' Nord";"04197";;"LES GRANDS JARDINS STE TULLE POSTE";"04220";"SAINTE-TULLE";"Bâtiment"; 10.0;"EDF ou GDF"
287043;5.74194;44.00222;"05° 44' 31.00'' Est, 44° 00' 08.00'' Nord";"04104";;"RTE DE ST ETIENNE LIMANS POSTE";"04300";"LIMANS";"Bâtiment"; 5.0;"RTE"
287867;6.45361;44.02167;"06° 27' 13.00'' Est, 44° 01' 18.00'' Nord";"04173";;"MONTAGNE DE  L'ALLIER FORET DOMANIALE DE L'ISSOLE";"04170";"SAINT-ANDRE-LES-ALPES";"Pylône haubané"; 8.0;"Conseil Départemental"
290394;5.92861;44.20861;"05° 55' 43.00'' Est, 44° 12' 31.00'' Nord";"04209";"LA BUISSONNE";"ZONE ARTISANALE DE PROVIOU SUD N 85";"04200";"SISTERON";"Bâtiment"; 12.0;"Société Privée SA"
295393;5.97361;44.02778;"05° 58' 25.00'' Est, 44° 01' 40.00'' Nord";"04116";"LES PRES D'ASTRUC";;"04190";"LES MEES";"Bâtiment"; 5.0;"ORANGE Services Fixes"
295396;5.92972;44.07194;"05° 55' 47.00'' Est, 44° 04' 19.00'' Nord";"04109";"CHARMAYON";"CARRIÈRES PERASSO";"04230";"MALLEFOUGASSE-AUGES";"Bâtiment"; 5.0;"ORANGE Services Fixes"
301226;5.97861;44.13750;"05° 58' 43.00'' Est, 44° 08' 15.00'' Nord";"04200";;"USINE HYDROÉLECTRIQUE";"04290";"SALIGNAC";"Mât métallique"; 6.0;"EDF ou GDF"
301240;5.92500;43.92167;"05° 55' 30.00'' Est, 43° 55' 18.00'' Nord";"04143";"LES OLIVIERS";"CENTRALE HYDRAULIQUE";"04700";"ORAISON";"Bâtiment"; 10.0;"EDF ou GDF"
311519;5.80250;43.78722;"05° 48' 09.00'' Est, 43° 47' 14.00'' Nord";"04112";;"LA PLAINE DE LA DURANCE";"04100";"MANOSQUE";"Pylône autostable"; 15.5;"HIVORY"
318497;6.50750;43.96500;"06° 30' 27.00'' Est, 43° 57' 54.00'' Nord";"04173";"LE CROUES";"GRAND RUE AUTOCOMMUTATEUR";"04170";"SAINT-ANDRE-LES-ALPES";"Pylône autostable"; 20.0;"ORANGE Services Fixes"
324804;6.37028;43.95389;"06° 22' 13.00'' Est, 43° 57' 14.00'' Nord";"04022";"SAINT ANTOINE";"LA GRANDE ALLÉE COUR DE L'ECOLE";"04330";"BARREME";"Bâtiment"; 6.0;"ORANGE Services Fixes"
324926;5.59056;43.85639;"05° 35' 26.00'' Est, 43° 51' 23.00'' Nord";"04045";;"R DU NID D'AMOUR LA POSTE";"04280";"CERESTE";"Bâtiment"; 8.0;"ORANGE Services Fixes"
327688;6.63556;44.14472;"06° 38' 08.00'' Est, 44° 08' 41.00'' Nord";"04061";"MONT LAUPON";;"04370";"COLMARS";"Pylône autostable"; 25.0;"ORANGE Services Fixes"
329910;6.54056;43.91361;"06° 32' 26.00'' Est, 43° 54' 49.00'' Nord";"04183";;"R. DE L'EGLISE";"04170";"SAINT-JULIEN-DU-VERDON";"Monument religieux"; 21.0;"Commune, communauté de commune"
330332;6.04361;44.06472;"06° 02' 37.00'' Est, 44° 03' 53.00'' Nord";"04108";;"LA POURRACHERE";"04350";"MALIJAI";"Pylône autostable"; 13.0;"EDF ou GDF"
330447;5.94111;44.16889;"05° 56' 28.00'' Est, 44° 10' 08.00'' Nord";"04209";;"MONTGERVIS";"04200";"SISTERON";"Pylône autostable"; 13.0;"EDF ou GDF"
342395;6.13056;44.32917;"06° 07' 50.00'' Est, 44° 19' 45.00'' Nord";"04023";"LE FOREST";"CLOS DE LA ROYÈRE";"04250";"BAYONS";"Pylône tubulaire"; 12.0;"ORANGE Services Fixes"
342400;6.06972;44.32306;"06° 04' 11.00'' Est, 44° 19' 23.00'' Nord";"04057";"L'ECOLE";;"04250";"CLAMENSANE";"Bâtiment"; 10.0;"Commune, communauté de commune"
352339;6.51278;43.92778;"06° 30' 46.00'' Est, 43° 55' 40.00'' Nord";"04173";"COURCHONS";;"04170";"SAINT-ANDRE-LES-ALPES";"Pylône autostable"; 12.0;"DDE"
352343;6.28083;44.02028;"06° 16' 51.00'' Est, 44° 01' 13.00'' Nord";"04074";"LA GOURREE";;"04270";"ENTRAGES";"Pylône tubulaire"; 7.0;"DDE"
353267;6.35056;44.41056;"06° 21' 02.00'' Est, 44° 24' 38.00'' Nord";"04126";"STATION ST JEAN MONTCLAR";"COL ST JEAN HÔTEL ESPACE";"04140";"MONTCLAR";"Immeuble"; 23.0;"Copropriété, Syndic, SCI"
356522;6.69556;44.35667;"06° 41' 44.00'' Est, 44° 21' 24.00'' Nord";"04073";;"D209 GARAGE MACHINES ENTRE LA RENTE ET SUPER SAUZE";"04400";"ENCHASTRAYES";"Bâtiment"; 20.0;"Particulier"
381462;5.71667;44.16500;"05° 43' 00.00'' Est, 44° 09' 54.00'' Nord";"04051";"VACHETTE";;"04200";"CHATEAUNEUF-MIRAVAIL";"Pylône autostable"; 12.4;"HIVORY"
394749;5.97778;44.13722;"05° 58' 40.00'' Est, 44° 08' 14.00'' Nord";"04200";;"QUARTIER PONCHONIERE";"04290";"SALIGNAC";"Mât"; 10.0;
427483;5.95778;44.26111;"05° 57' 28.00'' Est, 44° 15' 40.00'' Nord";"04231";"LE VILLAGE";"AUTOCOMMUTATEUR";"04200";"VALERNES";"Bâtiment"; 5.0;"ORANGE Services Fixes"
427487;6.03000;44.34250;"06° 01' 48.00'' Est, 44° 20' 33.00'' Nord";"04134";"CHEM DES PRÉS LONGS";"AUTOCOMMUTATEUR";"04250";"LA MOTTE-DU-CAIRE";"Bâtiment"; 5.0;"ORANGE Services Fixes"
429267;5.98000;44.14889;"05° 58' 48.00'' Est, 44° 08' 56.00'' Nord";"04200";"LE BORNY";;"04290";"SALIGNAC";"Bâtiment"; 11.0;
429271;5.85722;43.82306;"05° 51' 26.00'' Est, 43° 49' 23.00'' Nord";"04230";"LES CHABRANDS";"69 LES CHABRANDS";"04210";"VALENSOLE";"Bâtiment"; 11.0;
429277;6.56861;44.29000;"06° 34' 07.00'' Est, 44° 17' 24.00'' Nord";"04006";"LA FOUX D'ALLOS";"IMM MAISON DE LA FOUX";"04260";"ALLOS";"Immeuble"; 15.0;
429279;6.20639;44.08278;"06° 12' 23.00'' Est, 44° 04' 58.00'' Nord";"04070";;"9 CHEM DES ALPILLES";"04000";"DIGNE-LES-BAINS";"Bâtiment"; 15.0;"Société Privée SA"
430725;5.60917;44.17250;"05° 36' 33.00'' Est, 44° 10' 21.00'' Nord";"04140";;"PRÉ DE GAUCHIER RN 946";"04200";"LES OMERGUES";"Pylône tubulaire"; 12.0;"ORANGE Services Fixes"
431870;6.71639;44.46361;"06° 42' 59.00'' Est, 44° 27' 49.00'' Nord";"04062";;"HAUT DU TELESIEGE DU MELEZET";"04530";"LA CONDAMINE-CHATELARD";"Mât"; 2.0;
432380;6.68389;44.36778;"06° 41' 02.00'' Est, 44° 22' 04.00'' Nord";"04073";"LE SAUZE";"REMONTÉE LES CLOTS STATION DE POMPAGE";"04400";"ENCHASTRAYES";"Mât"; 12.0;"ORANGE"
442154;6.21639;44.08833;"06° 12' 59.00'' Est, 44° 05' 18.00'' Nord";"04070";;"AV ST VÉRAN AUTOCOMMUTATEUR";"04000";"DIGNE-LES-BAINS";"Bâtiment"; 14.0;"ORANGE"
442430;5.93222;44.21250;"05° 55' 56.00'' Est, 44° 12' 45.00'' Nord";"04209";"PROVIOU SUD";"A.51 - AUTOROUTE DU VAL DE DURANCE P.R. 121.620 SENS SUD-NORD TERRAIN ESCOTA";"04200";"SISTERON";"Pylône autostable"; 30.0;"Sociétés d'Autoroutes"
444414;5.95722;44.03167;"05° 57' 26.00'' Est, 44° 01' 54.00'' Nord";"04149";"ESPACE ST PIERRE";;"04310";"PEYRUIS";"Pylône autostable"; 33.1;"CELLNEX"
446543;6.22556;44.09083;"06° 13' 32.00'' Est, 44° 05' 27.00'' Nord";"04070";"BONNETTE";"CHEMIN DES OLIVIERS LES RÉSERVOIRS";"04000";"DIGNE-LES-BAINS";"Pylône autostable"; 23.5;"HIVORY"
446556;6.09778;43.77389;"06° 05' 52.00'' Est, 43° 46' 26.00'' Nord";"04124";;"CH DE STE CROIX QUARTIER PIERRE FICHE";"04500";"MONTAGNAC-MONTPEZAT";"Pylône autostable"; 30.0;"ORANGE"
446608;5.88750;43.74500;"05° 53' 15.00'' Est, 43° 44' 42.00'' Nord";"04094";"RAVIN DE CHIOUSSE";"LA BUISSIÈRE CHEM FORESTIER DE ST-JULIEN";"04800";"GREOUX-LES-BAINS";"Pylône autostable"; 30.5;"TDF"
448348;5.58944;43.85000;"05° 35' 22.00'' Est, 43° 51' 00.00'' Nord";"04045";"LA GARDETTE";"STATION TDF";"04280";"CERESTE";"Pylône autostable"; 30.0;"TDF"
452900;5.98194;43.83917;"05° 58' 55.00'' Est, 43° 50' 21.00'' Nord";"04230";"BAISSE DE STE ANNE";"RUE DE LA CONDAMINE";"04210";"VALENSOLE";"Château d'eau - réservoir"; 23.0;"Commune, communauté de commune"
456796;5.93806;44.19250;"05° 56' 17.00'' Est, 44° 11' 33.00'' Nord";"04209";"LE MOLARD";"CHEM D'ACCÈS AU CHALET DU MOLARD PRÈS GR.6";"04200";"SISTERON";"Pylône tubulaire"; 26.0;"ORANGE"
458548;5.92083;43.90028;"05° 55' 15.00'' Est, 43° 54' 01.00'' Nord";"04143";"FONT DES OISEAUX";"RTE CHAPELLE ST-PANCRACE";"04700";"ORAISON";"Pylône autostable"; 46.0;"TDF"
459110;6.21500;44.11278;"06° 12' 54.00'' Est, 44° 06' 46.00'' Nord";"04070";"LANDRAN";"LE HAUT SAUMON";"04000";"DIGNE-LES-BAINS";"Pylône haubané"; 17.0;"Towercast"
459117;6.21500;44.11306;"06° 12' 54.00'' Est, 44° 06' 47.00'' Nord";"04070";"LANDRAN";"SAUMON";"04000";"DIGNE-LES-BAINS";"Pylône autostable"; 24.0;"TDF"
459121;6.21472;44.07778;"06° 12' 53.00'' Est, 44° 04' 40.00'' Nord";"04070";;"LES FOURCHES";"04000";"DIGNE-LES-BAINS";"Pylône autostable"; 20.0;"TDF"
467982;5.96694;44.18694;"05° 58' 01.00'' Est, 44° 11' 13.00'' Nord";"04209";"LE COLLET-DU-PAGE";;"04200";"SISTERON";"Pylône autostable"; 46.0;"TDF"
469420;6.12694;43.82056;"06° 07' 37.00'' Est, 43° 49' 14.00'' Nord";"04172";"UBAC DE BÉHAR";"PYLÔNE TDF";"04500";"ROUMOULES";"Pylône autostable"; 43.6;"TDF"
472808;6.40806;43.93917;"06° 24' 29.00'' Est, 43° 56' 21.00'' Nord";"04022";"LIEYE";"STATION TDF DE BARREME";"04330";"BARREME";"Pylône autostable"; 29.0;"TDF"
474105;6.31083;43.96667;"06° 18' 39.00'' Est, 43° 58' 00.00'' Nord";"04055";"LE BOIS NOIR";;"04330";"CHAUDON-NORANTE";"Pylône autostable"; 30.0;"TDF"
478129;6.39722;43.79694;"06° 23' 50.00'' Est, 43° 47' 49.00'' Nord";"04171";"LES SENCES";"RD 317";"04120";"ROUGON";"Pylône autostable"; 20.0;"ATC FRANCE"
478558;6.63861;43.96472;"06° 38' 19.00'' Est, 43° 57' 53.00'' Nord";"04008";"LE RONCHERET";"RTE DE LA COLLE";"04240";"ANNOT";"Pylône autostable"; 35.0;"TDF"
478883;6.56611;44.28833;"06° 33' 58.00'' Est, 44° 17' 18.00'' Nord";"04006";"LA FOUX D'ALLOS";"STE LACHAUD ET CHAUVET";"04260";"ALLOS";"Pylône autostable"; 43.0;"TDF"
482553;6.46111;43.84806;"06° 27' 40.00'' Est, 43° 50' 53.00'' Nord";"04039";"CRÊTE DE COLLE BERNAICHE";"VILLARS BRANDIS CADIÈRES DE BRANDIS";"04120";"CASTELLANE";"Pylône autostable"; 33.0;"TDF"
483471;5.66861;43.88139;"05° 40' 07.00'' Est, 43° 52' 53.00'' Nord";"04160";"CÔTEAU DE LESTIC";"CAI";"04110";"REILLANNE";"Pylône autostable"; 16.0;"TDF"
486265;6.57444;44.31194;"06° 34' 28.00'' Est, 44° 18' 43.00'' Nord";"04006";;"TELESIEGE DE VESCAL TETE VESCAL LA FOUX D ALLOS";"04260";"ALLOS";"Bâtiment"; 10.0;"Société Privée SA"
486878;6.48778;44.38944;"06° 29' 16.00'' Est, 44° 23' 22.00'' Nord";"04161";"SERRE DES MAURES";"CLOT VIEIL";"04340";"MEOLANS-REVEL";"Pylône autostable"; 24.0;"TDF"
490285;5.86111;44.28639;"05° 51' 40.00'' Est, 44° 17' 11.00'' Nord";"04123";"LANGUEIRARD";"BELLEVUE PYLONE TDF";"04200";"MISON";"Pylône autostable"; 18.0;"TDF"
492559;6.48000;44.39667;"06° 28' 48.00'' Est, 44° 23' 48.00'' Nord";"04161";"LE MARTINET";"CENTRALE DU MARTINET";"04340";"MEOLANS-REVEL";"Bâtiment"; 10.0;"Société Privée SA"
492561;6.47333;44.36389;"06° 28' 24.00'' Est, 44° 21' 50.00'' Nord";"04161";"RIOU DE LA BLANCHE";"PRISE D'EAU RIOU DE LA BLANCHE";"04340";"MEOLANS-REVEL";"Bâtiment"; 10.0;"Société Privée SA"
493342;6.00056;44.08917;"06° 00' 02.00'' Est, 44° 05' 21.00'' Nord";"04049";"CHAPELLE ST JEAN";"CHEM COLLET ST JEAN";"04600";"CHATEAU-ARNOUX-SAINT-AUBAN";"Pylône autostable"; 42.0;"TDF"
496512;5.75250;43.78500;"05° 45' 09.00'' Est, 43° 47' 06.00'' Nord";"04197";"PREVEREND";"QUARTIER LA RENADE";"04220";"SAINTE-TULLE";"Pylône autostable"; 34.0;"TDF"
500516;6.09167;44.02167;"06° 05' 30.00'' Est, 44° 01' 18.00'' Nord";"04046";;"LES MASTRELLES PYLÔNE ORANGE";"04510";"LE CHAFFAUT-SAINT-JURSON";"Pylône autostable"; 21.7;"ORANGE"
500858;5.80667;44.12333;"05° 48' 24.00'' Est, 44° 07' 24.00'' Nord";"04178";"CLAPOUES";"SOMMET DE LURE";"04230";"SAINT-ETIENNE-LES-ORGUES";"Pylône autostable"; 20.3;"HIVORY"
502789;6.20556;43.81972;"06° 12' 20.00'' Est, 43° 49' 11.00'' Nord";"04135";"PLAINE DES BESSONS";"CHEM GR4";"04360";"MOUSTIERS-SAINTE-MARIE";"Pylône autostable"; 32.5;"TDF"
504041;5.98556;44.27889;"05° 59' 08.00'' Est, 44° 16' 44.00'' Nord";"04231";"ROCHERS DE HONGRIE";;"04200";"VALERNES";"Pylône autostable"; 49.0;"TDF"
504531;6.42806;44.43833;"06° 25' 41.00'' Est, 44° 26' 18.00'' Nord";"04102";"COSTEPLANE";;"04340";"LE LAUZET-UBAYE";"Pylône autostable"; 20.0;"TDF"
505049;6.19583;44.02361;"06° 11' 45.00'' Est, 44° 01' 25.00'' Nord";"04121";;"LE PÉRÉ";"04270";"MEZEL";"Pylône autostable"; 48.0;"TDF"
505077;6.57250;44.28917;"06° 34' 21.00'' Est, 44° 17' 21.00'' Nord";"04006";"LA FOUX D'ALLOS";"PRÈS DE D908 PYLONE FT";"04260";"ALLOS";"Pylône autostable"; 15.0;"ORANGE Services Fixes"
505115;6.68444;44.34417;"06° 41' 04.00'' Est, 44° 20' 39.00'' Nord";"04073";"SUPER SAUZE";"LE PRE AUX CHEVRES";"04400";"ENCHASTRAYES";"Pylône autostable"; 32.0;"TDF"
505158;6.75333;44.42417;"06° 45' 12.00'' Est, 44° 25' 27.00'' Nord";"04096";;"BATTERIE DE CUGURET";"04850";"JAUSIERS";"Pylône autostable"; 45.0;"TDF"
505481;5.77611;43.96889;"05° 46' 34.00'' Est, 43° 58' 08.00'' Nord";"04088";;"LES CABANONS";"04300";"FORCALQUIER";"Pylône autostable"; 35.0;"TDF"
507526;6.75444;43.95944;"06° 45' 16.00'' Est, 43° 57' 34.00'' Nord";"04076";"COL DU SEUIL";"FORET DE CHANTEBRANNE PYLONE TDF";"04320";"ENTREVAUX";"Pylône autostable"; 43.0;"TDF"
507533;6.54556;43.91528;"06° 32' 44.00'' Est, 43° 54' 55.00'' Nord";"04183";"LE COLOMBIER";;"04170";"SAINT-JULIEN-DU-VERDON";"Pylône autostable"; 19.0;"ATC FRANCE"
508322;5.97333;43.73083;"05° 58' 24.00'' Est, 43° 43' 51.00'' Nord";"04081";"LA BOUISSE ET CHABERT";"CHEM RURAL";"04800";"ESPARRON-DE-VERDON";"Pylône autostable"; 44.0;"TDF"
511441;6.94083;43.89778;"06° 56' 27.00'' Est, 43° 53' 52.00'' Nord";"04194";"LE PALI";"LE MOULIN DU PALI";"06260";"SAINT-PIERRE";"Pylône tubulaire"; 8.0;"ORANGE Services Fixes"
512396;6.08500;43.82111;"06° 05' 06.00'' Est, 43° 49' 16.00'' Nord";"04166";"PLAINE DES TOURETTES";;"04500";"RIEZ";"Pylône autostable"; 44.4;"TDF"
513182;6.09694;43.99694;"06° 05' 49.00'' Est, 43° 59' 49.00'' Nord";"04181";"LES ESPINOUSSES LES TRAVERSES";"D8 PYLONE EDF";"04270";"SAINT-JEANNET";"Pylône autostable"; 13.0;"RTE"
513549;5.71583;43.85306;"05° 42' 57.00'' Est, 43° 51' 11.00'' Nord";"04241";"LA COLLE";;"04110";"VILLEMUS";"Pylône autostable"; 51.0;"ORANGE Services Fixes"
513646;6.65306;44.39250;"06° 39' 11.00'' Est, 44° 23' 33.00'' Nord";"04019";"SALCE BASSE";"L'ADROIT DU VERGER";"04400";"BARCELONNETTE";"Pylône autostable"; 30.0;"HIVORY"
513696;6.51750;43.95722;"06° 31' 03.00'' Est, 43° 57' 26.00'' Nord";"04173";"LE PIGEONNIER";;"04170";"SAINT-ANDRE-LES-ALPES";"Pylône autostable"; 40.0;"ORANGE Services Fixes"
514271;6.83917;44.45361;"06° 50' 21.00'' Est, 44° 27' 13.00'' Nord";"04120";"LE TRUC";;"04530";"MEYRONNES";"Pylône autostable"; 25.0;"TDF"
516107;6.72750;43.90583;"06° 43' 39.00'' Est, 43° 54' 21.00'' Nord";"04043";"COL DU BOIS DE LA PLAINE HUBAC";"VILLEVIEILLE";"04320";"VAL-DE-CHALVAGNE";"Pylône autostable"; 45.0;"TDF"
516117;6.52778;44.00944;"06° 31' 40.00'' Est, 44° 00' 34.00'' Nord";"04136";"MONTAGNE DE MAUREL";;"04170";"LA MURE-ARGENS";"Pylône autostable"; 33.7;"TDF"
521510;6.21528;44.11306;"06° 12' 55.00'' Est, 44° 06' 47.00'' Nord";"04070";"SAUMON";"CHAMPOURCIN ROUTE DU RELAI";"04000";"DIGNE-LES-BAINS";"Pylône autostable"; 49.0;"ORANGE Services Fixes"
523709;6.01306;43.78222;"06° 00' 47.00'' Est, 43° 46' 56.00'' Nord";"04004";"HUBAC DE ST-MARC";"CHEM DE ST-MARC";"04500";"ALLEMAGNE-EN-PROVENCE";"Pylône autostable"; 32.5;"TDF"
531342;6.64139;44.39861;"06° 38' 29.00'' Est, 44° 23' 55.00'' Nord";"04019";"LES ALLEMANDS";;"04400";"BARCELONNETTE";"Pylône autostable"; 21.0;"TDF"
536881;5.81306;43.88333;"05° 48' 47.00'' Est, 43° 52' 60.00'' Nord";"04245";"ST MAIME";"LES PLAINES BELLEVUE";"04130";"VOLX";"Pylône autostable"; 34.0;"TDF"
540405;6.64806;43.85722;"06° 38' 53.00'' Est, 43° 51' 26.00'' Nord";"04210";"LE VILLAGE";"AUTOCOMMUTATEUR";"04120";"SOLEILHAS";"Pylône tubulaire"; 6.0;"ORANGE Services Fixes"
543786;6.01167;44.13028;"06° 00' 42.00'' Est, 44° 07' 49.00'' Nord";"04244";;"LAUZIERE";"04290";"VOLONNE";"Pylône autostable"; 34.0;"TDF"
543988;5.78361;43.85222;"05° 47' 01.00'' Est, 43° 51' 08.00'' Nord";"04112";"MONT DES SPELS";"LES ESPELS CHEM DU RELAIS";"04100";"MANOSQUE";"Pylône autostable"; 47.0;"TDF"
552105;5.75139;43.97889;"05° 45' 05.00'' Est, 43° 58' 44.00'' Nord";"04088";"LE PIGEONNIER";;"04300";"FORCALQUIER";"Pylône haubané"; 36.0;"Société Privée SA"
552329;6.64139;44.39833;"06° 38' 29.00'' Est, 44° 23' 54.00'' Nord";"04019";"LES ALLEMANDS";;"04400";"BARCELONNETTE";"Pylône autostable"; 25.0;"Lagardère Active Média"
552342;6.63583;43.97278;"06° 38' 09.00'' Est, 43° 58' 22.00'' Nord";"04008";"LA COLLE BASSE";"AUBERGE DE RONCHAREL";"04240";"ANNOT";"Bâtiment"; 11.0;"Société Privée SA"
571540;5.80222;44.12306;"05° 48' 08.00'' Est, 44° 07' 23.00'' Nord";"04178";"SOMMET DE LURE";"GR6";"04230";"SAINT-ETIENNE-LES-ORGUES";"Pylône autostable"; 32.0;"ORANGE Services Fixes"
578725;5.63056;43.93500;"05° 37' 50.00'' Est, 43° 56' 06.00'' Nord";"04227";"PLATEAU DE QUINSON";"POINT 869.9M";"04110";"VACHERES";"Pylône autostable"; 34.0;"TDF"
579505;5.58917;43.85000;"05° 35' 21.00'' Est, 43° 51' 00.00'' Nord";"04045";"LA GARDETTE";"SITE ITAS";"04280";"CERESTE";"Pylône autostable"; 36.0;"TDF"
579528;5.63083;43.93500;"05° 37' 51.00'' Est, 43° 56' 06.00'' Nord";"04227";"LE BOUM";;"04110";"VACHERES";"Pylône autostable"; 36.0;"Conseil Départemental"
579913;5.92250;44.11861;"05° 55' 21.00'' Est, 44° 07' 07.00'' Nord";"04013";"LES RESERVOIRS DE LURE";;"04200";"AUBIGNOSC";"Pylône autostable"; 44.0;"TDF"
584642;6.01111;44.09500;"06° 00' 40.00'' Est, 44° 05' 42.00'' Nord";"04049";"FONT SOUBRANE";;"04160";"CHATEAU-ARNOUX-SAINT-AUBAN";"Bâtiment"; 8.0;"ORANGE Services Fixes"
592644;6.36667;44.19278;"06° 21' 60.00'' Est, 44° 11' 34.00'' Nord";"04024";"LE RELAIS";"RTE DÉPARTEMENTALE 900";"04420";"BEAUJEU";"Pylône autostable"; 31.5;"CELLNEX"
599361;6.31167;44.24667;"06° 18' 42.00'' Est, 44° 14' 48.00'' Nord";"04024";"BLAYEUL SOMMET";"LES QUATRE TERMES";"04420";"BEAUJEU";"Pylône autostable"; 47.0;"TDF"
601565;6.66778;43.93194;"06° 40' 04.00'' Est, 43° 55' 55.00'' Nord";"04008";"ROUAINE";"RN 202";"04240";"ANNOT";"Pylône autostable"; 14.0;"ORANGE Services Fixes"
605732;6.52917;44.01167;"06° 31' 45.00'' Est, 44° 00' 42.00'' Nord";"04136";"LES PLAINES DE MAUREL";;"04170";"LA MURE-ARGENS";"Pylône autostable"; 7.5;"BOUYGUES"
608124;5.58444;43.91917;"05° 35' 04.00'' Est, 43° 55' 09.00'' Nord";"04142";;"D201 PONT D OPPEDETTE";"04110";"OPPEDETTE";"Mât"; 10.0;"DDE"
614016;6.61889;44.23278;"06° 37' 08.00'' Est, 44° 13' 58.00'' Nord";"04006";"LE SEIGNUS";"HAUT L'ADROIT DU TAPI";"04260";"ALLOS";"Pylône autostable"; 34.0;"TDF"
616971;6.80944;43.94833;"06° 48' 34.00'' Est, 43° 56' 54.00'' Nord";"04076";"QUARTIER DES LAUVES";"D.610 CSEC";"04320";"ENTREVAUX";"Bâtiment"; 12.0;"SDIS, secours, incendie"
617145;6.76639;44.47472;"06° 45' 59.00'' Est, 44° 28' 29.00'' Nord";"04193";"LES GLEIZOLLES";"CD 900";"04530";"SAINT-PAUL-SUR-UBAYE";"Bâtiment"; 5.0;"ORANGE Services Fixes"
617147;6.72917;44.51250;"06° 43' 45.00'' Est, 44° 30' 45.00'' Nord";"04193";"VALLON DE CLAOUS";"LA LONGE";"04530";"SAINT-PAUL-SUR-UBAYE";"Bâtiment"; 7.0;"Particulier"
620991;5.93833;44.19250;"05° 56' 18.00'' Est, 44° 11' 33.00'' Nord";"04209";"LE MOLLARD 2";"SUPER SISTERON";"04200";"SISTERON";"Pylône tubulaire"; 25.0;"BOUYGUES"
621683;6.75139;44.47000;"06° 45' 05.00'' Est, 44° 28' 12.00'' Nord";"04062";"FORT DU TOURNOUX";;"04530";"LA CONDAMINE-CHATELARD";"Pylône autostable"; 17.0;"TDF"
621887;6.56694;44.29417;"06° 34' 01.00'' Est, 44° 17' 39.00'' Nord";"04006";"LA FOUX-D'ALLOS";"PARKING LES 3 EVÊCHÉS";"04260";"ALLOS";"Pylône tubulaire"; 16.0;"HIVORY"
623651;6.12722;43.82083;"06° 07' 38.00'' Est, 43° 49' 15.00'' Nord";"04172";"HUBAC DE BEARD";"VOIE COMMUNALE";"04500";"ROUMOULES";"Pylône autostable"; 25.0;"ORANGE"
629085;5.78889;43.83056;"05° 47' 20.00'' Est, 43° 49' 50.00'' Nord";"04112";;"AV ST LAZARE TOUR ST LAZARE - BÂT 5";"04100";"MANOSQUE";"Bâtiment"; 40.0;"Société HLM"
640710;6.75056;44.47028;"06° 45' 02.00'' Est, 44° 28' 13.00'' Nord";"04062";"FORT DE TOURNOUX";"LOCAL DDE";"04530";"LA CONDAMINE-CHATELARD";"Pylône haubané"; 15.0;"DDE"
654136;6.35750;44.50167;"06° 21' 27.00'' Est, 44° 30' 06.00'' Nord";"04154";"LE FOURNAS";;"05160";"PONTIS";"Pylône autostable"; 21.0;"ORANGE"
657546;6.52944;44.01250;"06° 31' 46.00'' Est, 44° 00' 45.00'' Nord";"04136";"MAUREL";;"04170";"LA MURE-ARGENS";"Bâtiment"; 5.5;"Météo"
664921;6.34167;44.33333;"06° 20' 30.00'' Est, 44° 20' 00.00'' Nord";"04205";"LES ESSARTS";;"04140";"SEYNE";"Pylône autostable"; 25.0;"TDF"
675718;6.22750;44.11250;"06° 13' 39.00'' Est, 44° 06' 45.00'' Nord";"04070";"CHAMPOURCIN";;"04300";"DIGNE-LES-BAINS";"Pylône autostable"; 10.0;"Titulaire programme Radio/TV"
676907;6.64417;44.18583;"06° 38' 39.00'' Est, 44° 11' 09.00'' Nord";"04061";"CHABANIER";;"04370";"COLMARS";"Pylône autostable"; 35.0;"TDF"
678334;6.42556;44.44028;"06° 25' 32.00'' Est, 44° 26' 25.00'' Nord";"04102";"COSTEPLANE";"VOIE COMMUNALE N°12";"04340";"LE LAUZET-UBAYE";"Pylône autostable"; 13.0;"ORANGE"
678762;6.31167;43.96611;"06° 18' 42.00'' Est, 43° 57' 58.00'' Nord";"04055";"LE BUIS NOIR OUEST";"ROUTE DE BARRÊME";"04330";"CHAUDON-NORANTE";"Pylône autostable"; 16.0;"ORANGE"
685636;6.59028;44.15472;"06° 35' 25.00'' Est, 44° 09' 17.00'' Nord";"04025";"CHAUSSEGROS";"PRÈS RÉSERVOIR";"04370";"BEAUVEZER";"Pylône autostable"; 24.0;"ORANGE"
686882;6.13028;43.86667;"06° 07' 49.00'' Est, 43° 52' 00.00'' Nord";"04157";;"LES BASSES TOUIRES";"04410";"PUIMOISSON";"Château d'eau - réservoir"; 22.7;"Commune, communauté de commune"
687315;6.34028;43.77500;"06° 20' 25.00'' Est, 43° 46' 30.00'' Nord";"04144";"BOULOGNE";"RTE DES CRÊTES";"04120";"LA PALUD-SUR-VERDON";"Pylône autostable"; 20.0;"ORANGE Services Fixes"
690124;6.01778;44.41278;"06° 01' 04.00'' Est, 44° 24' 46.00'' Nord";"04066";"L'ADRECH";"RÉSERVOIR D'ASPERSION LA CURNERIE - D.4";"05110";"CURBANS";"Pylône autostable"; 20.0;"HIVORY"
692521;5.87833;43.78111;"05° 52' 42.00'' Est, 43° 46' 52.00'' Nord";"04094";"LA COLLE";;"04800";"GREOUX-LES-BAINS";"Pylône haubané"; 17.0;"Towercast"
693032;6.65417;44.39917;"06° 39' 15.00'' Est, 44° 23' 57.00'' Nord";"04019";"LA SALCE";;"04400";"BARCELONNETTE";"Pylône autostable"; 20.0;"ORANGE Services Fixes"
693393;6.09889;43.99722;"06° 05' 56.00'' Est, 43° 59' 50.00'' Nord";"04181";"LES TRAVERSES";"ESPINOUSE SITE BOUYGUES TELECOM";"04270";"SAINT-JEANNET";"Pylône autostable"; 30.0;"CELLNEX"
694841;5.77083;43.75500;"05° 46' 15.00'' Est, 43° 45' 18.00'' Nord";"04063";"LES BARBASSONS - DEMOISELLES";"A.51 PK 63";"04220";"CORBIERES";"Pylône autostable"; 25.0;"Sociétés d'Autoroutes"
708888;6.17667;43.92167;"06° 10' 36.00'' Est, 43° 55' 18.00'' Nord";"04184";"LES GOURETTES";"VALLEE DE L'ASSE 1 PYLONE TDF";"04410";"SAINT-JURS";"Pylône autostable"; 26.0;"TDF"
710778;6.63472;44.18694;"06° 38' 05.00'' Est, 44° 11' 13.00'' Nord";"04061";;"PONT HAUT";"04370";"COLMARS";"Pylône tubulaire"; 22.8;"TDF"
711114;6.64611;44.24333;"06° 38' 46.00'' Est, 44° 14' 36.00'' Nord";"04006";;"D 226 CENTRALE DE VILLARD HAUT";"04260";"ALLOS";"Bâtiment"; 6.0;"Etat, Ministère"
712746;6.44167;43.87694;"06° 26' 30.00'' Est, 43° 52' 37.00'' Nord";"04204";"ORATOIRE ST PIERRE";;"04330";"SENEZ";"Mât métallique"; 2.2;"Commune, communauté de commune"
718491;5.96694;44.06500;"05° 58' 01.00'' Est, 44° 03' 54.00'' Nord";"04127";"JAS DE RICAUD";"A51 PR 103 BELLEY";"04600";"MONTFORT";"Pylône autostable"; 24.0;"Société Privée SA"
718499;5.88167;43.89167;"05° 52' 54.00'' Est, 43° 53' 30.00'' Nord";"04242";"LE MOULIN";"A 51 PR 81.5 SENS 2";"04180";"VILLENEUVE";"Pylône autostable"; 24.0;"Société Privée SA"
718503;5.99167;44.09222;"05° 59' 30.00'' Est, 44° 05' 32.00'' Nord";"04049";"BARBARIN";"A 51 PR 106.675 SENS 1";"04600";"CHATEAU-ARNOUX-SAINT-AUBAN";"Pylône autostable"; 18.0;"Société Privée SA"
718511;5.96000;44.16000;"05° 57' 36.00'' Est, 44° 09' 36.00'' Nord";"04200";"LA PEYROUSE";"A51 PR 115.078 SENS 2";"04290";"SALIGNAC";"Pylône autostable"; 22.0;"Société Privée SA"
718985;5.94944;44.19722;"05° 56' 58.00'' Est, 44° 11' 50.00'' Nord";"04209";;"TUNNEL DE LA BAUME A51 PR 119.500";"04200";"SISTERON";"Tunnel"; 0.0;"Société Privée SA"
731148;6.51194;43.96000;"06° 30' 43.00'' Est, 43° 57' 36.00'' Nord";"04173";;"CHEM DES ISCLES";"04170";"SAINT-ANDRE-LES-ALPES";"Pylône autostable"; 20.0;"Conseil Départemental"
741720;6.62861;44.25889;"06° 37' 43.00'' Est, 44° 15' 32.00'' Nord";"04006";"COLETTE";;"04260";"ALLOS";"Mât"; 6.0;"ORANGE Services Fixes"
741722;6.70667;44.23750;"06° 42' 24.00'' Est, 44° 14' 15.00'' Nord";"04006";"LE LAC";"HOTEL REFUGE";"04260";"ALLOS";"Bâtiment"; 6.0;"Particulier"
741724;6.27722;43.77917;"06° 16' 38.00'' Est, 43° 46' 45.00'' Nord";"04144";"MAIRESTE";;"04120";"LA PALUD-SUR-VERDON";"Bâtiment"; 6.0;"Particulier"
748866;6.28694;44.12472;"06° 17' 13.00'' Est, 44° 07' 29.00'' Nord";"04113";"LES MAILLOUTIÈRES";;"04420";"MARCOUX";"Pylône autostable"; 20.0;"ORANGE"
748910;6.50944;44.06778;"06° 30' 34.00'' Est, 44° 04' 04.00'' Nord";"04218";"LE PETIT CORDEIL";"PYLONE TDF";"04170";"THORAME-BASSE";"Pylône autostable"; 32.0;"TDF"
754525;6.46278;43.86361;"06° 27' 46.00'' Est, 43° 51' 49.00'' Nord";"04039";"LE COLDES LECQUES";"CHEM DE VILLARD BRANDIS";"04120";"CASTELLANE";"Pylône autostable"; 22.0;"ORANGE"
754527;6.45694;43.97083;"06° 27' 25.00'' Est, 43° 58' 15.00'' Nord";"04133";"LA PETITE GRAU";"STATION TDF";"04170";"MORIEZ";"Pylône autostable"; 32.0;"TDF"
754614;5.81083;43.84250;"05° 48' 39.00'' Est, 43° 50' 33.00'' Nord";"04112";"CHAMPS CLOS";"BD DU MARÉCHAL JUIN";"04100";"MANOSQUE";"Pylône autostable"; 18.0;"ORANGE"
754623;5.79139;43.82500;"05° 47' 29.00'' Est, 43° 49' 30.00'' Nord";"04112";"LA PONSONNE";"R DES MÛRIERS STADE DE LA PONSONNE";"04100";"MANOSQUE";"Pylône autostable"; 34.0;"Commune, communauté de commune"
754635;5.77806;43.84000;"05° 46' 41.00'' Est, 43° 50' 24.00'' Nord";"04112";;"CHEM DE L'ARGILE STADE SALOBERT";"04100";"MANOSQUE";"Pylône tubulaire"; 17.0;"ORANGE"
754637;5.83667;43.88139;"05° 50' 12.00'' Est, 43° 52' 53.00'' Nord";"04245";;"MONTÉE CAPELLANE RÉSERVOI MUNICIPAL";"04130";"VOLX";"Mât"; 10.0;"Commune, communauté de commune"
754643;6.61389;43.91889;"06° 36' 50.00'' Est, 43° 55' 08.00'' Nord";"04236";"COL DE TOUTES AURES";"N.202";"04170";"VERGONS";"Pylône tubulaire"; 26.0;"Commune, communauté de commune"
754939;6.23417;44.09278;"06° 14' 03.00'' Est, 44° 05' 34.00'' Nord";"04070";;"19 R DU DR HONNORAT IMM LES COLONNES";"04000";"DIGNE-LES-BAINS";"Immeuble"; 21.0;"Association"
754941;6.59778;44.37000;"06° 35' 52.00'' Est, 44° 22' 12.00'' Nord";"04226";"BOSCAS";"PRA LOUP";"04400";"UVERNET-FOURS";"Immeuble"; 29.0;"Copropriété, Syndic, SCI"
755007;6.18194;44.07806;"06° 10' 55.00'' Est, 44° 04' 41.00'' Nord";"04070";;"IMP DES AUGIERS";"04000";"DIGNE-LES-BAINS";"pylône arbre"; 9.0;"ORANGE"
758140;6.40667;44.31778;"06° 24' 24.00'' Est, 44° 19' 04.00'' Nord";"04205";"COL DE MAURE";"CHEM DE ST MARTIN AUX CONDAMINES";"04140";"SEYNE";"Pylône autostable"; 26.0;"BOUYGUES"
760134;6.39167;44.39750;"06° 23' 30.00'' Est, 44° 23' 51.00'' Nord";"04102";;"DORMILLOUSE TELESIEGE DE LA BRECHE";"04340";"LE LAUZET-UBAYE";"Pylône tubulaire"; 4.0;"Particulier"
764021;5.86556;44.15611;"05° 51' 56.00'' Est, 44° 09' 22.00'' Nord";"04229";"LES CROUES";"CHEM DE L'HUBAC DE CHEYLLANNE";"04200";"VALBELLE";"Pylône autostable"; 25.0;"Conseil Départemental"
795371;6.68333;44.36028;"06° 41' 00.00'' Est, 44° 21' 37.00'' Nord";"04073";"LES SAPETS";"SUPER SAUZE STATION";"04400";"ENCHASTRAYES";"Pylône autostable"; 16.0;"ORANGE Services Fixes"
797623;6.75306;44.42417;"06° 45' 11.00'' Est, 44° 25' 27.00'' Nord";"04096";;"CHEM DE CUGURET";"04850";"JAUSIERS";"Pylône autostable"; 24.0;"ORANGE"
805616;5.90722;44.11778;"05° 54' 26.00'' Est, 44° 07' 04.00'' Nord";"04209";;"JAS DE MATHIEU";"04200";"SISTERON";"Pylône autostable"; 10.0;"Etablissement de soins"
814047;6.25389;44.01583;"06° 15' 14.00'' Est, 44° 00' 57.00'' Nord";"04074";;"TERRAIN CHEM DE FER DE LA PROVENCE - CHABRIERES";"04270";"ENTRAGES";"Pylône tubulaire"; 17.0;"HIVORY"
825728;6.64583;44.39694;"06° 38' 45.00'' Est, 44° 23' 49.00'' Nord";"04019";"LES ALLEMANDS";"CHEM DE L'ADROIT LAITERIE";"04440";"BARCELONNETTE";"Bâtiment"; 10.0;"Société Privée SA"
826249;6.16333;44.15694;"06° 09' 48.00'' Est, 44° 09' 25.00'' Nord";"04217";"STE MADELEINE";"RD 3 PYLONE TDF";"04380";"THOARD";"Pylône autostable"; 33.0;"TDF"
841997;5.64861;44.08778;"05° 38' 55.00'' Est, 44° 05' 16.00'' Nord";"04169";"LE CRAPON";"SOMMET DU CRAPON";"04150";"LA ROCHEGIRON";"Pylône autostable"; 15.0;"DDE"
842141;6.44389;44.20778;"06° 26' 38.00'' Est, 44° 12' 28.00'' Nord";"04155";"BLANCARD";"MONTAGNE DU CARTON";"04420";"PRADS-HAUTE-BLEONE";"Pylône autostable"; 12.3;"HIVORY"
843255;5.79806;44.12333;"05° 47' 53.00'' Est, 44° 07' 24.00'' Nord";"04178";"MONTAGNE DE LURE";"CLAPOUE";"04230";"SAINT-ETIENNE-LES-ORGUES";"Mât"; 10.0;"RTE"
843816;6.63917;43.96417;"06° 38' 21.00'' Est, 43° 57' 51.00'' Nord";"04008";"LA COLLE";"SITE ITAS TIM";"04240";"ANNOT";"Pylône autostable"; 36.0;"TDF"
849561;6.75500;43.95972;"06° 45' 18.00'' Est, 43° 57' 35.00'' Nord";"04076";"FORÊT DE CHANTEBRANNE";"SITE ITAS TIM";"04320";"ENTREVAUX";"Pylône autostable"; 36.0;"TDF"
852973;5.78361;43.83278;"05° 47' 01.00'' Est, 43° 49' 58.00'' Nord";"04112";;"PL ST-SAUVEUR EGLISE ST-SAUVEUR";"04100";"MANOSQUE";"Monument religieux"; 79.0;"Société Privée SA"
853086;5.92167;43.90028;"05° 55' 18.00'' Est, 43° 54' 01.00'' Nord";"04143";"LE THUVE";;"04700";"ORAISON";"Pylône autostable"; 47.0;"Towercast"
859264;6.84472;43.94722;"06° 50' 41.00'' Est, 43° 56' 50.00'' Nord";"04076";;"GLANDEVE";"04320";"ENTREVAUX";"Pylône autostable"; 16.3;"TDF"
862107;6.12333;44.31778;"06° 07' 24.00'' Est, 44° 19' 04.00'' Nord";"04023";"LE PATÈGUE";;"04250";"BAYONS";"Pylône autostable"; 12.0;"ORANGE Services Fixes"
866881;5.96806;44.18750;"05° 58' 05.00'' Est, 44° 11' 15.00'' Nord";"04209";"LE COLLET-DU-PAGE";;"04200";"SISTERON";"Pylône autostable"; 36.0;"TDF"
868591;6.17639;43.92167;"06° 10' 35.00'' Est, 43° 55' 18.00'' Nord";"04184";"MOLANS";"SITE ITAS TIM";"04410";"SAINT-JURS";"Pylône autostable"; 30.0;"TDF"
868619;5.88750;43.74500;"05° 53' 15.00'' Est, 43° 44' 42.00'' Nord";"04094";"COTEAUX DES BROUES";"SITE ITAS TIM";"04800";"GREOUX-LES-BAINS";"Pylône autostable"; 36.0;"TDF"
868709;6.52722;44.01000;"06° 31' 38.00'' Est, 44° 00' 36.00'' Nord";"04136";"MOREL";"SITE ITAS TIM";"04170";"LA MURE-ARGENS";"Pylône autostable"; 86.0;"TDF"
868719;6.08250;43.82028;"06° 04' 57.00'' Est, 43° 49' 13.00'' Nord";"04166";"PLAINE DES TOURETTES";"SITE ITAS TIM";"04500";"RIEZ";"Pylône autostable"; 48.0;"TDF"
868781;6.11694;43.92722;"06° 07' 01.00'' Est, 43° 55' 38.00'' Nord";"04031";"LE BRUSQUET";"SITE ITAS TIM";"04270";"BRAS-D'ASSE";"Pylône autostable"; 24.0;"TDF"
872188;6.40111;43.79917;"06° 24' 04.00'' Est, 43° 47' 57.00'' Nord";"04171";;"PARKING MUNICIPAL";"04120";"ROUGON";"Bâtiment"; 6.0;"ORANGE Services Fixes"
872437;5.68611;44.17639;"05° 41' 10.00'' Est, 44° 10' 35.00'' Nord";"04067";"LES REMISES";"SITE TDF DE ST VINCENT SUR JABRON";"04200";"CUREL";"Pylône autostable"; 17.0;"TDF"
875242;6.25250;44.45972;"06° 15' 09.00'' Est, 44° 27' 35.00'' Nord";"04033";;"CITE CHAUSSETIVE";"04340";"LA BREOLE";"Pylône autostable"; 20.0;"Commune, communauté de commune"
876245;5.79806;44.12333;"05° 47' 53.00'' Est, 44° 07' 24.00'' Nord";"04178";"MONTAGNE DE LURE";"CLAPOUE";"04230";"SAINT-ETIENNE-LES-ORGUES";"Local technique"; 5.0;"RTE"
877243;5.98972;43.83444;"05° 59' 23.00'' Est, 43° 50' 04.00'' Nord";"04230";;"ROUTE DE RIEZ";"04210";"VALENSOLE";"Pylône autostable"; 26.0;"TDF"
879684;6.34944;44.48583;"06° 20' 58.00'' Est, 44° 29' 09.00'' Nord";"04154";"COL DE PONTIS";;"05160";"PONTIS";"Pylône autostable"; 25.0;"ORANGE Services Fixes"
880225;6.64389;44.18444;"06° 38' 38.00'' Est, 44° 11' 04.00'' Nord";"04061";"CHABANIERS";"SITE ITAS TIM";"04370";"COLMARS";"Pylône autostable"; 36.0;"TDF"
884852;5.75528;44.16944;"05° 45' 19.00'' Est, 44° 10' 10.00'' Nord";"04199";"BAS GRAND CHAMP";"AUTOCOM CL 4";"04200";"SAINT-VINCENT-SUR-JABRON";"Pylône tubulaire"; 12.0;"ORANGE Services Fixes"
884859;6.54667;44.26389;"06° 32' 48.00'' Est, 44° 15' 50.00'' Nord";"04006";"PIC DE LA TÊTE NOIRE";;"04260";"ALLOS";"Pylône autostable"; 25.0;"ORANGE Services Fixes"
884872;5.84389;43.99417;"05° 50' 38.00'' Est, 43° 59' 39.00'' Nord";"04206";"LES ROUTES";"CD N°116 AUTOCOMMUTATEUR";"04300";"SIGONCE";"Pylône autostable"; 13.0;"ORANGE Services Fixes"
887184;6.23389;44.09306;"06° 14' 02.00'' Est, 44° 05' 35.00'' Nord";"04070";;"34 ALLÉE DES FONTAINIERS";"04000";"DIGNE-LES-BAINS";"Immeuble"; 18.0;"Société Privée SA"
887739;6.13417;43.73806;"06° 08' 03.00'' Est, 43° 44' 17.00'' Nord";"04176";;"RTE DE RIEZ USINE DE STE CROIX";"04500";"SAINTE-CROIX-DE-VERDON";"Bâtiment"; 9.0;"EDF ou GDF"
894049;6.17583;44.06806;"06° 10' 33.00'' Est, 44° 04' 05.00'' Nord";"04070";;"ROUTE DE MARSEILLE QUARTIER DE LA TOUR ZA ST CHRISTOPHE";"04000";"DIGNE-LES-BAINS";"Pylône autostable"; 21.0;"DDE"
894811;6.17389;44.06667;"06° 10' 26.00'' Est, 44° 04' 00.00'' Nord";"04001";"LA TOUR";"ROUTE DE MARSEILLE";"04510";"AIGLUN";"Pylône haubané"; 20.0;"DDE"
896326;5.92667;43.75472;"05° 55' 36.00'' Est, 43° 45' 17.00'' Nord";"04081";"BARRAGE DE GREOUX - D315";;"04800";"ESPARRON-DE-VERDON";"Mât"; 6.0;"EDF ou GDF"
916896;6.49139;43.84194;"06° 29' 29.00'' Est, 43° 50' 31.00'' Nord";"04039";"LA COLLE";"REBOUL";"04120";"CASTELLANE";"Pylône haubané"; 7.0;"Commune, communauté de commune"
924699;6.61833;44.23278;"06° 37' 06.00'' Est, 44° 13' 58.00'' Nord";"04006";"LE SEIGNUS";"STATION TDF";"04260";"ALLOS";"Pylône autostable"; 31.7;"HIVORY"
936307;5.94111;44.19528;"05° 56' 28.00'' Est, 44° 11' 43.00'' Nord";"04209";;"40 R DU DR NIEL CENTRAL TELEPHONIQUE";"04200";"SISTERON";"Immeuble"; 16.0;"ORANGE Services Fixes"
939051;6.05222;43.69972;"06° 03' 08.00'' Est, 43° 41' 59.00'' Nord";"04158";"BARRAGE";"CABINE RADIO DE QUINSON";"04500";"QUINSON";"Pylône autostable"; 13.0;"EDF ou GDF"
955773;6.03361;43.71194;"06° 02' 01.00'' Est, 43° 42' 43.00'' Nord";"04158";"PARATONNERRE";"CORNICHE DU PARATONNERRE RELAIS MAIRIE";"04500";"QUINSON";"Pylône tubulaire"; 3.0;"ORANGE Services Fixes"
955775;6.04111;43.70389;"06° 02' 28.00'' Est, 43° 42' 14.00'' Nord";"04158";"VILLAGE";"CHEM DE RIEZ ZONE ARTISANALE";"04500";"QUINSON";"Bâtiment"; 5.0;"ORANGE Services Fixes"
983939;6.84639;43.95250;"06° 50' 47.00'' Est, 43° 57' 09.00'' Nord";"04076";"LE PLAN DU PUGET";"RN 202";"04320";"ENTREVAUX";"Bâtiment"; 5.0;"EDF ou GDF"
1002637;6.57972;44.06139;"06° 34' 47.00'' Est, 44° 03' 41.00'' Nord";"04219";;"BOIS DE LA COLLE BAUDET FONT GAILLARDE";"04170";"THORAME-HAUTE";"Pylône autostable"; 16.0;"TDF"
1014751;6.02722;44.34528;"06° 01' 38.00'' Est, 44° 20' 43.00'' Nord";"04134";"LE CHATEAU D'EAU";;"04250";"LA MOTTE-DU-CAIRE";"Pylône tubulaire"; 20.0;"ORANGE"
1019324;6.73111;44.41861;"06° 43' 52.00'' Est, 44° 25' 07.00'' Nord";"04096";;"RUE PRINCIPALE";"04850";"JAUSIERS";"Bâtiment"; 24.0;"Gendarmerie"
1029429;5.78778;43.82694;"05° 47' 16.00'' Est, 43° 49' 37.00'' Nord";"04112";;"ALLÉE DE LA PONSONNE";"04100";"MANOSQUE";"Bâtiment"; 5.0;"EDF ou GDF"
1029432;5.71778;44.10472;"05° 43' 04.00'' Est, 44° 06' 17.00'' Nord";"04095";"NARRETEAU";;"04150";"L'HOSPITALET";"Pylône autostable"; 12.0;"EDF ou GDF"
1029684;6.09194;43.99556;"06° 05' 31.00'' Est, 43° 59' 44.00'' Nord";"04181";;"PIC DE L'ESPINOUSE L'ADROIT DE ROUES";"04270";"SAINT-JEANNET";"Pylône autostable"; 21.0;"DDE"
1030399;5.80972;43.87972;"05° 48' 35.00'' Est, 43° 52' 47.00'' Nord";"04245";"VIGIE BELLEVUE";;"04130";"VOLX";"Bâtiment"; 8.0;"SDIS, secours, incendie"
1033121;6.64583;44.38583;"06° 38' 45.00'' Est, 44° 23' 09.00'' Nord";"04019";;"35 RUE DES 3 FRÈRES ARNAUD";"04400";"BARCELONNETTE";"Bâtiment"; 5.0;"EDF ou GDF"
1033176;6.53944;43.87833;"06° 32' 22.00'' Est, 43° 52' 42.00'' Nord";"04069";"CASTILLON";"BARRAGE DE CASTILLON";"04120";"DEMANDOLX";"Bâtiment"; 3.0;"EDF ou GDF"
1037418;6.64444;44.18556;"06° 38' 40.00'' Est, 44° 11' 08.00'' Nord";"04061";"COL DS CHAMPS";"CHABANIER D2";"04370";"COLMARS";"Pylône haubané"; 18.0;"Conseil Départemental"
1037425;6.61639;44.17722;"06° 36' 59.00'' Est, 44° 10' 38.00'' Nord";"04061";"LES ESPINIERS";;"04370";"COLMARS";"Pylône haubané"; 10.0;"Commune, communauté de commune"
1037565;6.57750;44.08889;"06° 34' 39.00'' Est, 44° 05' 20.00'' Nord";"04219";"SERPEIGIER";;"04170";"THORAME-HAUTE";"Pylône autostable"; 18.0;"Conseil Départemental"
1040032;6.57944;44.27361;"06° 34' 46.00'' Est, 44° 16' 25.00'' Nord";"04006";"LE SARRET";"POSTE ELCTRIQUE LA FOUX D'ALLOS";"04260";"ALLOS";"Bâtiment"; 8.0;"EDF ou GDF"
1041517;5.77500;43.78972;"05° 46' 30.00'' Est, 43° 47' 23.00'' Nord";"04197";;"ZA LES GRANDS JARDINS CHAMBRE EAU USINE ÉLECTRIQUE";"04220";"SAINTE-TULLE";"Tour hertzienne"; 13.0;"EDF ou GDF"
1044713;6.61056;44.23083;"06° 36' 38.00'' Est, 44° 13' 51.00'' Nord";"04006";"L'ADROIT DU TAPI";"GARE D'ARRIVÉE DU TÉLÉSIÈGE DU SEIGNUS";"04260";"ALLOS";"Bâtiment"; 24.0;"Société Privée SA"
1055910;6.74944;44.46194;"06° 44' 58.00'' Est, 44° 27' 43.00'' Nord";"04062";"CHAMP FELEZE";"D900";"04530";"LA CONDAMINE-CHATELARD";"Bâtiment"; 3.0;"EDF ou GDF"
1056060;6.32500;44.37611;"06° 19' 30.00'' Est, 44° 22' 34.00'' Nord";"04203";"LA TUILERIE";"D900 BSTD NEUVE";"04140";"SELONNET";"Bâtiment"; 10.0;"EDF ou GDF"
1056066;6.51750;43.97611;"06° 31' 03.00'' Est, 43° 58' 34.00'' Nord";"04136";"LE PLAN";"D955";"04170";"LA MURE-ARGENS";"Bâtiment"; 4.0;"EDF ou GDF"
1059345;5.92444;43.92139;"05° 55' 28.00'' Est, 43° 55' 17.00'' Nord";"04143";;"CHEMIN DES ESCARANCHES POSTE EDF - RTE";"04700";"ORAISON";"Pylône autostable"; 25.0;"EDF ou GDF"
1059798;6.16333;44.15667;"06° 09' 48.00'' Est, 44° 09' 24.00'' Nord";"04217";"SAINTE MADELEINE";;"04380";"THOARD";"Pylône autostable"; 36.0;"TDF"
1063181;5.78361;43.85194;"05° 47' 01.00'' Est, 43° 51' 07.00'' Nord";"04112";"MONT DES SPELS";;"04100";"MANOSQUE";"Pylône autostable"; 40.0;"Towercast"
1063248;6.06056;44.44694;"06° 03' 38.00'' Est, 44° 26' 49.00'' Nord";"04234";;"POSTE RTE DE CURBANS";"05130";"VENTEROL";"Pylône autostable"; 20.0;"EDF ou GDF"
1084567;6.26889;44.46861;"06° 16' 08.00'' Est, 44° 28' 07.00'' Nord";"04033";"SERRE PONCON";"USINE HYDROELECTRIQUE";"04340";"LA BREOLE";"Bâtiment"; 3.0;"EDF ou GDF"
1175214;6.45889;43.85167;"06° 27' 32.00'' Est, 43° 51' 06.00'' Nord";"04039";;"CRETE DE VILLARD BRANDIS LA SAPÉE";"04120";"CASTELLANE";"Mât métallique"; 6.0;"Conseil Départemental"
1185542;6.85917;44.59333;"06° 51' 33.00'' Est, 44° 35' 36.00'' Nord";"04193";"PASSAUR";"LE GRAND BOIS";"04530";"SAINT-PAUL-SUR-UBAYE";"Mât"; 9.0;"EDF ou GDF"
1185634;6.84333;44.59278;"06° 50' 36.00'' Est, 44° 35' 34.00'' Nord";"04193";;"MALJASSET CONCERTRATEUR DE MALJASSET";"04530";"SAINT-PAUL-SUR-UBAYE";"Mât"; 3.0;"EDF ou GDF"
1193047;5.90167;44.25278;"05° 54' 06.00'' Est, 44° 15' 10.00'' Nord";"04123";;"LES GRANDES BLACHES ZA LES GRANDES BLACHES";"04200";"MISON";"Bâtiment"; 11.0;"Société Privée SA"
1195668;6.68361;44.36778;"06° 41' 01.00'' Est, 44° 22' 04.00'' Nord";"04073";"LE SAUZE";"REMONTÉE LES CLOTS STATION DE RELEVAGE D'EAU";"04400";"ENCHASTRAYES";"Mât"; 3.0;"ORANGE"
1200972;5.89972;43.95722;"05° 53' 59.00'' Est, 43° 57' 26.00'' Nord";"04106";"LA FORTUNE";;"04700";"LURS";"Pylône autostable"; 20.0;"Sociétés d'Autoroutes"
1201450;6.51333;43.84611;"06° 30' 48.00'' Est, 43° 50' 46.00'' Nord";"04039";;"PLACE MARCEL SAUVAIRE - MAISON NATURE ET PATRIMOINES";"04120";"CASTELLANE";"Immeuble"; 12.0;"Conseil Départemental"
1206397;5.92111;44.21306;"05° 55' 16.00'' Est, 44° 12' 47.00'' Nord";"04209";"LA MAUBUISSONNE-ERDF";"USINE EDF LA MAUBUISSONNE";"04200";"SISTERON";"Mât"; 6.0;"EDF ou GDF"
1284009;6.20083;43.87472;"06° 12' 03.00'' Est, 43° 52' 29.00'' Nord";"04135";"LE CASTILLON";;"04360";"MOUSTIERS-SAINTE-MARIE";"Pylône autostable"; 15.0;"EDF ou GDF"
1286133;6.00250;44.07333;"06° 00' 09.00'' Est, 44° 04' 24.00'' Nord";"04049";"LE JAS";"POSTE DE ST AUBAN EDF";"04600";"CHATEAU-ARNOUX-SAINT-AUBAN";"Bâtiment"; 4.0;"EDF ou GDF"
1288507;5.86389;43.87778;"05° 51' 50.00'' Est, 43° 52' 40.00'' Nord";"04242";;"RUE DU CHATEAU D'EAU POSTE LA BRILLANNE";"04180";"VILLENEUVE";"Mât métallique"; 6.0;"EDF ou GDF"
1297098;6.21500;44.07778;"06° 12' 54.00'' Est, 44° 04' 40.00'' Nord";"04070";;"CHEMIN DES FOURCHES PYLONE TOWERCAST";"04000";"DIGNE-LES-BAINS";"Pylône autostable"; 20.0;"Towercast"
1378555;6.09194;43.99556;"06° 05' 31.00'' Est, 43° 59' 44.00'' Nord";"04181";;"PIC DE L'ESPINOUSE L'ADROIT DE ROUES";"04270";"SAINT-JEANNET";"Pylône haubané"; 21.0;"DDE"
1422325;6.51222;43.84778;"06° 30' 44.00'' Est, 43° 50' 52.00'' Nord";"04039";;"3 BIS MONTÉE DE L'HORLOGE";"04120";"CASTELLANE";"Immeuble"; 15.0;"Société Privée SA"
1422704;5.67194;43.97417;"05° 40' 19.00'' Est, 43° 58' 27.00'' Nord";"04162";;"D. 18 AUTOCOM";"04150";"REVEST-DES-BROUSSES";"Bâtiment"; 6.0;"ORANGE Services Fixes"
1425201;6.46167;43.84750;"06° 27' 42.00'' Est, 43° 50' 51.00'' Nord";"04039";"QUARTIER DE BRANDIS";;"04120";"CASTELLANE";"Pylône autostable"; 8.0;"Commune, communauté de commune"
1425225;6.46111;43.84806;"06° 27' 40.00'' Est, 43° 50' 53.00'' Nord";"04039";"CRÊTE DE COLLE BERNAICHE";"VILLARS BRANDIS CADIÈRES DE BRANDIS";"04120";"CASTELLANE";"Pylône autostable"; 26.0;"TDF"
1432035;6.23417;44.10889;"06° 14' 03.00'' Est, 44° 06' 32.00'' Nord";"04070";;"RUE DE L'ARTISANAT PARC CD";"04000";"DIGNE-LES-BAINS";"Bâtiment"; 10.0;"Conseil Départemental"
1432566;6.24056;44.05528;"06° 14' 26.00'' Est, 44° 03' 19.00'' Nord";"04074";"LE COUSSON";;"04270";"ENTRAGES";"Pylône autostable"; 17.0;"Conseil Départemental"
1441912;6.40778;43.93917;"06° 24' 28.00'' Est, 43° 56' 21.00'' Nord";"04022";"BOIS DE LIEYE";;"04330";"BARREME";"Pylône haubané"; 16.0;"Conseil Départemental"
1446733;6.83278;43.91833;"06° 49' 58.00'' Est, 43° 55' 06.00'' Nord";"04170";"LA COLLE";"COL DU TREBUCHET";"06260";"LA ROCHETTE";"Pylône autostable"; 32.5;"TDF"
1458317;5.92167;44.21139;"05° 55' 18.00'' Est, 44° 12' 41.00'' Nord";"04209";;"LA MAUBUISSONE SISTERON USINE";"04200";"SISTERON";"Pylône tubulaire"; 8.0;"EDF ou GDF"
1465388;6.73694;44.48972;"06° 44' 13.00'' Est, 44° 29' 23.00'' Nord";"04193";"TOURNOUX";"D125";"04530";"SAINT-PAUL-SUR-UBAYE";"Bâtiment"; 8.0;"TDF"
1477246;6.80861;44.55944;"06° 48' 31.00'' Est, 44° 33' 34.00'' Nord";"04193";"CABANE ALIX";"D25 CONCENTRATEUR CABANE ALIX";"04530";"SAINT-PAUL-SUR-UBAYE";"Mât"; 5.5;"EDF ou GDF"
1477254;6.64694;44.24194;"06° 38' 49.00'' Est, 44° 14' 31.00'' Nord";"04006";"VILLARD HAUT";"CONCENTRATEUR DE VILLARD HAUT";"04260";"ALLOS";"Bâtiment"; 5.0;"EDF ou GDF"
1477263;6.55694;44.24417;"06° 33' 25.00'' Est, 44° 14' 39.00'' Nord";"04006";"ROUGNOUSE SUR VERDON";"MONTAGNE DE ROUGNOUSE - VALDEMARS";"04260";"ALLOS";"Mât"; 8.0;"EDF ou GDF"
1477271;6.34111;43.74556;"06° 20' 28.00'' Est, 43° 44' 44.00'' Nord";"04144";"ESTELLIER HAUT";"D23 CONCENTRATEUR ESTELLIER HAUT";"04120";"LA PALUD-SUR-VERDON";"Mât"; 4.0;"EDF ou GDF"
1477281;6.34194;43.74250;"06° 20' 31.00'' Est, 43° 44' 33.00'' Nord";"04144";"ESTELLIER BAS";"D23 STATION DEBIT ESTELLIER BAS";"04120";"LA PALUD-SUR-VERDON";"Local technique"; 3.5;"EDF ou GDF"
1484508;6.23222;44.09972;"06° 13' 56.00'' Est, 44° 05' 59.00'' Nord";"04070";;"56, BOULEVARD VICTOR HUGO";"04000";"DIGNE-LES-BAINS";"Immeuble"; 21.4;"Copropriété, Syndic, SCI"
1566065;6.69667;44.33194;"06° 41' 48.00'' Est, 44° 19' 55.00'' Nord";"04226";"COL DE FOURS";;"04400";"UVERNET-FOURS";"Pylône autostable"; 10.0;"ORANGE Services Fixes"
1567029;6.64000;44.37833;"06° 38' 24.00'' Est, 44° 22' 42.00'' Nord";"04019";"PRA-SOUBEIRAN";;"04400";"BARCELONNETTE";"Pylône autostable"; 20.3;"TDF"
1568915;5.94222;44.19000;"05° 56' 32.00'' Est, 44° 11' 24.00'' Nord";"04209";;"4 CHEMIN DE LA CHAPELLE CHEZ M. BARIDON";"04200";"SISTERON";"Bâtiment"; 19.0;"Particulier"
1574724;6.69556;44.36806;"06° 41' 44.00'' Est, 44° 22' 05.00'' Nord";"04073";"LA BERGERIE";"RTE DE SUPER SAUZE FERME DE M. CAIRE";"04400";"ENCHASTRAYES";"Bâtiment"; 8.3;"Particulier"
1579554;6.29139;44.34194;"06° 17' 29.00'' Est, 44° 20' 31.00'' Nord";"04203";"GRANDE MONTAGNE";"STATION DE CHABANON";"04140";"SELONNET";"Pylône tubulaire"; 13.2;"HIVORY"
1583442;5.97722;44.02806;"05° 58' 38.00'' Est, 44° 01' 41.00'' Nord";"04116";;"CHEMIN DE LA  BUSSIERE";"04190";"LES MEES";"Pylône autostable"; 17.0;"TDF"
1583950;6.02583;44.02111;"06° 01' 33.00'' Est, 44° 01' 16.00'' Nord";"04116";"LE VALLAS";"PLATEAU DE VALLAS";"04190";"LES MEES";"Pylône autostable"; 35.0;"Towercast"
1587504;6.51278;44.39722;"06° 30' 46.00'' Est, 44° 23' 50.00'' Nord";"04161";"L'EICHASSIER";"FERME DU ROCHAS";"04340";"MEOLANS-REVEL";"Mât"; 12.1;"HIVORY"
1588942;6.13389;43.73944;"06° 08' 02.00'' Est, 43° 44' 22.00'' Nord";"04176";"LOUVIERE";"MAT RADIO CABINE RADIOSAINTE CROIX";"04500";"SAINTE-CROIX-DE-VERDON";"Mât métallique"; 6.0;"EDF ou GDF"
1588965;5.88528;43.75694;"05° 53' 07.00'' Est, 43° 45' 25.00'' Nord";"04094";"CENTRE DE CONGRES L'ETOILE";"AV PIERRE BROSSOLETTE";"04800";"GREOUX-LES-BAINS";"Bâtiment"; 15.0;"Société Privée SA"
1590178;6.40750;44.30500;"06° 24' 27.00'' Est, 44° 18' 18.00'' Nord";"04205";"LE SERRE";"ROUTE COMMUNALE N° 8 LES CLOTS";"04140";"SEYNE";"Pylône autostable"; 30.0;"HIVORY"
1592286;6.37667;44.34028;"06° 22' 36.00'' Est, 44° 20' 25.00'' Nord";"04205";;"QUARTIER LES ISCLES GARAGE CARLETTO";"04140";"SEYNE";"Pylône autostable"; 19.0;"HIVORY"
1602448;6.11778;44.46583;"06° 07' 04.00'' Est, 44° 27' 57.00'' Nord";"04150";"LE PLANUIL";"D. 704";"05130";"PIEGUT";"Pylône tubulaire"; 13.0;"ORANGE"
1611777;6.60083;44.36722;"06° 36' 03.00'' Est, 44° 22' 02.00'' Nord";"04226";"PRA-LOUP";"TELESIÈGE DE LA CLAPPE";"04400";"UVERNET-FOURS";"Bâtiment"; 17.5;"Commune, communauté de commune"
1612992;5.80972;43.87972;"05° 48' 35.00'' Est, 43° 52' 47.00'' Nord";"04245";"BELLEVUE";"VIGIE";"04130";"VOLX";"Bâtiment"; 8.0;"SDIS, secours, incendie"
1615604;6.66972;43.94222;"06° 40' 11.00'' Est, 43° 56' 32.00'' Nord";"04008";"LES ROCHES DE ROUAINE";;"04240";"ANNOT";"Pylône haubané"; 18.0;"Etat, Ministère"
1618235;5.96194;44.05639;"05° 57' 43.00'' Est, 44° 03' 23.00'' Nord";"04149";;"AIRE DE REPOS DU BELVEDERE DE PEYRUIS AUTOROUTE A 51";"04310";"PEYRUIS";"Pylône tubulaire"; 15.0;"ORANGE Services Fixes"
1626582;6.12389;44.23972;"06° 07' 26.00'' Est, 44° 14' 23.00'' Nord";"04016";"LES FOURCHES";;"04200";"AUTHON";"Pylône autostable"; 21.1;"BOUYGUES"
1627205;6.05694;44.24889;"06° 03' 25.00'' Est, 44° 14' 56.00'' Nord";"04179";"PAS DE L'ÉCHELLE";"LE FOREST DE ROLAND";"04200";"SAINT-GENIEZ";"Pylône autostable"; 15.0;"Conseil Départemental"
1627238;6.70472;43.97333;"06° 42' 17.00'' Est, 43° 58' 24.00'' Nord";"04032";"LE VILLARD";"D 110 CRÊTE DE LA BARRE";"04240";"BRAUX";"Pylône autostable"; 22.0;"BOUYGUES"
1627262;6.26417;44.04417;"06° 15' 51.00'' Est, 44° 02' 39.00'' Nord";"04074";"LA PLAINE ET PEYRAUD";"TETE DE PEYRAUD";"04270";"ENTRAGES";"Pylône tubulaire"; 19.0;"ATC FRANCE"
1627279;5.95139;44.13833;"05° 57' 05.00'' Est, 44° 08' 18.00'' Nord";"04145";"LES GRANGES";;"04200";"PEIPIN";"Pylône autostable"; 18.0;"Conseil Départemental"
1627624;6.58944;43.92083;"06° 35' 22.00'' Est, 43° 55' 15.00'' Nord";"04236";"PRA BELON";"CHEMIN RELAIS TV";"04170";"VERGONS";"Pylône tubulaire"; 8.0;"CELLNEX"
1627635;5.62222;44.10111;"05° 37' 20.00'' Est, 44° 06' 04.00'' Nord";"04159";"LE COULET";"ROUTE CONTADOUR";"04150";"REDORTIERS";"Pylône autostable"; 18.0;"Conseil Départemental"
1628020;6.33667;44.13417;"06° 20' 12.00'' Est, 44° 08' 03.00'' Nord";"04072";"CHAMP DAMPONS";"D 22";"04420";"DRAIX";"Pylône autostable"; 22.5;"CELLNEX"
1636624;6.17250;44.41528;"06° 10' 21.00'' Est, 44° 24' 55.00'' Nord";"04026";;"CHEM DE TURRIERS D951";"04250";"BELLAFFAIRE";"Pylône autostable"; 15.0;"HIVORY"
1636742;5.57222;44.17333;"05° 34' 20.00'' Est, 44° 10' 24.00'' Nord";"04140";"LA TUILIÈRE";"GRANDE COMBE";"04200";"LES OMERGUES";"Pylône autostable"; 15.0;"HIVORY"
1637347;6.25361;44.37861;"06° 15' 13.00'' Est, 44° 22' 43.00'' Nord";"04191";"LES ROUGIERS";;"04140";"SAINT-MARTIN-LES-SEYNE";"Pylône autostable"; 20.5;"HIVORY"
1644930;5.85861;43.85417;"05° 51' 31.00'' Est, 43° 51' 15.00'' Nord";"04242";"LA CROUSTASSE";"LE LARGUE";"04180";"VILLENEUVE";"Bâtiment"; 22.0;"EDF ou GDF"
1645854;6.60028;44.21583;"06° 36' 01.00'' Est, 44° 12' 57.00'' Nord";"04061";;"AUTAPIE SIGNAL D ALLOS";"04370";"COLMARS";"Pylône tubulaire"; 8.0;"Conseil Régional"
1647034;6.31750;43.86778;"06° 19' 03.00'' Est, 43° 52' 04.00'' Nord";"04030";;"SITE SDIS 04 LE CHIRAN";"04330";"BLIEUX";"Pylône autostable"; 12.0;"Association"
1653625;6.60167;43.92806;"06° 36' 06.00'' Est, 43° 55' 41.00'' Nord";"04005";;"PIC DE CHAMATTE SITE FT EXISTANT";"04170";"ALLONS";"Pylône autostable"; 12.0;"ORANGE"
1664927;5.93917;43.99250;"05° 56' 21.00'' Est, 43° 59' 33.00'' Nord";"04116";"LA GRANDE BASTIDE";"CHEMIN RURAL LA BASSE GRÉE";"04190";"LES MEES";"Pylône autostable"; 26.0;"ORANGE"
1672023;6.34472;44.41583;"06° 20' 41.00'' Est, 44° 24' 57.00'' Nord";"04126";"ST JEAN";"QUARTIER ST LEGER COL ST JEAN";"04140";"MONTCLAR";"Pylône autostable"; 15.0;"TDF"
1690385;5.71333;43.85889;"05° 42' 48.00'' Est, 43° 51' 32.00'' Nord";"04241";"LA COLLE";;"04110";"VILLEMUS";"Pylône autostable"; 12.0;"Commune, communauté de commune"
1690475;5.79861;43.81944;"05° 47' 55.00'' Est, 43° 49' 10.00'' Nord";"04112";"LE PRÊCHE";"AV DU 1ER MAI ZI ST-JOSEPH - C.A.T. LES ATELIERS DU FOURNAS";"04100";"MANOSQUE";"Pylône tubulaire"; 13.0;"HIVORY"
1694720;5.77778;43.83778;"05° 46' 40.00'' Est, 43° 50' 16.00'' Nord";"04112";;"BD GEORGES CLÉMENCEAU";"04100";"MANOSQUE";"Immeuble"; 19.3;"Société HLM"
1694815;6.20500;44.04861;"06° 12' 18.00'' Est, 44° 02' 55.00'' Nord";"04070";"LA GROSSE COUASSE";"RTE N85";"04000";"DIGNE-LES-BAINS";"Pylône tubulaire"; 13.2;"HIVORY"
1697354;5.77333;43.78667;"05° 46' 24.00'' Est, 43° 47' 12.00'' Nord";"04197";;"ZA LES BASTIDES BLANCHES";"04220";"SAINTE-TULLE";"Mât"; 8.0;"EDF ou GDF"
1697357;5.77333;43.78806;"05° 46' 24.00'' Est, 43° 47' 17.00'' Nord";"04197";;"CHEMIN DU THOR";"04220";"SAINTE-TULLE";"Bâtiment"; 10.0;"EDF ou GDF"
1697363;5.81583;43.79944;"05° 48' 57.00'' Est, 43° 47' 58.00'' Nord";"04112";;"BOULEVARD ST MAURICE ZONE INDUSTRIELLE SAINT MAURICE";"04100";"MANOSQUE";"Bâtiment"; 14.6;"Société Privée SA"
1697388;6.12083;44.46306;"06° 07' 15.00'' Est, 44° 27' 47.00'' Nord";"04150";;"LE PLANUIL";"05130";"PIEGUT";"Pylône autostable"; 15.0;"HIVORY"
1700909;6.40750;43.93917;"06° 24' 27.00'' Est, 43° 56' 21.00'' Nord";"04022";"MONTAGNE DE LIEYE";"SITE ITAS TIM";"04330";"BARREME";"Pylône autostable"; 36.0;"TDF"
1700941;6.33972;44.33417;"06° 20' 23.00'' Est, 44° 20' 03.00'' Nord";"04205";"CHAMFLORIN";"SITE ITAS TIM";"04140";"SEYNE";"Pylône autostable"; 30.0;"TDF"
1701477;6.81444;43.94639;"06° 48' 52.00'' Est, 43° 56' 47.00'' Nord";"04076";"L HUBAC";"ROUTE DES TUVES";"04320";"ENTREVAUX";"Pylône autostable"; 10.2;"ATC FRANCE"
1702425;6.16944;44.33722;"06° 10' 10.00'' Est, 44° 20' 14.00'' Nord";"04023";"PRÉ GIRARD";;"04250";"BAYONS";"Pylône tubulaire"; 12.0;"HIVORY"
1702438;5.78667;43.82806;"05° 47' 12.00'' Est, 43° 49' 41.00'' Nord";"04112";;"R DES HEURES CLAIRES PRÈS PLACE OSCO MANOSCO";"04100";"MANOSQUE";"Immeuble"; 36.5;"Copropriété, Syndic, SCI"
1703752;5.76944;43.75611;"05° 46' 10.00'' Est, 43° 45' 22.00'' Nord";"04063";"LES DEMOISELLES";"CHEM DE LA DRAYE";"04220";"CORBIERES";"Pylône autostable"; 29.0;"TDF"
1718746;5.78639;44.05611;"05° 47' 11.00'' Est, 44° 03' 22.00'' Nord";"04178";;"CAMPAGNE DE MOUTTE RTE DE LURE";"04230";"SAINT-ETIENNE-LES-ORGUES";"Pylône autostable"; 32.0;"HIVORY"
1719313;6.59417;43.81417;"06° 35' 39.00'' Est, 43° 48' 51.00'' Nord";"04148";"LA BATIE";"PRE ROUSSET ET COULET D'AU ROUTE NAPOLEON";"04120";"PEYROULES";"Pylône tubulaire"; 12.0;"HIVORY"
1719331;6.50361;43.97167;"06° 30' 13.00'' Est, 43° 58' 18.00'' Nord";"04173";"LES GLAIRES";"RÉSEVOIR ST-JEAN";"04170";"SAINT-ANDRE-LES-ALPES";"Pylône autostable"; 14.0;"HIVORY"
1719377;6.72944;44.42222;"06° 43' 46.00'' Est, 44° 25' 20.00'' Nord";"04096";;"QUARTIER LA VIGNETTE RÉSERVOIR DE CHANENC";"04850";"JAUSIERS";"Pylône tubulaire"; 14.0;"HIVORY"
1720657;5.79806;44.12333;"05° 47' 53.00'' Est, 44° 07' 24.00'' Nord";"04178";"CLAPOUES";"MONTAGNE DE LURE";"04230";"SAINT-ETIENNE-LES-ORGUES";"Pylône autostable"; 27.0;"CELLNEX"
1724315;6.59389;44.23028;"06° 35' 38.00'' Est, 44° 13' 49.00'' Nord";"04240";"LE GROS TAPI";"SOMMET DU HAUT-VERDON (2371 M)";"04370";"VILLARS-COLMARS";"Pylône autostable"; 4.0;"Commune, communauté de commune"
1727739;6.76389;43.99417;"06° 45' 50.00'' Est, 43° 59' 39.00'' Nord";"04042";;"PLACE DE L'EGLISE CHAPELLE STE MARIE MADELEINE";"04320";"CASTELLET-LES-SAUSSES";"Monument religieux"; 18.0;"Commune, communauté de commune"
1727751;6.76361;43.99417;"06° 45' 49.00'' Est, 43° 59' 39.00'' Nord";"04042";;"PLACE DE L'EGLISE CHAPELLE STE MARIE MADELEINE";"04320";"CASTELLET-LES-SAUSSES";"Pylône tubulaire"; 7.0;"CELLNEX"
1728275;6.63806;43.86667;"06° 38' 17.00'' Est, 43° 52' 00.00'' Nord";"04210";"LES COMBES";"RTE DE VAUPLANE RD102";"04120";"SOLEILHAS";"Pylône autostable"; 12.0;"ATC FRANCE"
1729180;5.64056;44.04722;"05° 38' 26.00'' Est, 44° 02' 50.00'' Nord";"04018";"LES BARNABOIS";"DÉPARTEMENTALE 950 - RESERVOIR";"04150";"BANON";"Pylône autostable"; 22.0;"Conseil Départemental"
1729184;6.03639;43.94028;"06° 02' 11.00'' Est, 43° 56' 25.00'' Nord";"04077";"LES BLANCHES";"CHEMIN NOTRE DAME";"04700";"ENTREVENNES";"Pylône autostable"; 18.5;"Conseil Départemental"
1729204;5.62139;44.01639;"05° 37' 17.00'' Est, 44° 00' 59.00'' Nord";"04132";"LA BAOU";"DÉCHETTERIE";"04150";"MONTSALIER";"Pylône autostable"; 15.0;"BOUYGUES"
1729214;6.21472;44.17778;"06° 12' 53.00'' Est, 44° 10' 40.00'' Nord";"04167";"LES LAUSES";"PROCHE DE LA D103";"04000";"LA ROBINE-SUR-GALABRE";"Pylône autostable"; 13.0;"Conseil Départemental"
1729220;5.55306;44.07750;"05° 33' 11.00'' Est, 44° 04' 39.00'' Nord";"04163";"LA TOUR";"FUTUR CIMETIERE";"04150";"REVEST-DU-BION";"Pylône autostable"; 38.3;"Conseil Départemental"
1729265;6.28750;43.91028;"06° 17' 15.00'' Est, 43° 54' 37.00'' Nord";"04107";"SAINT SAUVEUR";;"04270";"MAJASTRES";"Pylône autostable"; 13.0;"Conseil Départemental"
1729280;5.69917;44.01306;"05° 41' 57.00'' Est, 44° 00' 47.00'' Nord";"04141";"SEIGNE";;"04230";"ONGLES";"Pylône autostable"; 28.0;"Conseil Départemental"
1729302;5.70556;44.09500;"05° 42' 20.00'' Est, 44° 05' 42.00'' Nord";"04095";"LE GOURJAS";;"04150";"L'HOSPITALET";"Pylône autostable"; 21.0;"Conseil Départemental"
1729306;5.66917;43.96833;"05° 40' 09.00'' Est, 43° 58' 06.00'' Nord";"04162";;"CHEMIN DE VACHERES D 18 RSVOIR DE REVEST";"04150";"REVEST-DES-BROUSSES";"Pylône autostable"; 20.0;"BOUYGUES"
1736241;6.02667;44.04250;"06° 01' 36.00'' Est, 44° 02' 33.00'' Nord";"04108";"ST BONNET";;"04350";"MALIJAI";"Pylône autostable"; 20.0;"CELLNEX"
1737904;6.54528;43.93778;"06° 32' 43.00'' Est, 43° 56' 16.00'' Nord";"04007";"LES LUMIERES";"CHEMIN COMMUNAL DE LA PALUD";"04170";"ANGLES";"Pylône autostable"; 8.0;"ATC FRANCE"
1742385;6.09472;44.40111;"06° 05' 41.00'' Est, 44° 24' 04.00'' Nord";"04085";"LA ROUVIERE";;"04250";"FAUCON-DU-CAIRE";"Pylône autostable"; 12.0;"HIVORY"
1754103;6.38972;43.86583;"06° 23' 23.00'' Est, 43° 51' 57.00'' Nord";"04030";"LA CASTELLE";"RUINES";"04330";"BLIEUX";"Pylône autostable"; 28.0;"Conseil Départemental"
1754111;6.36417;44.03000;"06° 21' 51.00'' Est, 44° 01' 48.00'' Nord";"04059";"LE CLOUET";"PYLONE TDF DE TARTONNE";"04330";"CLUMANC";"Pylône autostable"; 44.0;"TDF"
1754120;6.44000;44.04556;"06° 26' 24.00'' Est, 44° 02' 44.00'' Nord";"04099";"REBIERE";"ROUTE D669";"04170";"LAMBRUISSE";"Pylône autostable"; 28.0;"Conseil Départemental"
1755011;6.74861;44.51444;"06° 44' 55.00'' Est, 44° 30' 52.00'' Nord";"04193";"ST-PIERRE DE L'ESPERAYE";"RD902 ENTRE LES ROUINES ET CLOUASTERS";"04530";"SAINT-PAUL-SUR-UBAYE";"Pylône autostable"; 32.0;"TDF"
1758002;5.96278;44.04000;"05° 57' 46.00'' Est, 44° 02' 24.00'' Nord";"04149";;"PÉAGE DE PEYRUIS ÉCHANGEUR N°20";"04310";"PEYRUIS";"Bâtiment"; 8.0;"Sociétés d'Autoroutes"
1758004;5.96306;44.04000;"05° 57' 47.00'' Est, 44° 02' 24.00'' Nord";"04149";;"ECHANGEUR N20 DE PEYRUIS";"04310";"PEYRUIS";"Bâtiment"; 15.0;"Sociétés d'Autoroutes"
1758321;6.32333;44.16583;"06° 19' 24.00'' Est, 44° 09' 57.00'' Nord";"04036";"ST LEGER";"RD 900";"04420";"LE BRUSQUET";"Pylône autostable"; 24.0;"BOUYGUES"
1759661;5.81389;43.80694;"05° 48' 50.00'' Est, 43° 48' 25.00'' Nord";"04112";"A51 VAL DE DURANCE";"KM 65 / INTERSECTIONS AIX-EN-PROVENCE PR 70 GARE DE PEAGE";"04100";"MANOSQUE";"Pylône autostable"; 25.0;"Sociétés d'Autoroutes"
1766717;5.77639;43.96861;"05° 46' 35.00'' Est, 43° 58' 07.00'' Nord";"04088";"LES CABANONS POINTUS";"CHEMIN DE SAINT-MARC À LA PARISE";"04300";"FORCALQUIER";"Pylône autostable"; 23.0;"ATC FRANCE"
1773196;6.44167;43.87694;"06° 26' 30.00'' Est, 43° 52' 37.00'' Nord";"04204";"ORATOIRE ST PIERRE";;"04330";"SENEZ";"Mât métallique"; 4.2;"Commune, communauté de commune"
1775824;6.54556;43.91528;"06° 32' 44.00'' Est, 43° 54' 55.00'' Nord";"04183";;"PRA DE LA FOUENT";"04170";"SAINT-JULIEN-DU-VERDON";"Pylône autostable"; 13.0;"IFW-FREE"
1778785;6.42361;43.83333;"06° 25' 25.00'' Est, 43° 50' 00.00'' Nord";"04039";"SERRE DU PIGEONNIER";"VILLAGE DE CHASTEUIL";"04120";"CASTELLANE";"Pylône tubulaire"; 8.0;"ATC FRANCE"
1798762;6.79861;44.34194;"06° 47' 55.00'' Est, 44° 20' 31.00'' Nord";"04096";"RESTEFOND-NIVOSE";;"04850";"JAUSIERS";"Balise ou bouée"; 7.5;"Météo"
1799542;5.71500;43.85250;"05° 42' 54.00'' Est, 43° 51' 09.00'' Nord";"04241";"LA COLLE";;"04110";"VILLEMUS";"Pylône autostable"; 10.0;"Commune, communauté de commune"
1813571;5.79806;44.12333;"05° 47' 53.00'' Est, 44° 07' 24.00'' Nord";"04178";"CLAPOUE";"MONTAGNE DE LURE";"04230";"SAINT-ETIENNE-LES-ORGUES";"Mât"; 12.0;"EDF ou GDF"
1819162;6.45694;43.97083;"06° 27' 25.00'' Est, 43° 58' 15.00'' Nord";"04133";"LA PETITE GRAU";"ROUTE D'HYEGES D 419";"04170";"MORIEZ";"Pylône autostable"; 31.0;"ORANGE"
1822450;6.54417;43.87944;"06° 32' 39.00'' Est, 43° 52' 46.00'' Nord";"04069";"LA CITE - LES CROTES";"BUREAUX GU CASTILLON";"04120";"DEMANDOLX";"Mât"; 10.0;"EDF ou GDF"
1822454;6.54444;43.84694;"06° 32' 40.00'' Est, 43° 50' 49.00'' Nord";"04039";"VIGIE DE CHAUDANNE";"D102";"04120";"CASTELLANE";"Bâtiment"; 5.0;"EDF ou GDF"
1840371;6.43139;44.43000;"06° 25' 53.00'' Est, 44° 25' 48.00'' Nord";"04102";;"RTE DU MOULIN AUTOCOM DU VILLAGE";"04340";"LE LAUZET-UBAYE";"Pylône tubulaire"; 12.0;"ORANGE Services Fixes"
1845204;6.14861;43.76444;"06° 08' 55.00'' Est, 43° 45' 52.00'' Nord";"04176";;"ROUTE DE MOUSTIERS";"04500";"SAINTE-CROIX-DE-VERDON";"pylône arbre"; 16.0;"IFW-FREE"
1851298;6.28861;44.00250;"06° 17' 19.00'' Est, 44° 00' 09.00'' Nord";"04055";"BAUX DE GILLY";;"04330";"CHAUDON-NORANTE";"Pylône autostable"; 14.5;"ORANGE"
1863128;6.68639;44.32000;"06° 41' 11.00'' Est, 44° 19' 12.00'' Nord";"04226";"CHAPELLE ST JACQUES";"DÉPARTEMENTALE PISTE";"04400";"UVERNET-FOURS";"Pylône tubulaire"; 28.0;"CELLNEX"
1865436;6.35806;44.51083;"06° 21' 29.00'' Est, 44° 30' 39.00'' Nord";"04154";"FONTBELLE";"CHAMP DU CROUE PRÈS DE D 954";"05160";"PONTIS";"Pylône autostable"; 20.0;"TDF"
1876078;6.44556;43.83556;"06° 26' 44.00'' Est, 43° 50' 08.00'' Nord";"04039";"ROMNES";"SENTIER";"04120";"CASTELLANE";"Mât"; 4.0;"BOUYGUES"
1876566;6.28694;44.12472;"06° 17' 13.00'' Est, 44° 07' 29.00'' Nord";"04113";"LES MAILLOUTIERES";"CHEMIN DE LA TUILERAIE";"04420";"MARCOUX";"Pylône autostable"; 22.7;"IFW-FREE"
1883880;6.29417;44.34111;"06° 17' 39.00'' Est, 44° 20' 28.00'' Nord";"04203";"GRANDE MONTAGNE";"STATION DE CHABANON";"04140";"SELONNET";"Mât métallique"; 8.4;"IFW-FREE"
1887433;6.57528;44.31250;"06° 34' 31.00'' Est, 44° 18' 45.00'' Nord";"04226";"LA FOUX D'ALLOS";"TÉLÉSKI DE LA CROUS";"04400";"UVERNET-FOURS";"Pylône autostable"; 4.0;"Commune, communauté de commune"
1894966;6.14806;43.76333;"06° 08' 53.00'' Est, 43° 45' 48.00'' Nord";"04176";;"ROUTE DE DIEZ - D111 TABLE D'ORIENTATION";"04500";"SAINTE-CROIX-DE-VERDON";"Pylône tubulaire"; 12.0;"ORANGE"
1896096;6.34583;44.41611;"06° 20' 45.00'' Est, 44° 24' 58.00'' Nord";"04126";"ST JEAN";"QUARTIER ST LEGER COL ST JEAN";"04140";"MONTCLAR";"Pylône autostable"; 27.0;"TDF"
1904269;5.54722;44.08278;"05° 32' 50.00'' Est, 44° 04' 58.00'' Nord";"04163";;"AVENUE CLÉMENCEAU AUTOCOM";"04150";"REVEST-DU-BION";"Bâtiment"; 4.0;"ORANGE Services Fixes"
1905170;5.99000;44.40583;"05° 59' 24.00'' Est, 44° 24' 21.00'' Nord";"04066";"LA CONDAMINE DE ROUSSET";;"05110";"CURBANS";"Bâtiment"; 12.4;"Société Privée SA"
1906470;6.34556;44.41583;"06° 20' 44.00'' Est, 44° 24' 57.00'' Nord";"04126";;"ST LEGER  COL DE ST JEAN";"04140";"MONTCLAR";"Pylône autostable"; 20.4;"TDF"
1919872;6.11778;44.46556;"06° 07' 04.00'' Est, 44° 27' 56.00'' Nord";"04150";"LE PLANUIL";;"05130";"PIEGUT";"Pylône tubulaire"; 12.9;"IFW-FREE"
1930054;6.17667;44.06833;"06° 10' 36.00'' Est, 44° 04' 06.00'' Nord";"04070";;"RTE DE MARSEILLE QUART LA TOUR ZA ST CHRISTOPHE MAT CD 04";"04000";"DIGNE-LES-BAINS";"Mât métallique"; 8.0;"Conseil Départemental"
1930056;6.23417;44.10889;"06° 14' 03.00'' Est, 44° 06' 32.00'' Nord";"04070";;"RUE DE L ARTISANAT PARC CD 04";"04000";"DIGNE-LES-BAINS";"Bâtiment"; 10.0;"Conseil Départemental"
1930058;6.09583;43.81750;"06° 05' 45.00'' Est, 43° 49' 03.00'' Nord";"04166";;"RUE AIME GASTINEL";"04500";"RIEZ";"Bâtiment"; 10.0;"Conseil Départemental"
1930060;6.02833;44.33389;"06° 01' 42.00'' Est, 44° 20' 02.00'' Nord";"04134";;"ROUTE DE SISTERON - SUBDIVISION SUBDIVISION";"04250";"LA MOTTE-DU-CAIRE";"Bâtiment"; 8.0;"Conseil Départemental"
1930062;6.74472;44.45694;"06° 44' 41.00'' Est, 44° 27' 25.00'' Nord";"04062";;"ROUTE DU BIEN ETRE";"04530";"LA CONDAMINE-CHATELARD";"Bâtiment"; 12.0;"Conseil Départemental"
1930064;6.43667;44.42722;"06° 26' 12.00'' Est, 44° 25' 38.00'' Nord";"04102";;"D 900 - SUBDIVISION SUBDIVISION";"04340";"LE LAUZET-UBAYE";"Bâtiment"; 15.0;"Conseil Départemental"
1930066;5.91889;43.91972;"05° 55' 08.00'' Est, 43° 55' 11.00'' Nord";"04143";;"AV FRANCIS RICHARD";"04700";"ORAISON";"Mât"; 15.0;"Conseil Départemental"
1930072;6.62611;44.17889;"06° 37' 34.00'' Est, 44° 10' 44.00'' Nord";"04061";;"LE GAOU SUBDIV COLMARS LES ALPES";"04370";"COLMARS";"Bâtiment"; 12.0;"Conseil Départemental"
1930078;6.37278;43.95444;"06° 22' 22.00'' Est, 43° 57' 16.00'' Nord";"04022";;"LA GRAND BATIE";"04330";"BARREME";"Bâtiment"; 10.0;"Conseil Départemental"
1930080;6.62472;44.24472;"06° 37' 29.00'' Est, 44° 14' 41.00'' Nord";"04006";;"ROUTE DE LA FOUX D 908";"04260";"ALLOS";"Bâtiment"; 15.0;"Conseil Départemental"
1930084;5.78694;43.82194;"05° 47' 13.00'' Est, 43° 49' 19.00'' Nord";"04112";;"AV GEORGES POMPIDOU";"04100";"MANOSQUE";"Bâtiment"; 7.0;"Conseil Départemental"
1930086;5.94944;44.18306;"05° 56' 58.00'' Est, 44° 10' 59.00'' Nord";"04209";;"1 ROUTE DE MARSEILLE";"04200";"SISTERON";"Bâtiment"; 15.0;"Conseil Départemental"
1930090;5.78333;44.04972;"05° 46' 60.00'' Est, 44° 02' 59.00'' Nord";"04178";;"QUARTIER L ABADIE PROCHE CHEM MURAILLE NEUVE";"04230";"SAINT-ETIENNE-LES-ORGUES";"Bâtiment"; 7.0;"Conseil Départemental"
1930092;6.35694;43.77944;"06° 21' 25.00'' Est, 43° 46' 46.00'' Nord";"04144";;"ROUTE DES CRETES";"04120";"LA PALUD-SUR-VERDON";"Bâtiment"; 10.0;"Conseil Départemental"
1930094;6.81222;43.94806;"06° 48' 44.00'' Est, 43° 56' 53.00'' Nord";"04076";;"D 911";"04320";"ENTREVAUX";"Bâtiment"; 4.0;"Conseil Départemental"
1930098;6.51194;43.96000;"06° 30' 43.00'' Est, 43° 57' 36.00'' Nord";"04173";;"CHEMIN DES ISCLES";"04170";"SAINT-ANDRE-LES-ALPES";"Pylône autostable"; 20.0;"Conseil Départemental"
1930106;6.45889;43.85167;"06° 27' 32.00'' Est, 43° 51' 06.00'' Nord";"04039";;"CRETE DE VILLARD BRANDIS LA SAPEE";"04120";"CASTELLANE";"Mât métallique"; 6.0;"Conseil Départemental"
1930108;5.64861;44.08778;"05° 38' 55.00'' Est, 44° 05' 16.00'' Nord";"04169";"LE CRAPON";"SOMMET DU CRAPON LE CRAPON";"04150";"LA ROCHEGIRON";"Pylône autostable"; 15.0;"DDE"
1930110;5.79778;44.12333;"05° 47' 52.00'' Est, 44° 07' 24.00'' Nord";"04178";;"CLAPOUES MONTAGNE DE LURE";"04230";"SAINT-ETIENNE-LES-ORGUES";"Pylône autostable"; 10.0;"RTE"
1930118;6.74194;44.31139;"06° 44' 31.00'' Est, 44° 18' 41.00'' Nord";"04226";;"REFUGE DE BAYASSE";"04400";"UVERNET-FOURS";"Bâtiment"; 12.0;"Société Privée SA"
1930120;6.64444;44.18556;"06° 38' 40.00'' Est, 44° 11' 08.00'' Nord";"04061";;"CHABANIER D2 COL DES CHAMPS";"04370";"COLMARS";"Pylône haubané"; 18.0;"Conseil Départemental"
1930122;6.87778;44.44694;"06° 52' 40.00'' Est, 44° 26' 49.00'' Nord";"04120";;"LES PLATES";"04530";"MEYRONNES";"Pylône autostable"; 12.0;"Etat, Ministère"
1930132;6.45361;44.02167;"06° 27' 13.00'' Est, 44° 01' 18.00'' Nord";"04173";;"MONTAGNE DE L ALLIER FORET DOMANIALE L ISSOLE";"04170";"SAINT-ANDRE-LES-ALPES";"Pylône haubané"; 8.0;"Conseil Départemental"
1930134;6.40778;43.93917;"06° 24' 28.00'' Est, 43° 56' 21.00'' Nord";"04022";;"BOIS DE LIEYE";"04330";"BARREME";"Pylône haubané"; 16.0;"Conseil Départemental"
1930142;6.66972;43.94222;"06° 40' 11.00'' Est, 43° 56' 32.00'' Nord";"04008";;"LES ROCHES DE ROUAINE";"04240";"ANNOT";"Pylône haubané"; 18.0;"Etat, Ministère"
1930148;6.57750;44.08889;"06° 34' 39.00'' Est, 44° 05' 20.00'' Nord";"04219";;"SERPEIGIER";"04170";"THORAME-HAUTE";"Pylône autostable"; 18.0;"Conseil Départemental"
1930302;6.12028;44.43000;"06° 07' 13.00'' Est, 44° 25' 48.00'' Nord";"04093";;"SOMMET DE MONTSERIEUX";"04250";"GIGORS";"Bâtiment"; 26.0;"SDIS, secours, incendie"
1931246;6.59417;43.81444;"06° 35' 39.00'' Est, 43° 48' 52.00'' Nord";"04148";"LA BATIE";"PRE ROUSSET ET COULET D'AU ROUTE NAPOLEON";"04120";"PEYROULES";"Pylône tubulaire"; 13.4;"IFW-FREE"
1938840;6.36806;43.95056;"06° 22' 05.00'' Est, 43° 57' 02.00'' Nord";"04022";;"ROUTE DE NICE PASSAGE À NIVEAU";"04330";"BARREME";"Bâtiment"; 5.0;"Etat, Ministère"
1953505;6.57250;43.82889;"06° 34' 21.00'' Est, 43° 49' 44.00'' Nord";"04092";"CLARNES";;"04120";"LA GARDE";"pylône arbre"; 11.6;"IFW-FREE"
1954418;6.42361;43.83333;"06° 25' 25.00'' Est, 43° 50' 00.00'' Nord";"04039";"SERRE DU PIGEONNNIER";"VILLAGE DE CHASTEUIL";"04120";"CASTELLANE";"Pylône tubulaire"; 13.4;"IFW-FREE"
1965183;5.78333;43.85194;"05° 46' 60.00'' Est, 43° 51' 07.00'' Nord";"04112";"MONT DES SPELS";"LES ESPELS CHEM DU RELAIS";"04100";"MANOSQUE";"Pylône autostable"; 12.0;"Commune, communauté de commune"
1985038;6.60528;44.37167;"06° 36' 19.00'' Est, 44° 22' 18.00'' Nord";"04226";"PRA LOUP";"IMMEUBLE DE LA SAPINIERE";"04400";"UVERNET-FOURS";"Immeuble"; 25.9;"Copropriété, Syndic, SCI"
1993709;6.15194;44.38778;"06° 09' 07.00'' Est, 44° 23' 16.00'' Nord";"04222";"PIAURE";;"04250";"TURRIERS";"Pylône autostable"; 16.5;"IFW-FREE"
2010006;6.19556;43.99722;"06° 11' 44.00'' Est, 43° 59' 50.00'' Nord";"04121";;"1 PLACE DE L'ÉGLISE EGLISE";"04270";"MEZEL";"Monument religieux"; 17.0;"Commune, communauté de commune"
2013141;6.80333;44.47583;"06° 48' 12.00'' Est, 44° 28' 33.00'' Nord";"04120";;"RTE MILITAIRE";"04540";"MEYRONNES";"Pylône autostable"; 23.4;"TDF"
2013977;6.22528;43.82556;"06° 13' 31.00'' Est, 43° 49' 32.00'' Nord";"04135";;"RTE DES SALLES CHÂTEAU DOMAINE DE VALS";"04360";"MOUSTIERS-SAINTE-MARIE";"Immeuble"; 20.0;"Conseil Régional"
2013979;6.01417;43.69972;"06° 00' 51.00'' Est, 43° 41' 59.00'' Nord";"04158";;"LA CHARBONNIERE";"04500";"QUINSON";"Pylône autostable"; 6.0;"Conseil Régional"
2013981;6.08833;43.75500;"06° 05' 18.00'' Est, 43° 45' 18.00'' Nord";"04124";;"D 211 RAVIN DE FONT BASSE";"04500";"MONTAGNAC-MONTPEZAT";"Château d'eau - réservoir"; 10.0;"Commune, communauté de commune"
2015057;6.14694;43.76083;"06° 08' 49.00'' Est, 43° 45' 39.00'' Nord";"04176";"LES POURETTES";"RD 111 RÉSERVOIR";"04500";"SAINTE-CROIX-DE-VERDON";"Local technique"; 7.0;"Conseil Régional"
2027695;6.68528;44.35917;"06° 41' 07.00'' Est, 44° 21' 33.00'' Nord";"04073";"SUPER SAUZE";"LE VENTOUX STATION SUPER SAUZE";"04400";"ENCHASTRAYES";"Immeuble"; 21.0;"Copropriété, Syndic, SCI"
2041954;5.93833;44.19222;"05° 56' 18.00'' Est, 44° 11' 32.00'' Nord";"04209";"LE MOLARD";"CHEM D'ACCÈS AU CHALET DU MOLARD PRÈS GR.6";"04200";"SISTERON";"Local technique"; 10.0;"TDF"
2046766;6.10222;43.99833;"06° 06' 08.00'' Est, 43° 59' 54.00'' Nord";"04181";"LES TRAVERSES";;"04270";"SAINT-JEANNET";"Pylône autostable"; 22.0;"SFR"
2050799;6.17639;43.92167;"06° 10' 35.00'' Est, 43° 55' 18.00'' Nord";"04184";"MOLANS";"SITE ITAS TIM";"04410";"SAINT-JURS";"Pylône autostable"; 30.0;"TDF"
2059739;5.81306;43.80111;"05° 48' 47.00'' Est, 43° 48' 04.00'' Nord";"04112";;"BD ST MAURICE - A51 RUE DES SENTEURS RUE DES SENTEURS";"04100";"MANOSQUE";"Pylône tubulaire"; 12.0;"ORANGE"
2063783;6.19306;44.16361;"06° 11' 35.00'' Est, 44° 09' 49.00'' Nord";"04167";"L'APPENIER";"RTE DU COL DE LA CROIX";"04000";"LA ROBINE-SUR-GALABRE";"Pylône autostable"; 13.5;"BOUYGUES"
2066751;6.67222;43.96389;"06° 40' 20.00'' Est, 43° 57' 50.00'' Nord";"04008";;"GARE";"04240";"ANNOT";"Bâtiment"; 5.0;"SNCF Réseau"
2066753;6.20917;44.08528;"06° 12' 33.00'' Est, 44° 05' 07.00'' Nord";"04070";;"2 AV DU COLONEL NOEL";"0400";"DIGNE-LES-BAINS";"Bâtiment"; 6.0;"Commune, communauté de commune"
2078275;5.80250;44.12306;"05° 48' 09.00'' Est, 44° 07' 23.00'' Nord";"04178";"SOMMET DE LURE";"GR6";"04230";"SAINT-ETIENNE-LES-ORGUES";"Bâtiment"; 18.0;"ORANGE Services Fixes"
2078431;6.13111;43.87028;"06° 07' 52.00'' Est, 43° 52' 13.00'' Nord";"04157";;"CHEMIN DES TOUIRES CAMPING";"04410";"PUIMOISSON";"Pylône tubulaire"; 22.3;"IFW-FREE"
2085323;6.12778;43.86278;"06° 07' 40.00'' Est, 43° 51' 46.00'' Nord";"04157";;"PLACE SAINT ELOI";"04410";"PUIMOISSON";"Bâtiment"; 4.0;"Commune, communauté de commune"
2085325;6.16833;43.87083;"06° 10' 06.00'' Est, 43° 52' 15.00'' Nord";"04157";;"AÉRODROME PLAINE DE RÈME";"04410";"PUIMOISSON";"Bâtiment"; 3.5;"Aviation Civile"
2114182;6.13222;43.87028;"06° 07' 56.00'' Est, 43° 52' 13.00'' Nord";"04157";;"STADE COMMUNAL CHEMIN D'EXPLOITATION 32";"04410";"PUIMOISSON";"Pylône autostable"; 21.0;"ORANGE"
2117923;5.84500;43.94194;"05° 50' 42.00'' Est, 43° 56' 31.00'' Nord";"04138";"LES POULINS";"CHEMIN COMMUNALE LA ROLLANE";"04300";"NIOZELLES";"Pylône autostable"; 21.0;"ORANGE"
2120511;6.55722;43.82833;"06° 33' 26.00'' Est, 43° 49' 42.00'' Nord";"04092";"GRAND PRÉ";"ROUTE DU CIMETIÈRE";"04120";"LA GARDE";"Pylône autostable"; 20.0;"ORANGE"
2122284;6.12750;44.24000;"06° 07' 39.00'' Est, 44° 14' 24.00'' Nord";"04016";"VIVIER";;"04200";"AUTHON";"Pylône autostable"; 7.5;"BOUYGUES"
2132205;5.85611;44.26667;"05° 51' 22.00'' Est, 44° 15' 60.00'' Nord";"04123";;"RES DE CHAMP FLORIN TERRAIN SERVICES TECHNIQUES";"04200";"MISON";"Pylône autostable"; 25.0;"ORANGE"
2152105;6.55722;43.82833;"06° 33' 26.00'' Est, 43° 49' 42.00'' Nord";"04092";;"ROUTE DU CIMETIÈRE";"04120";"LA GARDE";"Pylône autostable"; 20.0;"ORANGE Services Fixes"
2162279;6.50861;43.84194;"06° 30' 31.00'' Est, 43° 50' 31.00'' Nord";"04039";"SAINT LAZARE";"D 102";"04120";"CASTELLANE";"Pylône autostable"; 24.8;"TDF"
2162681;6.69500;44.34444;"06° 41' 42.00'' Est, 44° 20' 40.00'' Nord";"04073";;"TELESKI DU GRAND QUARTIER CABANE DE DEPART";"04400";"ENCHASTRAYES";"Bâtiment"; 4.0;"Société Privée SA"
2162846;6.59500;43.81556;"06° 35' 42.00'' Est, 43° 48' 56.00'' Nord";"04148";"PRE ROUSSET ET COULET D AUT";"D4085 ROUTE NAPOLÉON";"04120";"PEYROULES";"Pylône autostable"; 18.0;"ORANGE"
2166412;6.35111;44.16778;"06° 21' 04.00'' Est, 44° 10' 04.00'' Nord";"04097";"LES BLACHES";"QUARTIER DES BLACHES";"04420";"LA JAVIE";"Pylône autostable"; 14.0;"BOUYGUES"
2176065;5.85833;43.89472;"05° 51' 30.00'' Est, 43° 53' 41.00'' Nord";"04242";;"CHEMIN DE LA TUBETTE";"04180";"VILLENEUVE";"Pylône autostable"; 22.0;"TDF"
2184319;6.31861;44.29111;"06° 19' 07.00'' Est, 44° 17' 28.00'' Nord";"04017";"LES AUBERTS";;"04140";"AUZET";"Pylône autostable"; 14.0;"BOUYGUES"
2186976;6.84556;44.40722;"06° 50' 44.00'' Est, 44° 24' 26.00'' Nord";"04120";;"TETE DE FER";"04530";"MEYRONNES";"Pylône autostable"; 6.0;"Etat, Ministère"
2189923;6.00306;44.06528;"06° 00' 11.00'' Est, 44° 03' 55.00'' Nord";"04049";;"CHEMIN DE L USINE DU NORD USINE";"04160";"CHATEAU-ARNOUX-SAINT-AUBAN";"Bâtiment"; 15.0;"Société Privée SA"
2208579;6.31722;43.86806;"06° 19' 02.00'' Est, 43° 52' 05.00'' Nord";"04030";"MONT CHIRAN - L'OBSERVATOIRE";;"04330";"BLIEUX";"Pylône autostable"; 8.3;"BOUYGUES"
2211545;6.76611;44.47444;"06° 45' 58.00'' Est, 44° 28' 28.00'' Nord";"04193";"LES GLEIZOLLES";;"04530";"SAINT-PAUL-SUR-UBAYE";"Pylône autostable"; 12.0;"ORANGE"
2212683;6.12861;43.96250;"06° 07' 43.00'' Est, 43° 57' 45.00'' Nord";"04181";"LES CONTES";;"04270";"SAINT-JEANNET";"Pylône autostable"; 26.4;"BOUYGUES"
2216398;6.59111;44.29250;"06° 35' 28.00'' Est, 44° 17' 33.00'' Nord";"04006";"POUSSENDRIOU";;"04260";"ALLOS";"Pylône autostable"; 9.2;"BOUYGUES"
2221070;6.21167;44.21667;"06° 12' 42.00'' Est, 44° 13' 00.00'' Nord";"04167";"ESPINASSE";;"04000";"LA ROBINE-SUR-GALABRE";"Pylône autostable"; 20.0;"BOUYGUES"
2223310;6.00056;44.06667;"06° 00' 02.00'' Est, 44° 04' 00.00'' Nord";"04049";;"USINE DE ST AUBAN SECURITE INCENDIE";"04160";"CHATEAU-ARNOUX-SAINT-AUBAN";"Bâtiment"; 29.0;"Société Privée SA"
2223314;5.99889;44.06750;"05° 59' 56.00'' Est, 44° 04' 03.00'' Nord";"04049";;"CENTRAL SERVICE INCENDIE USINE DE ST AUBAN";"04160";"CHATEAU-ARNOUX-SAINT-AUBAN";"Bâtiment"; 18.0;"Société Privée SA"
2223316;5.99917;44.06778;"05° 59' 57.00'' Est, 44° 04' 04.00'' Nord";"04049";;"ATELIER CENTRAL USINE DE ST AUBAN";"04160";"CHATEAU-ARNOUX-SAINT-AUBAN";"Bâtiment"; 15.0;"Société Privée SA"
2223318;6.00278;44.06472;"06° 00' 10.00'' Est, 44° 03' 53.00'' Nord";"04049";;"PC SECURITE USINE DE ST AUBAN";"04160";"CHATEAU-ARNOUX-SAINT-AUBAN";"Bâtiment"; 15.0;"Société Privée SA"
2224916;6.21972;44.16556;"06° 13' 11.00'' Est, 44° 09' 56.00'' Nord";"04167";"PLEILAN";"LE FOREST";"04000";"LA ROBINE-SUR-GALABRE";"Pylône autostable"; 15.2;"BOUYGUES"
2225139;5.79861;43.82028;"05° 47' 55.00'' Est, 43° 49' 13.00'' Nord";"04112";;"AVENUE DU 1 ER MAI";"04100";"MANOSQUE";"Pylône tubulaire"; 20.0;"IFW-FREE"
2233872;6.26528;44.13639;"06° 15' 55.00'' Est, 44° 08' 11.00'' Nord";"04113";;"CHEMIN SERRE COURT";"04420";"MARCOUX";"Pylône autostable"; 7.0;"BOUYGUES"
2234151;5.85833;43.89472;"05° 51' 30.00'' Est, 43° 53' 41.00'' Nord";"04242";"LE TRECOL";;"04180";"VILLENEUVE";"Pylône autostable"; 14.5;"TDF"
2239491;6.00250;44.06500;"06° 00' 09.00'' Est, 44° 03' 54.00'' Nord";"04049";"USINE ARKEMA ST-AUBAN";"AVENUE DU JAS POSTE DE GARDE";"04160";"CHATEAU-ARNOUX-SAINT-AUBAN";"Bâtiment"; 13.0;"Société Privée SA"
2251891;6.51500;43.88056;"06° 30' 54.00'' Est, 43° 52' 50.00'' Nord";"04039";"CHEIRON";"D 402";"04120";"CASTELLANE";"Pylône autostable"; 33.0;"IFW-FREE"
2253069;6.14472;44.30583;"06° 08' 41.00'' Est, 44° 18' 21.00'' Nord";"04023";;"BAUMIANE ET LA FOUENT";"04250";"BAYONS";"Pylône autostable"; 26.4;"BOUYGUES"
2254846;5.96333;44.08806;"05° 57' 48.00'' Est, 44° 05' 17.00'' Nord";"04053";"LES BARRUGUES";"CHEMIN DE LA LAUZE";"04200";"CHATEAUNEUF-VAL-SAINT-DONAT";"Pylône autostable"; 33.0;"IFW-FREE"
2257807;5.84500;43.94194;"05° 50' 42.00'' Est, 43° 56' 31.00'' Nord";"04138";"LES POULINS";;"04300";"NIOZELLES";"Pylône autostable"; 28.0;"BOUYGUES"
2259955;5.94333;43.76000;"05° 56' 36.00'' Est, 43° 45' 36.00'' Nord";"04189";;"LE PAYANET";"04800";"SAINT-MARTIN-DE-BROMES";"Pylône autostable"; 26.2;"IFW-FREE"
2259957;6.01861;44.14722;"06° 01' 07.00'' Est, 44° 08' 50.00'' Nord";"04211";;"LA COMBE";"04290";"SOURRIBES";"Pylône autostable"; 26.2;"IFW-FREE"
2276345;6.52583;43.84472;"06° 31' 33.00'' Est, 43° 50' 41.00'' Nord";"04039";"SAINTE VICTOIRE";;"04120";"CASTELLANE";"Mât"; 4.0;"EDF ou GDF"
2286910;6.52944;44.00778;"06° 31' 46.00'' Est, 44° 00' 28.00'' Nord";"04136";"LES PLAINES DE MAUREL";;"04136";"LA MURE-ARGENS";"Mât"; 5.0;"BOUYGUES"
2292193;6.02722;44.34528;"06° 01' 38.00'' Est, 44° 20' 43.00'' Nord";"04134";"LE CHATEAU D'EAU";;"04250";"LA MOTTE-DU-CAIRE";"Pylône autostable"; 20.0;"TDF"
2297943;6.02806;43.89806;"06° 01' 41.00'' Est, 43° 53' 53.00'' Nord";"04035";"LES PIECES NOBLES";"D108";"04210";"BRUNET";"Pylône autostable"; 26.3;"IFW-FREE"
2298096;5.96694;44.04389;"05° 58' 01.00'' Est, 44° 02' 38.00'' Nord";"04149";"ZAC DE LA CASSINE";"RUE DES PÉNITENTS";"04310";"PEYRUIS";"Mât béton"; 6.0;"Société Privée SA"
2298104;6.63861;44.38694;"06° 38' 19.00'' Est, 44° 23' 13.00'' Nord";"04019";"TERRAIN VAGUE";"AVENUE ERNEST PELLOTIER TERRAIN VAGUE";"04400";"BARCELONNETTE";"Mât béton"; 2.0;"Société Privée SA"
2304471;6.71889;44.01833;"06° 43' 08.00'' Est, 44° 01' 06.00'' Nord";"04042";"LES CHABOUETTES";"COL DU FAM";"04320";"CASTELLET-LES-SAUSSES";"Pylône autostable"; 17.0;"IFW-FREE"
2306851;5.99028;44.22056;"05° 59' 25.00'' Est, 44° 13' 14.00'' Nord";"04075";"FAISSOLLE";"D753";"04200";"ENTREPIERRES";"Pylône autostable"; 39.0;"IFW-FREE"
2309466;5.95000;44.19361;"05° 57' 00.00'' Est, 44° 11' 37.00'' Nord";"04209";;"300 CHEMIN DE LA MACHINE FIXE";"04200";"SISTERON";"Pylône tubulaire"; 13.0;"ORANGE"
2312632;6.42139;43.89250;"06° 25' 17.00'' Est, 43° 53' 33.00'' Nord";"04204";"LA TUILIÈRE BLIEUX";;"04330";"SENEZ";"Pylône autostable"; 10.0;"ORANGE Services Fixes"
2335945;6.40778;43.93917;"06° 24' 28.00'' Est, 43° 56' 21.00'' Nord";"04022";"MONTAGNE DE LIEYE";;"04330";"BARREME";"Pylône autostable"; 35.0;"Towercast"
2344592;6.02500;44.11333;"06° 01' 30.00'' Est, 44° 06' 48.00'' Nord";"04244";;"RUE DE VIERE";"04290";"VOLONNE";"Pylône autostable"; 33.0;"IFW-FREE"
2352193;5.90500;44.06861;"05° 54' 18.00'' Est, 44° 04' 07.00'' Nord";"04109";;"CHAPELET";"04230";"MALLEFOUGASSE-AUGES";"Pylône autostable"; 32.9;"IFW-FREE"
2359174;6.02806;43.72222;"06° 01' 41.00'' Est, 43° 43' 20.00'' Nord";"04158";"LA VUDELE";"D15";"04500";"QUINSON";"Château d'eau - réservoir"; 19.0;"Syndicat des eaux, Adduction"
2359178;6.53500;44.28500;"06° 32' 06.00'' Est, 44° 17' 06.00'' Nord";"04155";"L'ESTROP-OUEST";;"04420";"PRADS-HAUTE-BLEONE";"Pylône tubulaire"; 20.0;"SDIS, secours, incendie"
2360056;6.44583;43.83528;"06° 26' 45.00'' Est, 43° 50' 07.00'' Nord";"04039";"PEIRE GROSSE";"SENTIERS ROMNES";"04120";"CASTELLANE";"Mât béton"; 4.0;"ORANGE Services Fixes"
2360258;6.42306;43.83250;"06° 25' 23.00'' Est, 43° 49' 57.00'' Nord";"04039";"SERRE DU PIGEONNIER";"CHEMIN COMMUNAL";"04120";"CASTELLANE";"Pylône tubulaire"; 12.0;"ORANGE"
2373203;6.57750;44.34861;"06° 34' 39.00'' Est, 44° 20' 55.00'' Nord";"04226";"LE PÉGUIÉOU";"TÉLÉSIÈGE DU PÉGUIÉOU STATION DE PRA-LOUP";"04400";"UVERNET-FOURS";"Pylône autostable"; 10.0;"Commune, communauté de commune"
2373205;5.77389;43.95528;"05° 46' 26.00'' Est, 43° 57' 19.00'' Nord";"04088";;"AV THIERRY D'ARGENLIEU";"04300";"FORCALQUIER";"Bâtiment"; 12.0;"Conseil Départemental"
2373210;6.01000;44.08972;"06° 00' 36.00'' Est, 44° 05' 23.00'' Nord";"04049";"ST PIERRE";"RTE DE NICE";"04600";"CHATEAU-ARNOUX-SAINT-AUBAN";"Bâtiment"; 15.0;"Conseil Départemental"
2373217;6.50722;43.85167;"06° 30' 26.00'' Est, 43° 51' 06.00'' Nord";"04039";;"RTE DE DIGNE D 4085 - RN 85";"04120";"CASTELLANE";"Bâtiment"; 13.0;"Conseil Départemental"
2373220;6.64972;44.38667;"06° 38' 59.00'' Est, 44° 23' 12.00'' Nord";"04019";;"1 AV DES 3 FRERES ARNAUD DIVISION TECHNIQUE";"04400";"BARCELONNETTE";"Immeuble"; 20.0;"Conseil Départemental"
2373222;6.31667;43.86806;"06° 18' 60.00'' Est, 43° 52' 05.00'' Nord";"04030";"LE CHIRAN";;"04330";"BLIEUX";"Mât"; 10.0;"Conseil Départemental"
2373242;6.64028;44.38750;"06° 38' 25.00'' Est, 44° 23' 15.00'' Nord";"04019";"LE CHAZELAS";"1 RUE ERNEST PELLOTIER";"04400";"BARCELONNETTE";"Bâtiment"; 10.0;"Conseil Départemental"
2373244;5.63056;44.03639;"05° 37' 50.00'' Est, 44° 02' 11.00'' Nord";"04018";;"CHEMIN DE LA GRANGE LA GRANGE SUBDIVISION";"04150";"BANON";"Bâtiment"; 6.0;"Conseil Départemental"
2373246;5.93333;44.20722;"05° 56' 00.00'' Est, 44° 12' 26.00'' Nord";"04209";"MÉTÉLINE";"ROUTE DE GAP ZA DE PROVIOU";"04200";"SISTERON";"Bâtiment"; 14.0;"Conseil Départemental"
2373248;6.19306;43.84167;"06° 11' 35.00'' Est, 43° 50' 30.00'' Nord";"04135";;"RTE DE SAINTE CROIX COTE 784";"04360";"MOUSTIERS-SAINTE-MARIE";"Pylône haubané"; 20.0;"Conseil Départemental"
2386727;6.60028;44.04583;"06° 36' 01.00'' Est, 44° 02' 45.00'' Nord";"04219";"MONTRUVEL";"LA COLLE SAINT MICHEL";"04170";"THORAME-HAUTE";"Pylône tubulaire"; 27.0;"IFW-FREE"
2399944;5.62611;44.01000;"05° 37' 34.00'' Est, 44° 00' 36.00'' Nord";"04018";;"ROUTE CARNIOL LACTALIS";"04150";"BANON";"Bâtiment"; 14.0;"Société Privée SA"
2403434;6.02917;44.04611;"06° 01' 45.00'' Est, 44° 02' 46.00'' Nord";"04108";"AUTOCOM";"AVENUE DE LA HAUTE PROVENCE AUTOCOM";"04350";"MALIJAI";"Pylône autostable"; 3.5;"ORANGE Services Fixes"
2406550;6.25222;44.25806;"06° 15' 08.00'' Est, 44° 15' 29.00'' Nord";"04020";"LE FOREST";"PROCHE ROUTE DE LA CHINE";"04140";"BARLES";"Pylône autostable"; 26.3;"IFW-FREE"
2406583;6.38583;44.31500;"06° 23' 09.00'' Est, 44° 18' 54.00'' Nord";"04205";"LE GRAND PUY";"TÉLÉSKI DE MÉLÈZES";"04140";"SEYNE";"Pylône tubulaire"; 14.2;"BOUYGUES"
2407298;6.04083;44.05083;"06° 02' 27.00'' Est, 44° 03' 03.00'' Nord";"04108";"LE VIERARD";"RÉSERVOIR MUNICIPAL CHEMIN DES CHAMBLIN  - QUARTIER DES CONVERTIS";"04350";"MALIJAI";"Pylône autostable"; 12.0;"ORANGE"
2410082;5.81528;43.79806;"05° 48' 55.00'' Est, 43° 47' 53.00'' Nord";"04112";;"1002 AVENUE ST MAURICE ZI ST MAURICE";"04100";"MANOSQUE";"Pylône autostable"; 23.0;"ORANGE"
2411837;5.98917;44.15806;"05° 59' 21.00'' Est, 44° 09' 29.00'' Nord";"04200";"JEAN BLANC";"VIEUX VILLAGE D604";"04290";"SALIGNAC";"pylône arbre"; 13.3;"IFW-FREE"
2419600;5.92167;43.89861;"05° 55' 18.00'' Est, 43° 53' 55.00'' Nord";"04143";;"FONT DU LOUP ET MOULIERES";"04700";"ORAISON";"Pylône autostable"; 47.0;"Towercast"
2432358;6.36750;43.78139;"06° 22' 03.00'' Est, 43° 46' 53.00'' Nord";"04144";"LA GRAU";;"04120";"LA PALUD-SUR-VERDON";"Pylône autostable"; 12.0;"Société Privée SA"
2433783;6.08222;43.82028;"06° 04' 56.00'' Est, 43° 49' 13.00'' Nord";"04166";"PLAINE DES TOURETTES";;"04500";"RIEZ";"Pylône autostable"; 44.0;"Towercast"
2433790;6.08222;43.82028;"06° 04' 56.00'' Est, 43° 49' 13.00'' Nord";"04166";"PLAINE DES TOURETTES";;"04500";"RIEZ";"Pylône autostable"; 44.0;"Towercast"
2433967;6.19306;43.98139;"06° 11' 35.00'' Est, 43° 58' 53.00'' Nord";"04121";"CAMARGUE";;"04270";"MEZEL";"Pylône autostable"; 36.0;"IFW-FREE"
2436551;5.79778;44.12333;"05° 47' 52.00'' Est, 44° 07' 24.00'' Nord";"04178";;"CLAPOUES MONTAGNE DE LURE";"04230";"SAINT-ETIENNE-LES-ORGUES";"Pylône autostable"; 10.0;"RTE"
2437301;6.32250;44.35861;"06° 19' 21.00'' Est, 44° 21' 31.00'' Nord";"04203";"LES COURS";;"04140";"SELONNET";"Pylône autostable"; 20.5;"BOUYGUES"
