Numéro du support;Longitude;Latitude;"Position";"Insee";"Lieu dit";"Adresse";"Code postal";"Commune";"Nature du support";Hauteur en m;"Propriétaire"
6070;-0.14944;48.92722;"00° 08' 58.00'' Ouest, 48° 55' 38.00'' Nord";"14216";;"FALAISE AERODROME MONTS D'ERAINES";"14620";"DAMBLAINVILLE";"Bâtiment"; 14.0;"Météo"
6072;-0.51889;49.34028;"00° 31' 08.00'' Ouest, 49° 20' 25.00'' Nord";"14739";;"RUE DU PAVILLON PHARE";"14114";"VER-SUR-MER";"Phare"; 34.0;"Phares et balises"
6074;-0.24722;49.28000;"00° 14' 50.00'' Ouest, 49° 16' 48.00'' Nord";"14488";"PHARE";;"14150";"OUISTREHAM";"Phare"; 35.0;
26175;0.10750;49.27194;"00° 06' 27.00'' Est, 49° 16' 19.00'' Nord";"14055";"DRUMARE";"LE HARMEAU PRÈS CHATEAU D'EAU";"14950";"BEAUMONT-EN-AUGE";"Pylône autostable"; 30.0;"TDF"
52373;0.36194;49.14139;"00° 21' 43.00'' Est, 49° 08' 29.00'' Nord";"14403";"LE VERT VIQUET";"CHEM RURAL DU VERT VIQUET";"14100";"MAROLLES";"Pylône autostable"; 43.0;"BOUYGUES"
73969;-0.92944;49.16000;"00° 55' 46.00'' Ouest, 49° 09' 36.00'' Nord";"14445";"LA MALBRECHE";"CHÂTEAU D'EAU";"14490";"MONTFIQUET";"Château d'eau - réservoir"; 32.0;"Syndicat des eaux, Adduction"
73979;-1.05306;48.94722;"01° 03' 11.00'' Ouest, 48° 56' 50.00'' Nord";"14513";"LA CRIÈRE";;"14380";"PONT-FARCY";"Pylône tubulaire"; 30.0;"ORANGE"
74019;0.08694;49.36500;"00° 05' 13.00'' Est, 49° 21' 54.00'' Nord";"14715";;"R SIR BERTRAND RUSSEL ECOLE RENÉ COTY";"14360";"TROUVILLE-SUR-MER";"Immeuble"; 17.0;"Commune, communauté de commune"
74033;-0.58861;49.17222;"00° 35' 19.00'' Ouest, 49° 10' 20.00'' Nord";"14278";;"RTE DE TILLY SUR SEULLES";"14250";"FONTENAY-LE-PESNEL";"Château d'eau - réservoir"; 35.0;"Syndicat des eaux, Adduction"
74037;-0.97083;49.33944;"00° 58' 15.00'' Ouest, 49° 20' 22.00'' Nord";"14378";;"CHEM RURAL N°9";"14230";"LONGUEVILLE";"Pylône autostable"; 30.0;"ORANGE"
74043;0.27694;49.37944;"00° 16' 37.00'' Est, 49° 22' 46.00'' Nord";"14001";"LE GROS CHÊNE";;"14600";"ABLON";"Château d'eau - réservoir"; 20.8;"Commune, communauté de commune"
74059;-0.37583;49.17389;"00° 22' 33.00'' Ouest, 49° 10' 26.00'' Nord";"14118";;"14 AVE ALBERT SOREL";"14000";"CAEN";"Immeuble"; 25.0;"Conseil Régional"
112176;0.14028;49.26278;"00° 08' 25.00'' Est, 49° 15' 46.00'' Nord";"14055";"P.S CD 280";;"14950";"BEAUMONT-EN-AUGE";"Pylône autostable";;
112180;-0.15250;49.20889;"00° 09' 09.00'' Ouest, 49° 12' 32.00'' Nord";"14045";"L'EGLISE";;"14670";"BASSENEVILLE";"Pylône autostable"; 8.0;
143041;-0.79778;49.04139;"00° 47' 52.00'' Ouest, 49° 02' 29.00'' Nord";"14374";"LES HOCBURES";"ROUTE DES ESTUAIRES";"14240";"LES LOGES";"Pylône autostable"; 32.0;"DDE"
143045;-0.49250;49.15389;"00° 29' 33.00'' Ouest, 49° 09' 14.00'' Nord";"14454";"LE HAUT DE MOUEN";;"14790";"MOUEN";"Pylône autostable"; 26.0;"DDE"
143052;-0.30556;49.15778;"00° 18' 20.00'' Ouest, 49° 09' 28.00'' Nord";"14437";;"R NICEPHONE NIEPCE";"14120";"MONDEVILLE";"Pylône autostable"; 26.0;"DDE"
147097;0.36194;49.19000;"00° 21' 43.00'' Est, 49° 11' 24.00'' Nord";"14460";;"LA HAUVAGÈRE D 143  CHÂTEAU D EAU";"14590";"MOYAUX";"Château d'eau - réservoir"; 33.0;"Syndicat des eaux, Adduction"
165630;-0.24917;49.27583;"00° 14' 57.00'' Ouest, 49° 16' 33.00'' Nord";"14488";;"TERMINAL BRITTANY FERRIES";"14150";"OUISTREHAM";"Support non décrit"; 10.0;
179056;0.23500;49.42611;"00° 14' 06.00'' Est, 49° 25' 34.00'' Nord";"14333";"BUREAU SAS ECLUSE JETE EST";"PORT DE HONFLEUR BUREAU SAS ECLUSE JETE EST";"14600";"HONFLEUR";"Support non décrit"; 10.0;
181937;-0.06056;49.07972;"00° 03' 38.00'' Ouest, 49° 04' 47.00'' Nord";"14431";;"PL FRANCOIS MITTERAND";"14270";"MEZIDON-CANON";"Support non décrit"; 10.0;
242685;-0.81417;48.93833;"00° 48' 51.00'' Ouest, 48° 56' 18.00'' Nord";"14061";"LES FIEFFES";"GR221 VC N°6";"14350";"LE BENY-BOCAGE";"Pylône autostable"; 30.0;"ORANGE"
255157;-0.86000;49.28722;"00° 51' 36.00'' Ouest, 49° 17' 14.00'' Nord";"14668";;"INCONNU";"14330";"SAONNET";"Bâtiment"; 28.0;
284695;0.25944;49.42500;"00° 15' 34.00'' Est, 49° 25' 30.00'' Nord";"14333";;"BD JUDOVICIE / AV. AUGUSTIN ZI";"14600";"HONFLEUR";"Pylône tubulaire"; 27.0;"ORANGE"
331343;-0.35972;49.20778;"00° 21' 35.00'' Ouest, 49° 12' 28.00'' Nord";"14118";;"13 R JOSEPH ROUSSELOT IMM EURORÉSIDENCE";"14000";"CAEN";"Immeuble"; 22.0;"Copropriété, Syndic, SCI"
339070;-0.32028;49.19333;"00° 19' 13.00'' Ouest, 49° 11' 36.00'' Nord";"14327";;"BASSIN D HEROUVILLE";"14200";"HEROUVILLE-SAINT-CLAIR";"Bâtiment"; 6.0;
343585;0.11083;49.43167;"00° 06' 39.00'' Est, 49° 25' 54.00'' Nord";"14755";"DIGUE DU RATIER";"BALISE A";"14113";"VILLERVILLE";"Mât"; 5.0;"CCI,Ch Metiers,Port Aut,Aérop"
345959;-0.06306;49.30472;"00° 03' 47.00'' Ouest, 49° 18' 17.00'' Nord";"14338";"LA BUTTE DE HOULGATE";"CHEM RURAL DU SÉMAPHORE";"14510";"HOULGATE";"Local technique"; 6.0;"CCI,Ch Metiers,Port Aut,Aérop"
346425;0.23250;49.42750;"00° 13' 57.00'' Est, 49° 25' 39.00'' Nord";"14333";"DIGUE DE L'EST";"RADAR DE HONFLEUR";"14600";"HONFLEUR";"Pylône autostable"; 9.0;"CCI,Ch Metiers,Port Aut,Aérop"
367998;-0.34556;49.18250;"00° 20' 44.00'' Ouest, 49° 10' 57.00'' Nord";"14118";;"9 AV VICTOR HUGO";"14000";"CAEN";"Pylône autostable"; 43.0;"EDF ou GDF"
368000;-0.33611;49.13778;"00° 20' 10.00'' Ouest, 49° 08' 16.00'' Nord";"14341";;"R DE LA DRONNIÈRE";"14123";"IFS";"Pylône autostable"; 44.0;"EDF ou GDF"
389786;0.06778;49.36139;"00° 04' 04.00'' Est, 49° 21' 41.00'' Nord";"14220";;"9004B BD DE LA MER";"14800";"DEAUVILLE";"Bâtiment"; 7.0;"Commune, communauté de commune"
392890;0.21083;49.13944;"00° 12' 39.00'' Est, 49° 08' 22.00'' Nord";"14574";;"11 ROUTE DE FALAISE";"14100";"SAINT-DESIR";"Pylône tubulaire"; 20.0;"CCI,Ch Metiers,Port Aut,Aérop"
395665;-0.37306;49.18111;"00° 22' 23.00'' Ouest, 49° 10' 52.00'' Nord";"14118";;"ESPLANADE JM LOUVEL";"14000";"CAEN";"Mât"; 2.0;
420705;-0.36111;49.20139;"00° 21' 40.00'' Ouest, 49° 12' 05.00'' Nord";"14118";;"51 AV COTE DE NACRE PÉRICENTRE OUEST N°5";"14000";"CAEN";"Bâtiment"; 24.0;"Copropriété, Syndic, SCI"
430548;-0.42389;49.33111;"00° 25' 26.00'' Ouest, 49° 19' 52.00'' Nord";"14066";;"R DU GÉNÉRAL LECLERC EGLISE";"14990";"BERNIERES-SUR-MER";"Monument religieux"; 53.0;
430671;-0.21972;49.21944;"00° 13' 11.00'' Ouest, 49° 13' 10.00'' Nord";"14046";"LA GRANDE BRUYÈRE";"CHEM DU 8ÈME PARA BRITANNIQUE";"14860";"BAVENT";"Pylône autostable"; 35.0;"ORANGE"
435351;-0.27833;49.19556;"00° 16' 42.00'' Ouest, 49° 11' 44.00'' Nord";"14167";"DELLE DES ROUGETTES";"RD 226 ENTRE CUVERVILLE ET COLOMBELLES";"14460";"COLOMBELLES";"Pylône haubané"; 103.0;"TDF"
435586;-0.66861;48.85861;"00° 40' 07.00'' Ouest, 48° 51' 31.00'' Nord";"14726";;"RUE DU COLLÈGE - D108 STADE MUNICIPAL";"14410";"VASSY";"Pylône autostable"; 31.0;"ORANGE Services Fixes"
435670;-0.40306;49.21194;"00° 24' 11.00'' Ouest, 49° 12' 43.00'' Nord";"14566";;"6 R DE LA TOUR";"14280";"SAINT-CONTEST";"Tour hertzienne"; 64.0;"ORANGE Services Fixes"
436001;-1.03167;48.86417;"01° 01' 54.00'' Ouest, 48° 51' 51.00'' Nord";"14671";;"CHEM COMMUNAL PRÈS MAIRIE ET ECOLE";"14380";"SEPT-FRERES";"Pylône autostable"; 15.0;"TDF"
436453;0.21222;49.14750;"00° 12' 44.00'' Est, 49° 08' 51.00'' Nord";"14366";"CANFRAN";"CHEM DE LA CAVÉE";"14100";"LISIEUX";"Pylône autostable"; 51.0;"TDF"
437503;-0.28000;48.91111;"00° 16' 48.00'' Ouest, 48° 54' 40.00'' Nord";"14753";;"ROUTE DE ST GERMAIN LANGOT DELLE SUR BORDEAUX";"14420";"VILLERS-CANIVET";"Pylône autostable"; 67.0;"ORANGE Services Fixes"
438096;-0.88861;48.83306;"00° 53' 19.00'' Ouest, 48° 49' 59.00'' Nord";"14762";"LA BESNARDIÈRE";"R DU SQUARE DES BESNADIÈRES";"14500";"VIRE";"Pylône autostable"; 45.0;"TDF"
438100;-0.87722;48.83917;"00° 52' 38.00'' Ouest, 48° 50' 21.00'' Nord";"14762";"LES HAUTS VENTS";"R G.FAUVEL";"14500";"VIRE";"Pylône autostable"; 40.0;"TDF"
439091;-0.71833;49.33972;"00° 43' 06.00'' Ouest, 49° 20' 23.00'' Nord";"14377";"LE PLANET";"CHATEAU D'EAU";"14400";"LONGUES-SUR-MER";"Château d'eau - réservoir"; 50.0;"Syndicat des eaux, Adduction"
440251;0.18639;49.14889;"00° 11' 11.00'' Est, 49° 08' 56.00'' Nord";"14574";"LE LIEU PAISANT";"D151";"14100";"SAINT-DESIR";"Pylône autostable"; 87.0;"ORANGE Services Fixes"
440267;-0.69028;49.27639;"00° 41' 25.00'' Ouest, 49° 16' 35.00'' Nord";"14663";;"R CHARLES MALAS INTERSEC DE RD126 PROCHE DU CHATEAU D'EAU";"14400";"SAINT-VIGOR-LE-GRAND";"Pylône autostable"; 52.0;"TDF"
440899;0.08083;49.36806;"00° 04' 51.00'' Est, 49° 22' 05.00'' Nord";"14715";;"PL MARECHAL DE LATTRE DE TASSIGNY  EGLISE BONSECOURS";"14360";"TROUVILLE-SUR-MER";"Monument religieux"; 31.0;"Commune, communauté de commune"
440902;-0.11000;49.28833;"00° 06' 36.00'' Ouest, 49° 17' 18.00'' Nord";"14117";;"2 AV PASTEUR";"14390";"CABOURG";"Immeuble"; 16.0;"Société HLM"
444880;-0.34028;49.20250;"00° 20' 25.00'' Ouest, 49° 12' 09.00'' Nord";"14327";;"TOUR 1101 - QUARTIER DE LA HAUTE FOLIE";"14200";"HEROUVILLE-SAINT-CLAIR";"Immeuble"; 54.0;"Société HLM"
445785;0.20250;49.29000;"00° 12' 09.00'' Est, 49° 17' 24.00'' Nord";"14514";"LIEU GRIEU";"ÉCHANGEUR A13/A132 BRETELLE DEAUVILLE/PARIS";"14130";"PONT-L'EVEQUE";"Pylône autostable"; 47.0;"Sociétés d'Autoroutes"
446061;-0.40111;49.19611;"00° 24' 04.00'' Ouest, 49° 11' 46.00'' Nord";"14118";;"R DE LA COTONNIÈRE ZI DU CHEM VERT";"14000";"CAEN";"Pylône autostable"; 35.0;"TDF"
446166;-0.37139;49.15222;"00° 22' 17.00'' Ouest, 49° 09' 08.00'' Nord";"14271";;"RUE FRANÇOIS MITTERRAND CHÂTEAU D'EAU DE FLEURY SUR ORNE";"14123";"FLEURY-SUR-ORNE";"Château d'eau - réservoir"; 47.6;"Commune, communauté de commune"
446523;-0.49472;48.88917;"00° 29' 41.00'' Ouest, 48° 53' 21.00'' Nord";"14162";"BELLEVUE";"RD 562  TERRAIN MOTO CROSS";"14570";"CLECY";"Pylône tubulaire"; 32.0;"TDF"
446571;0.26778;49.14778;"00° 16' 04.00'' Est, 49° 08' 52.00'' Nord";"14366";;"R EDOUARD BRANLY HIPPODROME DE LISIEUX";"14100";"LISIEUX";"Pylône tubulaire"; 24.0;"ORANGE"
447681;0.13639;49.34000;"00° 08' 11.00'' Est, 49° 20' 24.00'' Nord";"14578";"HUGUE";"LA FORÊT D288";"14130";"SAINT-GATIEN-DES-BOIS";"Château d'eau - réservoir"; 30.0;"Syndicat des eaux, Adduction"
448310;0.18528;49.06389;"00° 11' 07.00'' Est, 49° 03' 50.00'' Nord";"14582";"LE POT BLANC";;"14100";"SAINT-GERMAIN-DE-LIVET";"Tour hertzienne"; 58.0;"TDF"
448560;-0.66000;49.14972;"00° 39' 36.00'' Ouest, 49° 08' 59.00'' Nord";"14336";;"ROUTE DE CAUMONT";"14250";"HOTTOT-LES-BAGUES";"Château d'eau - réservoir"; 20.0;"Syndicat des eaux, Adduction"
449103;0.02694;49.21722;"00° 01' 37.00'' Est, 49° 13' 02.00'' Nord";"14231";;"D 276 - ROUTE DE CRESSEVEUILLE CHATEAU D'EAU";"14340";"BEAUFOUR-DRUVAL";"Château d'eau - réservoir"; 33.0;"Syndicat des eaux, Adduction"
449129;0.23972;49.14222;"00° 14' 23.00'' Est, 49° 08' 32.00'' Nord";"14366";;"1 R PIERRE CORNEILLE";"14100";"LISIEUX";"Immeuble"; 52.0;"Société Privée SA"
449186;0.18444;49.34778;"00° 11' 04.00'' Est, 49° 20' 52.00'' Nord";"14578";;"R DES ECOLES";"14130";"SAINT-GATIEN-DES-BOIS";"Château d'eau - réservoir"; 41.0;"Syndicat des eaux, Adduction"
449190;0.23389;49.40861;"00° 14' 02.00'' Est, 49° 24' 31.00'' Nord";"14333";;"CHEM DU PETIT ST PIERRE";"14600";"HONFLEUR";"Château d'eau - réservoir"; 36.0;"Commune, communauté de commune"
449423;-0.41556;49.19472;"00° 24' 56.00'' Ouest, 49° 11' 41.00'' Nord";"14587";;"R DE LA COTONNIÈRE ZI DU CHEM VERT";"14280";"SAINT-GERMAIN-LA-BLANCHE-HERBE";"Bâtiment"; 5.0;"9 CEGETEL"
450063;0.34444;49.14222;"00° 20' 40.00'' Est, 49° 08' 32.00'' Nord";"14403";"LA FOSSE";"HAMEAU DE CHENEVIÈRE";"14100";"MAROLLES";"Château d'eau - réservoir"; 38.0;"Syndicat des eaux, Adduction"
450779;-0.79111;49.09194;"00° 47' 28.00'' Ouest, 49° 05' 31.00'' Nord";"14372";"LE REPAS";"D 71";"14240";"LIVRY";"Pylône tubulaire"; 46.5;"Conseil Départemental"
456412;-0.32611;48.88167;"00° 19' 34.00'' Ouest, 48° 52' 54.00'' Nord";"14502";"LA BRUYÈRE DU HUTREL";"LE MESNIL JACQUET";"14690";"PIERREPONT";"Pylône autostable"; 35.0;"FPS TOWERS"
456439;-0.34306;48.83667;"00° 20' 35.00'' Ouest, 48° 50' 12.00'' Nord";"14343";"L'HERBAGE DE LA CROIX";"RD 128";"14690";"LES ISLES-BARDEL";"Pylône autostable"; 35.0;"FPS TOWERS"
460832;-0.62222;48.97250;"00° 37' 20.00'' Ouest, 48° 58' 21.00'' Nord";"14508";"LA BRUYERE";"CR65";"14770";"LE PLESSIS-GRIMOULT";"Pylône autostable"; 35.0;"Particulier"
464597;-0.35722;49.15972;"00° 21' 26.00'' Ouest, 49° 09' 35.00'' Nord";"14118";;"8 R DE LA POMME D'OR- LA GRACE DE DIEU";"14000";"CAEN";"Immeuble"; 30.0;"Société HLM"
465185;-0.34056;49.17444;"00° 20' 26.00'' Ouest, 49° 10' 28.00'' Nord";"14118";;"214 R D'AUGE";"14000";"CAEN";"Immeuble"; 48.7;"Copropriété, Syndic, SCI"
465214;-0.34944;49.19278;"00° 20' 58.00'' Ouest, 49° 11' 34.00'' Nord";"14118";;"60 R D'HÉROUVILLE";"14000";"CAEN";"Immeuble"; 32.0;"Etat, Ministère"
466489;0.23667;49.41389;"00° 14' 12.00'' Est, 49° 24' 50.00'' Nord";"14333";"LA CÔTE VASSALE";;"14600";"HONFLEUR";"Pylône autostable"; 31.0;"TDF"
466792;-0.12389;49.05083;"00° 07' 26.00'' Ouest, 49° 03' 03.00'' Nord";"14749";"PETIT MAGNY";"D 152";"14270";"VIEUX-FUME";"Château d'eau - réservoir"; 54.0;"Syndicat des eaux, Adduction"
469924;-0.39722;49.19389;"00° 23' 50.00'' Ouest, 49° 11' 38.00'' Nord";"14118";;"7- 9 R DE BOURGOGNE CHEM VERT";"14000";"CAEN";"Immeuble"; 47.0;"Société HLM"
471407;-0.84528;48.83972;"00° 50' 43.00'' Ouest, 48° 50' 23.00'' Nord";"14730";"LA CROIX GAILLON";"D512";"14500";"VAUDRY";"Pylône autostable"; 30.0;"ORANGE"
472646;-0.26333;48.99028;"00° 15' 48.00'' Ouest, 48° 59' 25.00'' Nord";"14678";"LES MINES DE SOUMONT";"RD 43  A COTE DU BOIS AUX VOLEURS";"14420";"SOUMONT-SAINT-QUENTIN";"Immeuble"; 52.0;"Société Privée SA"
483373;0.06861;49.33444;"00° 04' 07.00'' Est, 49° 20' 04.00'' Nord";"14701";"LES MONTS VOLANTS";"RUE DE LA MARE À TOUQUES CHÂTEAU D'EAU DU MONT CANISY";"14800";"TOURGEVILLE";"Château d'eau - réservoir"; 36.0;"Syndicat des eaux, Adduction"
484194;-0.55667;48.84611;"00° 33' 24.00'' Ouest, 48° 50' 46.00'' Nord";"14174";"LA CONTERIE";"AV  DE LA CONTERIE LE STADE";"14110";"CONDE-SUR-NOIREAU";"Pylône autostable"; 40.0;"TDF"
486962;-0.32167;49.17028;"00° 19' 18.00'' Ouest, 49° 10' 13.00'' Nord";"14437";;"19 CHEM DE LA CAVÉE PRÈS D.613";"14120";"MONDEVILLE";"Château d'eau - réservoir"; 66.0;"Syndicat des eaux, Adduction"
487693;-0.71667;49.27389;"00° 43' 00.00'' Ouest, 49° 16' 26.00'' Nord";"14047";;"ROUTE DE LITTRY  STADE MUNICIPAL";"14400";"BAYEUX";"Pylône tubulaire"; 25.0;"ORANGE"
492058;-0.57611;49.18667;"00° 34' 34.00'' Ouest, 49° 11' 12.00'' Nord";"14278";"LA CAMPAGNE DU ROY";"CHEM RURAL DIT DE BOISLONDE";"14250";"FONTENAY-LE-PESNEL";"Pylône autostable"; 45.0;"FPS TOWERS"
492184;-0.51222;49.09889;"00° 30' 44.00'' Ouest, 49° 05' 56.00'' Nord";"14257";"L'EPINE D'ARRY";;"14210";"EVRECY";"Château d'eau - réservoir"; 35.0;"Syndicat des eaux, Adduction"
492875;-0.36278;49.16944;"00° 21' 46.00'' Ouest, 49° 10' 10.00'' Nord";"14118";;"20, R AUGUSTE LECHESNE";"14000";"CAEN";"Immeuble"; 31.0;"Copropriété, Syndic, SCI"
493528;-0.37056;49.28528;"00° 22' 14.00'' Ouest, 49° 17' 07.00'' Nord";"14228";;"R JEAN PERRIN ZA DE LA FOSSETTE";"14440";"DOUVRES-LA-DELIVRANDE";"Pylône autostable"; 43.0;"TDF"
495026;-0.22389;49.23444;"00° 13' 26.00'' Ouest, 49° 14' 04.00'' Nord";"14106";;"RD 37B  RTE DE BREVILLE  CH D'EAU";"14860";"BREVILLE";"Château d'eau - réservoir"; 46.0;"Syndicat des eaux, Adduction"
496508;-0.61083;48.97139;"00° 36' 39.00'' Ouest, 48° 58' 17.00'' Nord";"14508";"LA BRUYERE";"LE MONT PICON";"14770";"LE PLESSIS-GRIMOULT";"Pylône autostable"; 56.0;"TDF"
497193;0.10806;49.38611;"00° 06' 29.00'' Est, 49° 23' 10.00'' Nord";"14715";"SEMAPHORE";"CHEM DU BAS COUYERES";"14360";"TROUVILLE-SUR-MER";"Sémaphore"; 23.0;"Autres"
498702;0.20111;49.30472;"00° 12' 04.00'' Est, 49° 18' 17.00'' Nord";"14682";;"LIEU MARESCOT";"14130";"SURVILLE";"Château d'eau - réservoir"; 19.0;"Syndicat des eaux, Adduction"
499246;-0.29056;49.22750;"00° 17' 26.00'' Ouest, 49° 13' 39.00'' Nord";"14076";;"QUAI CAEN CANAL PORT MARITIME PRES CENTRALE ELECTRIQUE";"14550";"BLAINVILLE-SUR-ORNE";"Pylône autostable"; 38.5;"FPS TOWERS"
499253;-0.35889;49.18639;"00° 21' 32.00'' Ouest, 49° 11' 11.00'' Nord";"14118";"ST PIERRE";"R LEROY ÉGLISE";"14000";"CAEN";"Monument religieux"; 29.0;"Commune, communauté de commune"
500122;-0.72028;49.27889;"00° 43' 13.00'' Ouest, 49° 16' 44.00'' Nord";"14047";"LA COUR ST JULIEN";"RESERVOIR DE L OUEST";"14400";"BAYEUX";"Château d'eau - réservoir"; 40.0;"Syndicat des eaux, Adduction"
501103;-0.46778;49.26056;"00° 28' 04.00'' Ouest, 49° 15' 38.00'' Nord";"14685";"LA PETITE HAIE";;"14610";"THAON";"Château d'eau - réservoir"; 51.0;"Syndicat des eaux, Adduction"
501156;-0.68222;49.27917;"00° 40' 56.00'' Ouest, 49° 16' 45.00'' Nord";"14663";;"BD WINSTON CHURCHILL ZONE ARTISANALE";"14400";"SAINT-VIGOR-LE-GRAND";"Pylône haubané"; 29.0;"Lagardère Active Média"
501662;-0.35361;49.19917;"00° 21' 13.00'' Ouest, 49° 11' 57.00'' Nord";"14118";;"114-116 R DE LÉBISEY CITÉ U";"14000";"CAEN";"Bâtiment"; 37.0;"Société Privée SA"
502216;0.22556;49.15472;"00° 13' 32.00'' Est, 49° 09' 17.00'' Nord";"14366";;"R DES PETITS JARDINS IMM JASMIN";"14100";"LISIEUX";"Bâtiment"; 21.0;"Société HLM"
502236;0.24694;49.14306;"00° 14' 49.00'' Est, 49° 08' 35.00'' Nord";"14366";;"2 SQ CLAUDE MONET";"14100";"LISIEUX";"Immeuble"; 34.0;"Société HLM"
502709;0.25278;49.12583;"00° 15' 10.00'' Est, 49° 07' 33.00'' Nord";"14069";"LES RABOTS";;"14100";"BEUVILLERS";"Pylône tubulaire"; 31.0;"ORANGE"
502807;-0.37500;49.18389;"00° 22' 30.00'' Ouest, 49° 11' 02.00'' Nord";"14118";;"23 RUE  ST NICOLAS";"14000";"CAEN";"Monument religieux"; 45.0;"Commune, communauté de commune"
505264;-0.75250;49.33861;"00° 45' 09.00'' Ouest, 49° 20' 19.00'' Nord";"14515";;"R DES ALBATROS-ZI";"14520";"PORT-EN-BESSIN-HUPPAIN";"Pylône autostable"; 35.0;"ORANGE"
505280;-0.53500;49.33611;"00° 32' 06.00'' Ouest, 49° 20' 10.00'' Nord";"14739";;"R DE LA BARRE  LA VOIE MAINE";"14114";"VER-SUR-MER";"Pylône tubulaire"; 37.0;"TDF"
505602;-0.89306;48.84139;"00° 53' 35.00'' Ouest, 48° 50' 29.00'' Nord";"14762";;"R GASTON VIMONT";"14500";"VIRE";"Immeuble"; 19.0;"Société HLM"
506130;-0.53750;49.14111;"00° 32' 15.00'' Ouest, 49° 08' 28.00'' Nord";"14311";"LE CARROUGE";"R DE FRIBOURG";"14210";"GRAINVILLE-SUR-ODON";"Château d'eau - réservoir"; 28.6;"Syndicat des eaux, Adduction"
506235;-0.40667;49.25972;"00° 24' 24.00'' Ouest, 49° 15' 35.00'' Nord";"14014";"LA CROIX FRERARE";"LES BLANCROTTES RD 79";"14610";"ANGUERNY";"Château d'eau - réservoir"; 39.0;"Syndicat des eaux, Adduction"
506742;-0.71111;49.28806;"00° 42' 40.00'' Ouest, 49° 17' 17.00'' Nord";"14047";"LE CLOS ST-NICOLAS";"R DU BARON GÉRARD TOUR DES PENSÉES";"14400";"BAYEUX";"Immeuble"; 55.0;"Société HLM"
507036;0.23278;49.42778;"00° 13' 58.00'' Est, 49° 25' 40.00'' Nord";"14333";"DIGUE DE L'EST";"RADAR DE HONFLEUR";"14600";"HONFLEUR";"Tour de contrôle"; 41.0;"CCI,Ch Metiers,Port Aut,Aérop"
507103;-0.63389;49.33361;"00° 38' 02.00'' Ouest, 49° 20' 01.00'' Nord";"14709";;"CD 32 STADE D'ARROMANCHES";"14117";"TRACY-SUR-MER";"Pylône tubulaire"; 30.0;"ORANGE"
507165;-0.18972;49.17417;"00° 11' 23.00'' Ouest, 49° 10' 27.00'' Nord";"14712";"LES BRUYÈRES DE ST-PAIR";"CHÂTEAU D'EAU";"14670";"TROARN";"Château d'eau - réservoir"; 48.0;"Syndicat des eaux, Adduction"
507548;-0.82444;49.33778;"00° 49' 28.00'' Ouest, 49° 20' 16.00'' Nord";"14591";"BICETRE";"LES ANGERS";"14520";"SAINTE-HONORINE-DES-PERTES";"Pylône autostable"; 53.0;"TDF"
508981;-0.75444;49.34444;"00° 45' 16.00'' Ouest, 49° 20' 40.00'' Nord";"14515";;"R DE BAYEUX";"14520";"PORT-EN-BESSIN-HUPPAIN";"Monument religieux"; 32.0;"Commune, communauté de commune"
509592;-0.29556;49.16417;"00° 17' 44.00'' Ouest, 49° 09' 51.00'' Nord";"14437";"L'ETOILE";"2 AV COMMERCES CCAL DE MONDEVILLE";"14120";"MONDEVILLE";"Pylône autostable"; 46.4;"Société Privée SA"
510135;-0.61000;48.97139;"00° 36' 36.00'' Ouest, 48° 58' 17.00'' Nord";"14508";"LE MONT PINÇON";"RD54 D'AUNAY SUR ODON VERS PLESSIS GRIMOULT";"14770";"LE PLESSIS-GRIMOULT";"Pylône haubané"; 220.0;"TDF"
510718;-0.88167;49.24139;"00° 52' 54.00'' Ouest, 49° 14' 29.00'' Nord";"14370";"TAINVILLE";"CHEM RURAL DIT R DE TAINVILLE";"14330";"LE MOLAY-LITTRY";"Pylône tubulaire"; 38.0;"TDF"
511603;-0.15111;49.11806;"00° 09' 04.00'' Ouest, 49° 07' 05.00'' Nord";"14456";"LA HOGUETTE";;"14370";"MOULT";"Pylône autostable"; 25.0;"ORANGE"
513728;-0.02833;49.27306;"00° 01' 42.00'' Ouest, 49° 16' 23.00'' Nord";"14305";"LA MAISON BLANCHE";"CHÂTEAU D'EAU CD 142A";"14510";"GONNEVILLE-SUR-MER";"Château d'eau - réservoir"; 50.0;"Syndicat des eaux, Adduction"
514228;-0.04944;49.22111;"00° 02' 58.00'' Ouest, 49° 13' 16.00'' Nord";"14229";;"VOIE COMMUNALE N°3 DITE DU MONT ECANU PROCHE CHÂTEAU D'EAU";"14430";"DOZULE";"Pylône autostable"; 26.0;"ORANGE"
515217;-0.88194;48.85361;"00° 52' 55.00'' Ouest, 48° 51' 13.00'' Nord";"14762";;"19 R DE L'INDUSTRIE";"14500";"VIRE";"Pylône autostable"; 30.0;"SFR"
516480;-0.87778;48.85750;"00° 52' 40.00'' Ouest, 48° 51' 27.00'' Nord";"14762";;"108 ROUTE DE CAEN";"14500";"VIRE";"Bâtiment"; 15.0;"Particulier"
517948;-0.19694;48.89333;"00° 11' 49.00'' Ouest, 48° 53' 36.00'' Nord";"14258";;"AV CHARLES DE GAULLE CENTRE FRANCE TELECOM";"14700";"FALAISE";"Bâtiment"; 21.0;"ORANGE Services Fixes"
519044;-0.32944;49.28472;"00° 19' 46.00'' Ouest, 49° 17' 05.00'' Nord";"14325";"LA BRICOLE";;"14880";"HERMANVILLE-SUR-MER";"Pylône tubulaire"; 30.0;"CELLNEX"
522823;-0.19722;49.27472;"00° 11' 50.00'' Ouest, 49° 16' 29.00'' Nord";"14409";;"AV ALEXANDRE DE LAVERGNE CHÂTEAU D'EAU COMMUNAL";"14810";"MERVILLE-FRANCEVILLE-PLAGE";"Château d'eau - réservoir"; 56.0;"Commune, communauté de commune"
522923;-0.17417;49.10667;"00° 10' 27.00'' Ouest, 49° 06' 24.00'' Nord";"14456";;"RTE ST PIERRE SUR DIVES- SILO-COOPCAN-ENTRE LIGNE";"14370";"MOULT";"Bâtiment"; 46.0;"Coopérative Agricole, Vinicole"
526127;-0.62222;49.33778;"00° 37' 20.00'' Ouest, 49° 20' 16.00'' Nord";"14021";;"PL DU GL DE GAULLE";"14117";"ARROMANCHES-LES-BAINS";"Monument religieux"; 34.0;"Commune, communauté de commune"
526159;-0.24944;49.14194;"00° 14' 58.00'' Ouest, 49° 08' 31.00'' Nord";"14119";;"R DE PARIS";"14630";"CAGNY";"Château d'eau - réservoir"; 44.8;"Syndicat des eaux, Adduction"
526703;-0.45778;49.32028;"00° 27' 28.00'' Ouest, 49° 19' 13.00'' Nord";"14191";"LE GRAND PARC";"RTE DE RÉVIERS - D170 ZI LE GRAND PARC";"14470";"COURSEULLES-SUR-MER";"Pylône autostable"; 38.3;"ORANGE"
526794;-0.45250;49.16056;"00° 27' 09.00'' Ouest, 49° 09' 38.00'' Nord";"14738";;"R DES 4 VENTS ZA LA MESNILLIERE VC N° 3";"14790";"VERSON";"Pylône tubulaire"; 32.0;"FPS TOWERS"
526838;0.12500;49.39500;"00° 07' 30.00'' Est, 49° 23' 42.00'' Nord";"14755";;"CHEMIN DES TERROIS RD 513 STADE JOSEPH BLANCHARD";"14113";"VILLERVILLE";"Pylône tubulaire"; 37.0;"FPS TOWERS"
533431;0.22167;49.14417;"00° 13' 18.00'' Est, 49° 08' 39.00'' Nord";"14366";;"25 B AV DU 6 JUIN";"14100";"LISIEUX";"Immeuble"; 49.0;"Société HLM"
533447;-0.35944;49.31528;"00° 21' 34.00'' Ouest, 49° 18' 55.00'' Nord";"14384";;"R DU DR TESSEL TERRAIN DE SPORT";"14530";"LUC-SUR-MER";"Pylône autostable"; 30.0;"BOUYGUES"
534994;0.28361;49.26583;"00° 17' 01.00'' Est, 49° 15' 57.00'' Nord";"14077";"LE PRÉ DE LA BRUYÈRE";"PRES DU CARREFOUR DE RILLEGATE  BOIS DE LA COUYERE";"14130";"BLANGY-LE-CHATEAU";"Château d'eau - réservoir"; 50.3;"Syndicat des eaux, Adduction"
536916;0.02944;49.33500;"00° 01' 46.00'' Est, 49° 20' 06.00'' Nord";"14079";;"R MARCELLE HARICOT CENTRE SPORTIF";"14910";"BLONVILLE-SUR-MER";"Pylône autostable"; 24.0;"ORANGE"
536942;-0.59722;49.24028;"00° 35' 50.00'' Ouest, 49° 14' 25.00'' Nord";"14406";"HAMEAU ST LEGER";"CH D'EAU";"14740";"MARTRAGNY";"Château d'eau - réservoir"; 44.6;"Syndicat des eaux, Adduction"
537934;-0.28472;49.24861;"00° 17' 05.00'' Ouest, 49° 14' 55.00'' Nord";"14060";"LES FOSSES";"R DES CARRIÈRES TERRAIN COMMUNAL";"14970";"BENOUVILLE";"Pylône tubulaire"; 24.0;"ORANGE"
541410;-0.62417;49.09250;"00° 37' 27.00'' Ouest, 49° 05' 33.00'' Nord";"14491";"LES BRUYERES DE MONTBROCQ";"RN 175";"14310";"PARFOURU-SUR-ODON";"Pylône autostable"; 54.0;"ORANGE Services Fixes"
543885;-0.40528;49.31000;"00° 24' 19.00'' Ouest, 49° 18' 36.00'' Nord";"14228";"TAILLEVILLE";"RTE DÉPARTEMENTALE N°219 ( CARREFOUR AVEC LA RD 21 CHÂTEAU D'EAU DE S.A.E.P DE LA RÉGION DE ST AUBIN";"14440";"DOUVRES-LA-DELIVRANDE";"Château d'eau - réservoir"; 45.0;"Syndicat des eaux, Adduction"
543897;-0.50222;49.31139;"00° 30' 08.00'' Ouest, 49° 18' 41.00'' Nord";"14038";"STE CROIX SUR MER";"RTE DE BANVILLE/STE CROIX  D112";"14480";"BANVILLE";"Château d'eau - réservoir"; 46.0;"Syndicat des eaux, Adduction"
547406;-0.39833;49.18583;"00° 23' 54.00'' Ouest, 49° 11' 09.00'' Nord";"14118";;"12 R DU GÉNÉRAL MOULIN";"14000";"CAEN";"Immeuble"; 20.5;"Copropriété, Syndic, SCI"
549728;-0.20278;48.88389;"00° 12' 10.00'' Ouest, 48° 53' 02.00'' Nord";"14258";;"3 R DESCARTES ZI SUD OUEST";"14700";"FALAISE";"Pylône tubulaire"; 35.0;"FPS TOWERS"
553592;0.11694;49.36889;"00° 07' 01.00'' Est, 49° 22' 08.00'' Nord";"14715";"LE PARQUET";"D.74 / VC LE PRÉ CLAIR";"14360";"TROUVILLE-SUR-MER";"Pylône autostable"; 36.0;"TDF"
553661;0.23250;49.19306;"00° 13' 57.00'' Est, 49° 11' 35.00'' Nord";"14466";;"LA CROIX DES COITTES";"14100";"NOROLLES";"Pylône autostable"; 18.0;"ORANGE"
555985;-0.36472;49.20000;"00° 21' 53.00'' Ouest, 49° 12' 00.00'' Nord";"14118";;"10 R LANTHEUIL";"14000";"CAEN";"Immeuble"; 17.0;"Société HLM"
557203;-0.08250;49.28333;"00° 04' 57.00'' Ouest, 49° 16' 60.00'' Nord";"14225";"LE PRE VARIN";;"14160";"DIVES-SUR-MER";"Pylône autostable"; 24.0;"ORANGE Services Fixes"
560277;-0.53861;48.85917;"00° 32' 19.00'' Ouest, 48° 51' 33.00'' Nord";"14174";"LE BOIS DE LA JUSTICE";"D.562";"14110";"CONDE-SUR-NOIREAU";"Pylône autostable"; 38.0;"ORANGE"
562581;-0.37444;49.20861;"00° 22' 28.00'' Ouest, 49° 12' 31.00'' Nord";"14118";;"25 BD  MARÉCHAL JUIN CSEC - CODIS CASERNE DES POMPIERS DE COUVRECHEF";"14000";"CAEN";"Pylône autostable"; 34.0;"ORANGE"
564732;-0.36917;49.32472;"00° 22' 09.00'' Ouest, 49° 19' 29.00'' Nord";"14354";;"58 R DU GÉNÉRAL LECLERC";"14830";"LANGRUNE-SUR-MER";"Bâtiment"; 16.0;"Copropriété, Syndic, SCI"
564734;-0.28778;49.17111;"00° 17' 16.00'' Ouest, 49° 10' 16.00'' Nord";"14301";;"R DE L' INDUSTRIE Z.I. DU MARTRAY STÉ CINGAL ELECTRICITÉ";"14730";"GIBERVILLE";"Pylône tubulaire"; 25.0;"ORANGE"
570926;-0.19889;48.90083;"00° 11' 56.00'' Ouest, 48° 54' 03.00'' Nord";"14258";"CHEMS DES OLIVIERS";;"14700";"FALAISE";"Pylône autostable"; 42.5;"TDF"
574799;-0.27389;49.19056;"00° 16' 26.00'' Ouest, 49° 11' 26.00'' Nord";"14215";;"R DES HAUTS FOURNEAUX ZONE ARTISANALE LA VANIÈRE";"14840";"CUVERVILLE";"Pylône tubulaire"; 25.0;"ORANGE"
576253;-0.87139;48.85500;"00° 52' 17.00'' Ouest, 48° 51' 18.00'' Nord";"14762";;"R DE L'ARTISANAT ANGLE R DE L' ARTISANAT/R DE LA PLANCHE";"14500";"VIRE";"Pylône tubulaire"; 25.0;"ORANGE"
576981;-0.87917;49.36778;"00° 52' 45.00'' Ouest, 49° 22' 04.00'' Nord";"14605";"LES MOULINS";"CHEM DES LAQUAIS";"14710";"SAINT-LAURENT-SUR-MER";"Pylône tubulaire"; 30.0;"ORANGE"
588999;-0.43778;49.00139;"00° 26' 16.00'' Ouest, 49° 00' 05.00'' Nord";"14207";"LA FORGE A CAMBRO";"D 562 CHÂTEAU D'EAU DE CROISILLES";"14220";"CROISILLES";"Château d'eau - réservoir"; 42.0;"Commune, communauté de commune"
593753;-0.35806;49.20000;"00° 21' 29.00'' Ouest, 49° 12' 00.00'' Nord";"14118";;"174 R DE LA DELIVRANDE CHATEAU D EAU DE LA GIRAFE";"14000";"CAEN";"Château d'eau - réservoir"; 51.0;"Commune, communauté de commune"
604179;-0.35139;49.10056;"00° 21' 05.00'' Ouest, 49° 06' 02.00'' Nord";"14277";"LA HOGUETTE";"CHEM DÉPARTEMENTAL N°235 CHÂTEAU D'EAU DE FONTENAY LE MARMION";"14320";"FONTENAY-LE-MARMION";"Château d'eau - réservoir"; 40.0;"Commune, communauté de commune"
614428;-0.40722;49.13972;"00° 24' 26.00'' Ouest, 49° 08' 23.00'' Nord";"14396";"DELLE DES COURTES PIECES";"RD 212";"14930";"MALTOT";"Pylône tubulaire"; 35.0;"FPS TOWERS"
615160;0.17083;49.00389;"00° 10' 15.00'' Est, 49° 00' 14.00'' Nord";"14371";;"ROUTE D'ORBEC";"14140";"LIVAROT";"Pylône autostable"; 36.0;"Towercast"
615221;0.21500;49.14833;"00° 12' 54.00'' Est, 49° 08' 54.00'' Nord";"14366";"LE REFUGE";;"14100";"LISIEUX";"Pylône autostable"; 42.0;"Towercast"
615265;0.41917;49.02694;"00° 25' 09.00'' Est, 49° 01' 37.00'' Nord";"14740";"CAMPAUGÉ";;"14290";"LA VESPIERE";"Pylône autostable"; 36.0;"Towercast"
618255;0.15750;49.27000;"00° 09' 27.00'' Est, 49° 16' 12.00'' Nord";"14534";"BOIS DE REUX";"CHEM DU CORNICA";"14130";"REUX";"Château d'eau - réservoir"; 42.0;"Syndicat des eaux, Adduction"
621762;0.18528;49.06417;"00° 11' 07.00'' Est, 49° 03' 51.00'' Nord";"14582";"LE POT BLANC";"SAINT GERMAIN DE LIVET - EDF";"14100";"SAINT-GERMAIN-DE-LIVET";"Mât métallique"; 30.0;"EDF ou GDF"
632551;-0.42611;49.16583;"00° 25' 34.00'' Ouest, 49° 09' 57.00'' Nord";"14101";;"AV DE LA VOIE AU COQ";"14760";"BRETTEVILLE-SUR-ODON";"Pylône autostable"; 34.0;"ORANGE"
636061;-1.10806;49.31833;"01° 06' 29.00'' Ouest, 49° 19' 06.00'' Nord";"14342";"LE CAMPING";"R DU DR TOURAILLE";"14230";"ISIGNY-SUR-MER";"Pylône autostable"; 26.0;"ORANGE Services Fixes"
638998;0.40861;49.02917;"00° 24' 31.00'' Est, 49° 01' 45.00'' Nord";"14478";"LES CAPUCINS";"13 R DES FRÈRES BIGOT";"14290";"ORBEC";"Château d'eau - réservoir"; 47.0;"Syndicat des eaux, Adduction"
639005;0.06750;49.35806;"00° 04' 03.00'' Est, 49° 21' 29.00'' Nord";"14220";;"BD  EUGENE CORNUCHÉ HOTEL ROYAL";"14800";"DEAUVILLE";"Bâtiment"; 37.2;"Société Privée SA"
639557;0.35944;49.05278;"00° 21' 34.00'' Est, 49° 03' 10.00'' Nord";"14154";"LA ROSIÈRE";"D 519";"14290";"LA CHAPELLE-YVON";"Pylône autostable"; 35.0;"TDF"
644126;-0.47694;48.98917;"00° 28' 37.00'' Ouest, 48° 59' 21.00'' Nord";"14689";"LA ROCHE BOUQUET";;"14220";"THURY-HARCOURT";"Pylône tubulaire"; 29.0;"TDF"
644788;-0.55750;48.84583;"00° 33' 27.00'' Ouest, 48° 50' 45.00'' Nord";"14174";"LA CONTERIE";"SITE ITAS TIM";"14110";"CONDE-SUR-NOIREAU";"Pylône autostable"; 36.0;"Itas Tim"
649603;0.21056;49.14861;"00° 12' 38.00'' Est, 49° 08' 55.00'' Nord";"14574";"RÉVOLU";"SITE ITAS TIM";"14100";"SAINT-DESIR";"Pylône autostable"; 48.0;"Itas Tim"
651875;-0.11556;49.29389;"00° 06' 56.00'' Ouest, 49° 17' 38.00'' Nord";"14117";;"PROMENADE MARCEL PROUST GRAND HÔTEL JARDIN DU CASINO";"14390";"CABOURG";"Immeuble"; 25.0;"Commune, communauté de commune"
656397;-0.61000;48.97139;"00° 36' 36.00'' Ouest, 48° 58' 17.00'' Nord";"14508";"LE MONT PINÇON";"STATION HERTZIENNE TDF RD54 D'AUNAY SUR ODON VERS LE PLESSIS GRIMOULT";"14770";"LE PLESSIS-GRIMOULT";"Bâtiment"; 20.0;"TDF"
666099;-0.32056;49.19167;"00° 19' 14.00'' Ouest, 49° 11' 30.00'' Nord";"14327";"BASSIN DE CALIX";"CCI";"14200";"HEROUVILLE-SAINT-CLAIR";"Pylône autostable"; 32.0;"ORANGE"
666812;-0.62500;49.09278;"00° 37' 30.00'' Ouest, 49° 05' 34.00'' Nord";"14491";"LES BRUYÈRES DE MONTBROCQ";"RN 175 RESERVOIRS";"14310";"PARFOURU-SUR-ODON";"Pylône autostable"; 30.0;"EDF ou GDF"
668010;0.23028;49.42778;"00° 13' 49.00'' Est, 49° 25' 40.00'' Nord";"14333";"FEU DE BALISAGE";"JETEE DE L OUEST FEU DE BALISAGE";"14600";"HONFLEUR";"Mât métallique"; 6.0;"CCI,Ch Metiers,Port Aut,Aérop"
669956;-0.37667;49.18000;"00° 22' 36.00'' Ouest, 49° 10' 48.00'' Nord";"14118";;"93, R CAPONIÈRE HOP SPÉCIALISÉ PAVILLON PÈRE JAMET";"14000";"CAEN";"Bâtiment"; 23.0;"Etablissement de soins"
674058;-0.74639;49.00028;"00° 44' 47.00'' Ouest, 49° 00' 01.00'' Nord";"14347";"LES BRUYÈRES";"CD 165";"14260";"JURQUES";"Pylône autostable"; 35.0;"SFR"
678937;-0.24250;48.95472;"00° 14' 33.00'' Ouest, 48° 57' 17.00'' Nord";"14088";"LE HAUT DE BONS";"R DU RÉGIMENT - D 240";"14420";"BONS-TASSILLY";"Château d'eau - réservoir"; 30.0;"Syndicat des eaux, Adduction"
678977;-0.49167;48.93361;"00° 29' 30.00'' Ouest, 48° 56' 01.00'' Nord";"14656";"LE CHAMP HUET";;"14570";"SAINT-REMY";"Pylône autostable"; 15.0;"ORANGE"
685303;-0.35750;49.20472;"00° 21' 27.00'' Ouest, 49° 12' 17.00'' Nord";"14118";;"AV.CÔTE DE NACRE HOP UNIVERSITAIRE STATION TDF DE CAEN CHU";"14000";"CAEN";"Bâtiment"; 105.0;"Etablissement de soins"
685564;-0.00639;49.32083;"00° 00' 23.00'' Ouest, 49° 19' 15.00'' Nord";"14754";"PL DE L'EGLISE";"AV DU GÉNÉRAL DE GAULLE";"14640";"VILLERS-SUR-MER";"Monument religieux"; 42.0;"Commune, communauté de commune"
687717;0.24083;49.14278;"00° 14' 27.00'' Est, 49° 08' 34.00'' Nord";"14366";;"1 R TAUNTON";"14100";"LISIEUX";"Immeuble"; 33.0;"Société Privée SA"
687849;-0.33000;49.20194;"00° 19' 48.00'' Ouest, 49° 12' 07.00'' Nord";"14327";;"1010 QUARTIER DES BELLES PORTES";"14200";"HEROUVILLE-SAINT-CLAIR";"Immeuble"; 64.0;"Société Privée SA"
687881;0.14889;49.13556;"00° 08' 56.00'' Est, 49° 08' 08.00'' Nord";"14520";"FERME DE ROME";;"14340";"LE PRE-D'AUGE";"Château d'eau - réservoir"; 25.0;"Commune, communauté de commune"
690156;0.12639;49.37000;"00° 07' 35.00'' Est, 49° 22' 12.00'' Nord";"14699";"LES TAMARIS";"D.62 PROCHE FERME DU MESNIL";"14800";"TOUQUES";"Château d'eau - réservoir"; 36.0;"Commune, communauté de commune"
691842;-0.09278;49.12167;"00° 05' 34.00'' Ouest, 49° 07' 18.00'' Nord";"14410";"LE LYON D'OR";"LA CHAPELLE RN 13";"14370";"MERY-CORBON";"Château d'eau - réservoir"; 36.0;"Syndicat des eaux, Adduction"
691846;-0.73167;49.04056;"00° 43' 54.00'' Ouest, 49° 02' 26.00'' Nord";"14347";"MIGNY";"RD 54";"14260";"JURQUES";"Pylône autostable"; 49.0;"ORANGE Services Fixes"
691910;-0.08389;49.22917;"00° 05' 02.00'' Ouest, 49° 13' 45.00'' Nord";"14203";"MONTAVIGNY";"A.13 - PÉAGE SENS PARIS/PROVINCE";"14430";"CRICQUEVILLE-EN-AUGE";"Pylône autostable"; 49.0;"BOUYGUES"
692640;0.09333;49.37222;"00° 05' 36.00'' Est, 49° 22' 20.00'' Nord";"14715";;"CHEM DES FRÉMONTS PRÈS RÉSERVOIRS";"14360";"TROUVILLE-SUR-MER";"pylône arbre"; 25.0;"SFR"
699195;-0.32750;49.04917;"00° 19' 39.00'' Ouest, 49° 02' 57.00'' Nord";"14100";"LES RIFFETS";"D.132/D.23 - RTE DE QUILLY HAMEAU DU CAILLOUET";"14680";"BRETTEVILLE-SUR-LAIZE";"Pylône autostable"; 30.0;"FPS TOWERS"
711151;-0.80861;49.21972;"00° 48' 31.00'' Ouest, 49° 13' 11.00'' Nord";"14714";"BOIS DU TRONQUAY - LE DESERT";"RTE DÉPART. 97A";"14490";"LE TRONQUAY";"Pylône autostable"; 50.0;"FPS TOWERS"
714014;-0.54361;49.27667;"00° 32' 37.00'' Ouest, 49° 16' 36.00'' Nord";"14200";;"ZA CHEM RURAL";"14480";"CREULLY";"Château d'eau - réservoir"; 34.0;"Commune, communauté de commune"
718571;0.12944;49.13583;"00° 07' 46.00'' Est, 49° 08' 09.00'' Nord";"14082";;"D 613 L'ECOLE";"14340";"LA BOISSIERE";"Château d'eau - réservoir"; 35.0;"Commune, communauté de commune"
719692;-0.04583;49.02306;"00° 02' 45.00'' Ouest, 49° 01' 23.00'' Nord";"14654";"DONVILLE";;"14170";"SAINT-PIERRE-SUR-DIVES";"Pylône tubulaire"; 42.0;"ORANGE"
723506;0.14694;49.26000;"00° 08' 49.00'' Est, 49° 15' 36.00'' Nord";"14534";"LA MARE AUX CHEVRES";"CHEM RURAL DIT DES BAUQUEMENTS";"14130";"REUX";"Château d'eau - réservoir"; 48.0;"Syndicat des eaux, Adduction"
725348;0.09556;49.12056;"00° 05' 44.00'' Est, 49° 07' 14.00'' Nord";"14337";"LE HAMEAU DES LOGRES";;"14340";"LA HOUBLONNIERE";"Pylône tubulaire"; 36.0;"ORANGE"
726166;-0.89278;49.24722;"00° 53' 34.00'' Ouest, 49° 14' 50.00'' Nord";"14370";"LA SABLONNIÈRE";"525, R CHARLES GERVAIS SOCIÉTÉ DANONE";"14330";"LE MOLAY-LITTRY";"Bâtiment"; 21.0;"Société Privée SA"
735607;0.15944;49.00583;"00° 09' 34.00'' Est, 49° 00' 21.00'' Nord";"14371";"LA TUILERIE";"STATION TDF DE LIVAROT";"14140";"LIVAROT";"Pylône autostable"; 32.2;"TDF"
737566;0.41444;49.02472;"00° 24' 52.00'' Est, 49° 01' 29.00'' Nord";"14740";"BEAUSOLEIL";"CHEM DE CHAMBRAIS CAMPAUGE";"14290";"LA VESPIERE";"Pylône autostable"; 30.0;"TDF"
749319;-1.05500;48.94778;"01° 03' 18.00'' Ouest, 48° 56' 52.00'' Nord";"14513";"LES CINQ CHEMS";;"14380";"PONT-FARCY";"Pylône autostable"; 43.7;"TDF"
753883;-0.89028;49.25722;"00° 53' 25.00'' Ouest, 49° 15' 26.00'' Nord";"14370";"LA CHÊNÉE";"RTE D'ISIGNY";"14330";"LE MOLAY-LITTRY";"Château d'eau - réservoir"; 38.0;"Syndicat des eaux, Adduction"
754402;-0.64694;49.07861;"00° 38' 49.00'' Ouest, 49° 04' 43.00'' Nord";"14752";;"D71 / LES NOIRES TERRES CHÂTEAU D'EAU";"14310";"VILLERS-BOCAGE";"Château d'eau - réservoir"; 26.0;"Commune, communauté de commune"
763491;-0.81528;49.01722;"00° 48' 55.00'' Ouest, 49° 01' 02.00'' Nord";"14629";"LA BUTTE";"CHEM RURAL N°27 DIT DE LA BERGERIE";"14350";"SAINT-MARTIN-DES-BESACES";"Pylône autostable"; 48.0;"SFR"
763508;-0.36417;49.18000;"00° 21' 51.00'' Ouest, 49° 10' 48.00'' Nord";"14118";;"2 R GEORGES LEBRET";"14000";"CAEN";"Immeuble"; 23.0;"ORANGE Services Fixes"
763517;-0.24861;49.28639;"00° 14' 55.00'' Ouest, 49° 17' 11.00'' Nord";"14488";;"GARE MARITIME";"14150";"OUISTREHAM";"Pylône tubulaire"; 28.0;"ORANGE"
763521;-0.34361;49.18778;"00° 20' 37.00'' Ouest, 49° 11' 16.00'' Nord";"14118";;"AV GEORGES CLÉMENCEAU CHRU BÂTIMENT MATERNITÉ";"14000";"CAEN";"Bâtiment"; 24.0;"Etablissement de soins"
763538;-0.31667;49.24361;"00° 19' 00.00'' Ouest, 49° 14' 37.00'' Nord";"14068";"LE DEVON";"R DES DEUX PIERRES";"14112";"BIEVILLE-BEUVILLE";"Pylône tubulaire"; 29.0;"ORANGE"
763546;-0.35000;49.20083;"00° 21' 00.00'' Ouest, 49° 12' 03.00'' Nord";"14118";;"6 R DU RECTEUR DAURE DR CAEN";"14000";"CAEN";"Immeuble"; 34.0;"ORANGE Services Fixes"
763556;-0.39250;49.18083;"00° 23' 33.00'' Ouest, 49° 10' 51.00'' Nord";"14118";;"38, R DES COUTURES";"14000";"CAEN";"Immeuble"; 29.0;"ORANGE Services Fixes"
763562;-0.30389;49.29667;"00° 18' 14.00'' Ouest, 49° 17' 48.00'' Nord";"14325";;"AV DE LA MER";"14880";"HERMANVILLE-SUR-MER";"Bâtiment"; 24.0;"ORANGE"
763565;-0.37167;49.18389;"00° 22' 18.00'' Ouest, 49° 11' 02.00'' Nord";"14118";;"10/12 R DE L'ACADÉMIE";"14000";"CAEN";"Bâtiment"; 24.0;"ORANGE Services Fixes"
763567;-0.43528;49.18944;"00° 26' 07.00'' Ouest, 49° 11' 22.00'' Nord";"14137";;"R DE L'AVENIR";"14650";"CARPIQUET";"Pylône autostable"; 30.0;"ORANGE"
763569;0.09056;49.25639;"00° 05' 26.00'' Est, 49° 15' 23.00'' Nord";"14055";"AIRE DE REPOS DE BEAUMONT";"A13 PK190,7 SENS PROVINCE PARIS";"14950";"BEAUMONT-EN-AUGE";"Pylône autostable"; 96.0;"Sociétés d'Autoroutes"
763571;-0.18667;49.27389;"00° 11' 12.00'' Ouest, 49° 16' 26.00'' Nord";"14409";;"CHEM RURAL DIT DES HOGUES DU MARAIS";"14810";"MERVILLE-FRANCEVILLE-PLAGE";"Pylône autostable"; 24.0;"ORANGE"
763579;0.01333;49.31528;"00° 00' 48.00'' Est, 49° 18' 55.00'' Nord";"14754";;"CHEM DES VIGNES PROCHE CIMETIERE";"14640";"VILLERS-SUR-MER";"Pylône autostable"; 24.0;"Commune, communauté de commune"
763601;-0.11722;49.28806;"00° 07' 02.00'' Ouest, 49° 17' 17.00'' Nord";"14117";;"BD  DES BELGES";"14390";"CABOURG";"Immeuble"; 22.0;"ORANGE Services Fixes"
763953;-0.40833;49.19167;"00° 24' 30.00'' Ouest, 49° 11' 30.00'' Nord";"14118";;"R DE L'ABBAYE D'ARDENNES CHATEAU D'EAU";"14000";"CAEN";"Château d'eau - réservoir"; 25.0;"Commune, communauté de commune"
763955;-0.36056;49.16278;"00° 21' 38.00'' Ouest, 49° 09' 46.00'' Nord";"14118";;"R STE CÉCILE (ADM) 2 R PAUL LANGEVIN";"14000";"CAEN";"Immeuble"; 30.0;"Société Privée SA"
763957;-0.38500;49.20639;"00° 23' 06.00'' Ouest, 49° 12' 23.00'' Nord";"14118";;"COUR DE LA FOSSETTE CR  N°101";"14000";"CAEN";"pylône arbre"; 30.0;"ORANGE"
763968;-0.09389;49.29194;"00° 05' 38.00'' Ouest, 49° 17' 31.00'' Nord";"14225";;"D513 - BLD MAURICE THOREZ BOULODROME";"14160";"DIVES-SUR-MER";"Pylône tubulaire"; 20.0;"ORANGE"
763979;-0.18667;48.88694;"00° 11' 12.00'' Ouest, 48° 53' 13.00'' Nord";"14258";;"CHEM DES FIEFS";"14700";"FALAISE";"Pylône autostable"; 35.0;"ORANGE"
763981;-0.31083;49.20611;"00° 18' 39.00'' Ouest, 49° 12' 22.00'' Nord";"14167";;"STADE AS RVI AV DES CANADIENS";"14460";"COLOMBELLES";"Pylône autostable"; 29.0;"ORANGE"
763983;-0.33611;49.16361;"00° 20' 10.00'' Ouest, 49° 09' 49.00'' Nord";"14181";;"R DES JONCHETS STADE DE LA GUÉRINIÈRE";"14123";"CORMELLES-LE-ROYAL";"Pylône tubulaire"; 25.0;"ORANGE"
763987;-0.39722;49.16056;"00° 23' 50.00'' Ouest, 49° 09' 38.00'' Nord";"14383";;"RD212C CHEM RURAL N°8 DE LOUVIGNY À MESNIL STADE DE LOUVIGNY";"14111";"LOUVIGNY";"Pylône tubulaire"; 25.0;"ORANGE"
763989;0.10611;49.02667;"00° 06' 22.00'' Est, 49° 01' 36.00'' Nord";"14141";"LA BRUYERE";"PRÈS D 111A";"14140";"CASTILLON-EN-AUGE";"Pylône autostable"; 45.0;"Conseil Départemental"
764113;-0.39250;49.19444;"00° 23' 33.00'' Ouest, 49° 11' 40.00'' Nord";"14118";;"8 R DE CHAMPAGNE";"14000";"CAEN";"Immeuble"; 43.0;"Société HLM"
764149;-0.29361;49.21083;"00° 17' 37.00'' Ouest, 49° 12' 39.00'' Nord";"14167";;"R JULES GUESDE";"14460";"COLOMBELLES";"Pylône autostable"; 36.0;"ORANGE"
764152;-0.51972;49.20667;"00° 31' 11.00'' Ouest, 49° 12' 24.00'' Nord";"14098";"CARDONVILLE";"R DU COMMANDO D ZI DE CARDONVILLE";"14740";"BRETTEVILLE-L'ORGUEILLEUSE";"Pylône autostable"; 48.0;"FPS TOWERS"
764156;-0.36194;49.19111;"00° 21' 43.00'' Ouest, 49° 11' 28.00'' Nord";"14118";;"AV D'EDIMBOURG/BAT SCIENCES D";"14000";"CAEN";"Immeuble"; 32.0;"Etat, Ministère"
764167;0.22444;49.02306;"00° 13' 28.00'' Est, 49° 01' 23.00'' Nord";"14155";"COUR BELLEMARE";;"14140";"CHEFFREVILLE-TONNENCOURT";"Pylône autostable"; 44.0;"Conseil Départemental"
764175;0.09278;49.34972;"00° 05' 34.00'' Est, 49° 20' 59.00'' Nord";"14699";;"CHEM DU MARAIS";"14800";"TOUQUES";"Pylône autostable"; 18.0;"ORANGE"
764177;-0.37944;49.18417;"00° 22' 46.00'' Ouest, 49° 11' 03.00'' Nord";"14118";;"39 R DE HASTINGS LYCÉE CHARLES DE GAULLE";"14000";"CAEN";"Bâtiment"; 19.0;"Conseil Régional"
764179;0.08028;49.36083;"00° 04' 49.00'' Est, 49° 21' 39.00'' Nord";"14220";;"R BRENEY";"14800";"DEAUVILLE";"Bâtiment"; 22.0;"ORANGE Services Fixes"
764181;-0.41917;49.18389;"00° 25' 09.00'' Ouest, 49° 11' 02.00'' Nord";"14101";"LA GRANDE PLAINE";"10 AV. DE LA GRANDE PLAINE";"14760";"BRETTEVILLE-SUR-ODON";"Pylône autostable"; 34.0;"ORANGE"
764190;-0.35722;49.19722;"00° 21' 26.00'' Ouest, 49° 11' 50.00'' Nord";"14118";"LYCÉE TECHNIQUE LAPL";"130 R DE LA DÉLIVRANDE";"14000";"CAEN";"Immeuble"; 28.0;"Conseil Régional"
764194;0.24639;49.37139;"00° 14' 47.00'' Est, 49° 22' 17.00'' Nord";"14304";"LA CROIX HAURON";"V DIT CHEM DES HUNIÈRES";"14600";"GONNEVILLE-SUR-HONFLEUR";"Château d'eau - réservoir"; 52.0;"Syndicat des eaux, Adduction"
764196;-0.34556;49.21222;"00° 20' 44.00'' Ouest, 49° 12' 44.00'' Nord";"14327";;"R LÉON FOUCAULT Z.A LA SPHÈRE";"14200";"HEROUVILLE-SAINT-CLAIR";"Château d'eau - réservoir"; 67.0;"Commune, communauté de commune"
764198;0.05167;49.15778;"00° 03' 06.00'' Est, 49° 09' 28.00'' Nord";"14126";;"RD 101 LE VIEUX TAUPIN";"14340";"CAMBREMER";"Pylône autostable"; 43.0;"Conseil Départemental"
764200;-0.30806;49.18361;"00° 18' 29.00'' Ouest, 49° 11' 01.00'' Nord";"14167";;"31 PL DES TILLEULS ALAIN LEMIERE STADE HIDALGO";"14460";"COLOMBELLES";"Pylône tubulaire"; 26.0;"ORANGE"
764202;-0.15972;49.28333;"00° 09' 35.00'' Ouest, 49° 16' 60.00'' Nord";"14724";;"AV. DU PRÉSIDENT RENÉ COTY D.514 STADE MUNICIPAL";"14390";"VARAVILLE";"Pylône tubulaire"; 20.0;"ORANGE"
764204;-0.32250;49.15722;"00° 19' 21.00'' Ouest, 49° 09' 26.00'' Nord";"14181";;"11 BD DE L'ESPÉRANCE";"14123";"CORMELLES-LE-ROYAL";"Pylône autostable"; 30.0;"ORANGE"
764206;0.29000;49.07417;"00° 17' 24.00'' Est, 49° 04' 27.00'' Nord";"14626";"LE MARAIS";"D 164 CHÂTEAU D EAU";"14100";"SAINT-MARTIN-DE-MAILLOC";"Château d'eau - réservoir"; 52.0;"Syndicat des eaux, Adduction"
764208;0.26583;49.40972;"00° 15' 57.00'' Est, 49° 24' 35.00'' Nord";"14536";"HERBAGE DES BANCS";"RTE DES BANCS TERRAIN DE SPORT";"14600";"LA RIVIERE-SAINT-SAUVEUR";"Pylône tubulaire"; 27.0;"ORANGE"
764210;-0.32194;49.17861;"00° 19' 19.00'' Ouest, 49° 10' 43.00'' Nord";"14437";"LES CHARMETTES";"1 R VICTOR HUGO";"14120";"MONDEVILLE";"Immeuble"; 27.0;"Copropriété, Syndic, SCI"
764212;-0.35583;49.17306;"00° 21' 21.00'' Ouest, 49° 10' 23.00'' Nord";"14118";;"16, R BARBEUX";"14000";"CAEN";"Immeuble"; 20.0;"Particulier"
764214;-0.39167;49.17611;"00° 23' 30.00'' Ouest, 49° 10' 34.00'' Nord";"14118";;"74, BD  ANDRÉ DÉTOLLE";"14000";"CAEN";"Pylône tubulaire"; 24.0;"ORANGE"
764264;-0.27250;49.16806;"00° 16' 21.00'' Ouest, 49° 10' 05.00'' Nord";"14221";"AIRE DE GIBERVILLE NORD";"A13 - PK 220.150 SENS PARIS-CAEN";"14840";"DEMOUVILLE";"Pylône autostable"; 30.0;"ORANGE"
764266;-0.20361;49.28611;"00° 12' 13.00'' Ouest, 49° 17' 10.00'' Nord";"14409";"FRANCEVILLE PLAGE";"BOULEVARD WATTIER";"14810";"MERVILLE-FRANCEVILLE-PLAGE";"Pylône tubulaire"; 18.0;"ORANGE"
764268;-0.37917;49.16944;"00° 22' 45.00'' Ouest, 49° 10' 10.00'' Nord";"14118";;"R DU CLOS DE VENOIX ADM 17 : 17 R JOSPEH PHILIPPON PARC DES EXPOSITION";"14000";"CAEN";"Pylône tubulaire"; 31.9;"SFR"
764626;-0.33889;49.15056;"00° 20' 20.00'' Ouest, 49° 09' 02.00'' Nord";"14181";;"17 R DE NAVARRE";"14123";"CORMELLES-LE-ROYAL";"Pylône tubulaire"; 27.0;"ORANGE"
764628;-0.26972;49.28611;"00° 16' 11.00'' Ouest, 49° 17' 10.00'' Nord";"14488";;"R R. DAWSON TENNIS COUVERTS COMMUNAUX";"14150";"OUISTREHAM";"Pylône autostable"; 28.0;"ORANGE"
764631;-0.46278;49.19556;"00° 27' 46.00'' Ouest, 49° 11' 44.00'' Nord";"14137";;"CH RURAL DES BISSONNETS ENTREPRISE MALHERBE";"14650";"CARPIQUET";"Pylône tubulaire"; 30.0;"ORANGE"
764633;-0.37056;49.20194;"00° 22' 14.00'' Ouest, 49° 12' 07.00'' Nord";"14118";"LA FOLIE COUVRECHEF";"R DES VAUX DE LA FOLIE STADE DES VAUX DE LA FOLIE";"14000";"CAEN";"Pylône tubulaire"; 24.0;"ORANGE"
764643;-0.37167;49.09889;"00° 22' 18.00'' Ouest, 49° 05' 56.00'' Nord";"14408";;"R DU STADE TERRAIN DE FOOTBALL";"14320";"MAY-SUR-ORNE";"Pylône tubulaire"; 25.0;"ORANGE"
764645;0.08472;49.36528;"00° 05' 05.00'' Est, 49° 21' 55.00'' Nord";"14715";;"PL NOTRE DAME EGLISE N.D DES VICTOIRES";"14360";"TROUVILLE-SUR-MER";"Monument religieux"; 40.0;"Commune, communauté de commune"
764647;0.41694;48.97833;"00° 25' 01.00'' Est, 48° 58' 42.00'' Nord";"14273";"LE VAL LAURENT";"CHEM RURAL DE LA FRESNAYE D130A";"14290";"LA FOLLETIERE-ABENON";"Pylône autostable"; 38.0;"FPS TOWERS"
764651;-0.67500;48.90778;"00° 40' 30.00'' Ouest, 48° 54' 28.00'' Nord";"14357";"LA GRAVANERIE";"D 106 V.C N°52 DE LA GRAVANERIE";"14770";"LASSY";"Pylône autostable"; 38.0;"FPS TOWERS"
764655;-0.33583;49.20889;"00° 20' 09.00'' Ouest, 49° 12' 32.00'' Nord";"14327";;"1 AV DU HAUT CRÉPON";"14200";"HEROUVILLE-SAINT-CLAIR";"Fût"; 68.0;"Commune, communauté de commune"
764657;-0.37167;49.28944;"00° 22' 18.00'' Ouest, 49° 17' 22.00'' Nord";"14228";;"LE CLOS HAREL R ALFRED KASTLER ZAE LA FOSSETTE";"14440";"DOUVRES-LA-DELIVRANDE";"Pylône autostable"; 30.0;"ORANGE"
765838;-0.36361;49.18250;"00° 21' 49.00'' Ouest, 49° 10' 57.00'' Nord";"14118";;"11-13 R DE STRASBOURG";"14000";"CAEN";"Immeuble"; 23.0;"Société Privée SA"
778323;-0.08861;49.14417;"00° 05' 19.00'' Ouest, 49° 08' 39.00'' Nord";"14163";"LA VERTINIÈRE";;"14370";"CLEVILLE";"Pylône autostable"; 20.0;"SFR"
787194;-0.16417;49.12667;"00° 09' 51.00'' Ouest, 49° 07' 36.00'' Nord";"14020";;"PL DU GAL LECLERC HOTEL DE VILLE";"14370";"ARGENCES";"Immeuble"; 17.8;"Commune, communauté de commune"
788514;-0.85528;49.35556;"00° 51' 19.00'' Ouest, 49° 21' 20.00'' Nord";"14165";;"OMAHA BEACH CIMETIERE CHATEAU D EAU";"14710";"COLLEVILLE-SUR-MER";"Château d'eau - réservoir"; 25.0;"Commune, communauté de commune"
789059;-0.84611;49.34000;"00° 50' 46.00'' Ouest, 49° 20' 24.00'' Nord";"14165";"LE GRAND PRÉ";"VC N°6 CHÂTEAU D'EAU LE GRAND PRÉ";"14710";"COLLEVILLE-SUR-MER";"Château d'eau - réservoir"; 34.0;"Syndicat des eaux, Adduction"
789159;-0.81500;48.93833;"00° 48' 54.00'' Ouest, 48° 56' 18.00'' Nord";"14061";;"LA BRUYÈRE";"14350";"LE BENY-BOCAGE";"Pylône autostable"; 30.0;"SFR"
793285;-0.27583;49.22306;"00° 16' 33.00'' Ouest, 49° 13' 23.00'' Nord";"14530";;"RTE DE COLOMBELLES USINE";"14860";"RANVILLE";"Bâtiment"; 30.0;"Société Privée SA"
795138;-0.29111;49.18861;"00° 17' 28.00'' Ouest, 49° 11' 19.00'' Nord";"14301";"LA GRUE";"55 R DE LA LIBERTÉ";"14730";"GIBERVILLE";"Pylône tubulaire"; 31.0;"ORANGE"
796805;-0.03861;49.30722;"00° 02' 19.00'' Ouest, 49° 18' 26.00'' Nord";"14305";"LA BRUYÈRE";"ROUTE DE LA CORNICHE/D163 CAMPING LES AMMONITES";"14510";"GONNEVILLE-SUR-MER";"Pylône tubulaire"; 25.0;"ORANGE"
798464;-0.72667;49.25222;"00° 43' 36.00'' Ouest, 49° 15' 08.00'' Nord";"14322";"LA MASSE";"D 572";"14400";"GUERON";"Pylône tubulaire"; 35.0;"ORANGE"
801651;-0.34194;49.15667;"00° 20' 31.00'' Ouest, 49° 09' 24.00'' Nord";"14118";;"22 AV DE LA CONCORDE";"14000";"CAEN";"Immeuble"; 41.6;"Société HLM"
803175;-0.45000;49.19361;"00° 27' 00.00'' Ouest, 49° 11' 37.00'' Nord";"14137";;"R DU POIRIER ZI";"14650";"CARPIQUET";"Pylône autostable"; 40.0;"TDF"
846438;-0.37806;49.18083;"00° 22' 41.00'' Ouest, 49° 10' 51.00'' Nord";"14118";;"74 R CAPONIÈRE CSE LORGE";"14000";"CAEN";"Immeuble"; 19.0;"Autres"
846685;-0.37056;49.17806;"00° 22' 14.00'' Ouest, 49° 10' 41.00'' Nord";"14118";;"R FRED SCAMARONI";"14000";"CAEN";"Bâtiment"; 35.0;"TDF"
851868;-0.88667;48.83944;"00° 53' 12.00'' Ouest, 48° 50' 22.00'' Nord";"14762";;"14 R DU COTIN - ECOLE ST JOSEPH";"14500";"VIRE";"Bâtiment"; 25.0;"Société Privée SA"
854745;-0.77278;49.34972;"00° 46' 22.00'' Ouest, 49° 20' 59.00'' Nord";"14515";"LE HUPPAIN";;"14520";"PORT-EN-BESSIN-HUPPAIN";"Sémaphore"; 30.0;"Autres"
855160;-1.09417;49.32333;"01° 05' 39.00'' Ouest, 49° 19' 24.00'' Nord";"14480";;"D197A - PRÈS N13 LAITERIE";"14230";"OSMANVILLE";"Château d'eau - réservoir"; 33.0;"Syndicat des eaux, Adduction"
863989;-0.80833;48.82611;"00° 48' 30.00'' Ouest, 48° 49' 34.00'' Nord";"14545";"CHEM DES HOULLES";;"14500";"ROULLOURS";"Pylône autostable"; 30.0;"EDF ou GDF"
863998;-0.41056;48.92056;"00° 24' 38.00'' Ouest, 48° 55' 14.00'' Nord";"14635";"ST CLAIR/LE BELVEDERE";;"14220";"SAINT-OMER";"Pylône autostable"; 30.0;"EDF ou GDF"
864031;0.40250;49.02139;"00° 24' 09.00'' Est, 49° 01' 17.00'' Nord";"14478";;"ZI DU BEAUVOIR R DES CANADIENS POSTE HAUTE TENSION";"14290";"ORBEC";"Mât"; 10.0;"EDF ou GDF"
871699;-0.69528;49.26667;"00° 41' 43.00'' Ouest, 49° 15' 60.00'' Nord";"14047";;"2, R DE LA RÉSISTANCE";"14400";"BAYEUX";"Bâtiment"; 7.0;"EDF ou GDF"
871842;-0.92722;49.36806;"00° 55' 38.00'' Ouest, 49° 22' 05.00'' Nord";"14382";"LAUDOUIN";;"14710";"LOUVIERES";"Château d'eau - réservoir"; 65.0;"Syndicat des eaux, Adduction"
872347;0.21833;49.16667;"00° 13' 06.00'' Est, 49° 09' 60.00'' Nord";"14366";;"R NADAR";"14100";"LISIEUX";"Bâtiment"; 6.0;"EDF ou GDF"
879355;-0.29583;49.04083;"00° 17' 45.00'' Ouest, 49° 02' 27.00'' Nord";"14309";"LA FOSSE MARTIN";"R DES ANCIENS FOURS À MINES";"14680";"GOUVIX";"Pylône autostable"; 45.0;"ORANGE"
904734;0.20556;49.20861;"00° 12' 20.00'' Est, 49° 12' 31.00'' Nord";"14177";"LES TILLEULS";"CHEM DE LA GARENNE";"14130";"COQUAINVILLIERS";"Pylône autostable"; 64.0;"EDF ou GDF"
913009;-0.34917;49.20000;"00° 20' 57.00'' Ouest, 49° 12' 00.00'' Nord";"14118";;"10 BD GÉNÉRAL VANIER IMMEUBLE PIERRE HEUZE";"14000";"CAEN";"Immeuble"; 38.0;"Etat, Ministère"
928030;-0.25167;48.97806;"00° 15' 06.00'' Ouest, 48° 58' 41.00'' Nord";"14678";"LA MINE";"0";"14420";"SOUMONT-SAINT-QUENTIN";"Pylône autostable"; 30.0;"Particulier"
928034;-1.06806;49.36333;"01° 04' 05.00'' Ouest, 49° 21' 48.00'' Nord";"14298";"LA MARE ANGOT";"D514";"14230";"GEFOSSE-FONTENAY";"Château d'eau - réservoir"; 40.0;"Syndicat des eaux, Adduction"
928038;-0.87306;48.82722;"00° 52' 23.00'' Ouest, 48° 49' 38.00'' Nord";"14545";"LES HAUTS VENTS";"0";"14500";"ROULLOURS";"Pylône autostable"; 20.0;"Commune, communauté de commune"
944823;-0.33778;49.17833;"00° 20' 16.00'' Ouest, 49° 10' 42.00'' Nord";"14118";;"COURS MONTALIVET";"14000";"CAEN";"Bâtiment"; 26.0;"Société Privée SA"
946484;-1.03361;49.38694;"01° 02' 01.00'' Ouest, 49° 23' 13.00'' Nord";"14312";;"R DU STADE CENTRAL TÉLÉPHONIQUE AVENUE DU COLONEL COURSON";"14450";"GRANDCAMP-MAISY";"Pylône tubulaire"; 16.0;"ORANGE Services Fixes"
957660;-0.22639;48.88667;"00° 13' 35.00'' Ouest, 48° 53' 12.00'' Nord";"14627";;"D 511 LE LONG CHAMP";"14700";"SAINT-MARTIN-DE-MIEUX";"Pylône autostable"; 30.0;"ORANGE"
958300;0.20000;49.29028;"00° 12' 00.00'' Est, 49° 17' 25.00'' Nord";"14514";;"ECHANGEUR A13-A132 CTRE ENTRETIEN";"14130";"PONT-L'EVEQUE";"Pylône autostable"; 23.0;"Sociétés d'Autoroutes"
959905;-1.03806;49.24194;"01° 02' 17.00'' Ouest, 49° 14' 31.00'' Nord";"14367";"LA LANDE";"R DU BOURG";"14330";"LISON";"Pylône autostable"; 25.0;"ORANGE"
960343;-0.25167;49.27917;"00° 15' 06.00'' Ouest, 49° 16' 45.00'' Nord";"14488";;"28, AV DE LA RÉSISTANCE";"14150";"OUISTREHAM";"Immeuble"; 15.0;"Copropriété, Syndic, SCI"
962717;-0.76833;49.34111;"00° 46' 06.00'' Ouest, 49° 20' 28.00'' Nord";"14515";"HUPPAIN";"V.C. N° 114 DITE DE COLOMBIERS HÔTEL MERCURE";"14520";"PORT-EN-BESSIN-HUPPAIN";"Bâtiment"; 16.0;"Société Privée SA"
966566;0.25944;49.17139;"00° 15' 34.00'' Est, 49° 10' 17.00'' Nord";"14540";;"CHEMIN DU CALVAIRE DE ROCQUES LE BOIS DE CAUMONT";"14100";"ROCQUES";"Pylône autostable"; 30.0;"ORANGE"
992854;-0.11056;49.21278;"00° 06' 38.00'' Ouest, 49° 12' 46.00'' Nord";"14045";"LA COUR AU ROI";"LA CHOLLERIE - D675";"14670";"BASSENEVILLE";"Pylône autostable"; 33.0;"ORANGE"
1025462;-0.31639;49.15778;"00° 18' 59.00'' Ouest, 49° 09' 28.00'' Nord";"14181";;"ZI DE L ESPERANCE USINE BAT 60";"14123";"CORMELLES-LE-ROYAL";"Bâtiment"; 20.0;"Société Privée SA"
1025464;-0.31639;49.16139;"00° 18' 59.00'' Ouest, 49° 09' 41.00'' Nord";"14437";;"ZI DE L ESPERANCE USINE BAT 4";"14120";"MONDEVILLE";"Bâtiment"; 20.0;"Société Privée SA"
1035582;-0.44639;49.32972;"00° 26' 47.00'' Ouest, 49° 19' 47.00'' Nord";"14191";;"RUE DU VAL PICAN CENTRAL FT";"14470";"COURSEULLES-SUR-MER";"Pylône tubulaire"; 23.0;"ORANGE"
1038025;-0.38472;49.19000;"00° 23' 05.00'' Ouest, 49° 11' 24.00'' Nord";"14118";;"40 AV 1ERE ARMÉE FRANÇAISE";"14000";"CAEN";"Pylône autostable"; 34.7;"BOUYGUES"
1040304;-0.19306;49.18556;"00° 11' 35.00'' Ouest, 49° 11' 08.00'' Nord";"14712";"TROARN  LA TUILERIE";;"14670";"TROARN";"Pylône autostable"; 40.0;"Société Privée SA"
1041314;-0.25083;48.86694;"00° 15' 03.00'' Ouest, 48° 52' 01.00'' Nord";"14284";"LE MESNIL FLOUX";"CHÂTEAU D'EAU";"14700";"FOURNEAUX-LE-VAL";"Château d'eau - réservoir"; 35.0;"Syndicat des eaux, Adduction"
1058686;-0.46222;49.13750;"00° 27' 44.00'' Ouest, 49° 08' 15.00'' Nord";"14274";;"CHEMIN RURAL DU COUTELET";"14790";"FONTAINE-ETOUPEFOUR";"Pylône autostable"; 30.0;"ORANGE"
1150435;-0.85778;49.19611;"00° 51' 28.00'' Ouest, 49° 11' 46.00'' Nord";"14445";"L'EMBRANCHEMENT";"LE PRÉ LONG";"14490";"MONTFIQUET";"Pylône autostable"; 30.0;"ORANGE"
1172211;0.25917;49.14750;"00° 15' 33.00'' Est, 49° 08' 51.00'' Nord";"14366";;"RUE EDOUARD BRANLY";"14100";"LISIEUX";"Pylône tubulaire"; 30.0;"ORANGE"
1172213;0.22250;49.16333;"00° 13' 21.00'' Est, 49° 09' 48.00'' Nord";"14366";;"24, RUE DE LA VALLÉE";"14100";"LISIEUX";"Pylône autostable"; 30.0;"ORANGE"
1173702;0.06917;49.36000;"00° 04' 09.00'' Est, 49° 21' 36.00'' Nord";"14220";;"1 AV LUCIEN BARRIÈRE CENTRE INTERNATIONAL DEAUVILLE";"14800";"DEAUVILLE";"Bâtiment"; 3.0;"Société Privée SA"
1174043;-0.39889;49.17306;"00° 23' 56.00'' Ouest, 49° 10' 23.00'' Nord";"14118";;"29, RUE LUCIEN NELLE";"14000";"CAEN";"Immeuble"; 40.0;"Copropriété, Syndic, SCI"
1201406;-0.34889;49.21083;"00° 20' 56.00'' Ouest, 49° 12' 39.00'' Nord";"14327";;"353 RUE LEON FOUCAULT ZI DE LA SPHERE";"14200";"HEROUVILLE-SAINT-CLAIR";"Bâtiment"; 4.0;"Société Privée SA"
1205088;-0.26278;49.10833;"00° 15' 46.00'' Ouest, 49° 06' 30.00'' Nord";"14057";"LA MALCOURONNE";"D41 POSTE HT DE TOURBE";"14370";"BELLENGREVILLE";"Pylône autostable"; 49.5;"EDF ou GDF"
1238177;-0.37083;49.27944;"00° 22' 15.00'' Ouest, 49° 16' 46.00'' Nord";"14197";"LE NOUVEAU MONDE";"CD 221";"14440";"CRESSERONS";"Pylône autostable"; 32.0;"EDF ou GDF"
1246086;0.05139;49.24639;"00° 03' 05.00'' Est, 49° 14' 47.00'' Nord";"14016";"A13-27";;"14430";"ANNEBAULT";"Pylône autostable"; 10.0;"Sociétés d'Autoroutes"
1246154;-0.00556;49.24667;"00° 00' 20.00'' Ouest, 49° 14' 48.00'' Nord";"14198";"LE MANOIR";"P.S A13 D675 EX RN 175";"14430";"CRESSEVEUILLE";"Pylône autostable"; 18.0;"Sociétés d'Autoroutes"
1246163;0.28500;49.30333;"00° 17' 06.00'' Est, 49° 18' 12.00'' Nord";"14555";"DOUET RIDEL";"PK 174,4- A13";"14130";"SAINT-ANDRE-D'HEBERTOT";"Pylône autostable"; 20.0;"Sociétés d'Autoroutes"
1262070;-0.36028;49.18222;"00° 21' 37.00'' Ouest, 49° 10' 56.00'' Nord";"14118";;"72, RUE DE BERNIÈRES";"14000";"CAEN";"Immeuble"; 14.9;"Copropriété, Syndic, SCI"
1274096;-0.12028;48.85889;"00° 07' 13.00'' Ouest, 48° 51' 32.00'' Nord";"14751";"LA BUANDERIE";;"14700";"VIGNATS";"Château d'eau - réservoir"; 30.0;"Commune, communauté de commune"
1274194;-0.27806;48.93861;"00° 16' 41.00'' Ouest, 48° 56' 19.00'' Nord";"14720";"LE CHAMPS FLEURI";;"14420";"USSY";"Château d'eau - réservoir"; 27.0;"Syndicat des eaux, Adduction"
1274977;-0.72444;49.12000;"00° 43' 28.00'' Ouest, 49° 07' 12.00'' Nord";"14581";"LA CAMPAGNE";;"14240";"SAINT-GERMAIN-D'ECTOT";"Château d'eau - réservoir"; 32.0;"Syndicat des eaux, Adduction"
1275050;-0.65722;49.28972;"00° 39' 26.00'' Ouest, 49° 17' 23.00'' Nord";"14676";;"RUE DES SOURCES";"14400";"SOMMERVIEU";"Château d'eau - réservoir"; 32.0;"Syndicat des eaux, Adduction"
1275472;-0.14833;48.96583;"00° 08' 54.00'' Ouest, 48° 57' 57.00'' Nord";"14497";"LA CARRIÈRE AUX LOUPS";;"14170";"PERRIERES";"Château d'eau - réservoir"; 32.0;"Syndicat des eaux, Adduction"
1275479;-0.00944;48.93972;"00° 00' 34.00'' Ouest, 48° 56' 23.00'' Nord";"14729";"LES HAUTES CRIÈRES";"D 39";"14170";"VAUDELOGES";"Château d'eau - réservoir"; 25.5;"Syndicat des eaux, Adduction"
1275487;-0.78167;49.24194;"00° 46' 54.00'' Ouest, 49° 14' 31.00'' Nord";"14003";"LE BARET";;"14400";"AGY";"Château d'eau - réservoir"; 50.0;"Syndicat des eaux, Adduction"
1287728;-0.34417;49.16028;"00° 20' 39.00'' Ouest, 49° 09' 37.00'' Nord";"14118";;"1 PLACE DE LA LIBERTE QUARTIER DE LA GUÉRINIÈRE";"14000";"CAEN";"Immeuble"; 44.0;"Société HLM"
1289996;-0.76472;48.92000;"00° 45' 53.00'' Ouest, 48° 55' 12.00'' Nord";"14442";;"RUE DE LA LIBERTÉ CENTRAL TÉLÉPHONIQUE";"14350";"MONTCHAMP";"Pylône autostable"; 20.0;"ORANGE Services Fixes"
1316760;-0.00472;48.98917;"00° 00' 17.00'' Ouest, 48° 59' 21.00'' Nord";"14697";;"LYCÉE LE ROBILLARD LIEURY";"14170";"L'OUDON";"Bâtiment"; 16.0;"Commune, communauté de commune"
1316763;-0.09556;49.27944;"00° 05' 44.00'' Ouest, 49° 16' 46.00'' Nord";"14225";;"1 RUE SALVADOR ALLENDE LYCÉE JEAN JOORIS";"14160";"DIVES-SUR-MER";"Bâtiment"; 16.0;"Commune, communauté de commune"
1319517;0.06833;49.36028;"00° 04' 06.00'' Est, 49° 21' 37.00'' Nord";"14220";;"1 RUE LUCIEN BARRIÈRE CID DE DEAUVILLE";"14800";"DEAUVILLE";"Bâtiment"; 6.4;"Commune, communauté de commune"
1322465;0.05111;49.34500;"00° 03' 04.00'' Est, 49° 20' 42.00'' Nord";"14059";"LA COUR BLEUE";"AVENUE DU GÉNÉRAL LECLERC";"14910";"BENERVILLE-SUR-MER";"Pylône tubulaire"; 26.0;"ORANGE"
1325304;0.10222;49.14806;"00° 06' 08.00'' Est, 49° 08' 53.00'' Nord";"14639";"COUR DU CALVAIRE";;"14340";"SAINT-OUEN-LE-PIN";"Château d'eau - réservoir"; 38.0;"Commune, communauté de commune"
1326399;0.24194;49.14222;"00° 14' 31.00'' Est, 49° 08' 32.00'' Nord";"14366";;"20 AVENUE DU PRESIDENT RENE COTY";"14100";"LISIEUX";"Immeuble"; 43.4;"Société HLM"
1330773;-0.37500;49.19389;"00° 22' 30.00'' Ouest, 49° 11' 38.00'' Nord";"14118";;"12, ALLÉE DE LA VERTE VALLÉE";"14000";"CAEN";"Immeuble"; 23.0;"Copropriété, Syndic, SCI"
1392479;0.12694;49.14250;"00° 07' 37.00'' Est, 49° 08' 33.00'' Nord";"14520";"LES BLAGUERIES";"CHEM DU CHÊNE AUX LOUPS";"14340";"LE PRE-D'AUGE";"Pylône tubulaire"; 40.0;"TDF"
1395023;-0.94722;48.96250;"00° 56' 50.00'' Ouest, 48° 57' 45.00'' Nord";"14129";"LA MINCERIE";"RN 174";"14350";"CAMPEAUX";"Pylône tubulaire"; 44.0;"TDF"
1395466;-0.81556;49.01694;"00° 48' 56.00'' Ouest, 49° 01' 01.00'' Nord";"14629";"MONT-BOSC";"ROUTE NATIONALE 175";"14350";"SAINT-MARTIN-DES-BESACES";"Pylône autostable"; 40.0;"TDF"
1406515;-0.34028;49.13861;"00° 20' 25.00'' Ouest, 49° 08' 19.00'' Nord";"14341";;"RUE DE LA DRONNIERE GROUPE EXPLOITATION TRANSPORT NORMANDIE POSTE HT RTE";"14123";"IFS";"Pylône autostable"; 57.0;"EDF ou GDF"
1409865;-0.31389;49.16694;"00° 18' 50.00'' Ouest, 49° 10' 01.00'' Nord";"14437";;"ZI RTE DE PARIS";"14120";"MONDEVILLE";"Bâtiment"; 6.0;"Société Privée SA"
1433998;-0.29917;49.22361;"00° 17' 57.00'' Ouest, 49° 13' 25.00'' Nord";"14076";;"RUE DU CANAL TERMINAL BLAINVILLE SUR ORNE CAEN CANAL";"14550";"BLAINVILLE-SUR-ORNE";"Pylône autostable"; 30.0;"ORANGE"
1435827;-0.38000;49.17222;"00° 22' 48.00'' Ouest, 49° 10' 20.00'' Nord";"14118";;"RUE JOSEPH PHILIPPON";"14000";"CAEN";"Mât"; 12.0;"ORANGE"
1435829;-0.39750;49.17944;"00° 23' 51.00'' Ouest, 49° 10' 46.00'' Nord";"14118";;"BOULEVARD GEORGES POMPIDOU STADE MICHEL D'ORNANO";"14000";"CAEN";"Bâtiment"; 26.7;"Commune, communauté de commune"
1442525;-0.18250;49.22306;"00° 10' 57.00'' Ouest, 49° 13' 23.00'' Nord";"14046";"LA HAIE DE SAULE";"R DE LA CÔTE DU VAL D 236";"14860";"BAVENT";"Pylône autostable"; 30.6;"SFR"
1450488;-0.90472;49.16250;"00° 54' 17.00'' Ouest, 49° 09' 45.00'' Nord";"14369";"LA FIEFFE";"RD 122A PRES DE LA VALLEE";"14490";"LITTEAU";"Pylône tubulaire"; 50.0;"TDF"
1452125;-0.43528;49.22778;"00° 26' 07.00'' Ouest, 49° 13' 40.00'' Nord";"14123";;"TOMBELLE";"14610";"CAIRON";"Pylône autostable"; 30.0;"SFR"
1454898;-0.25000;49.28472;"00° 15' 00.00'' Ouest, 49° 17' 05.00'' Nord";"14488";"GARE MARITIME";"R DES DUNES";"14150";"OUISTREHAM";"Pylône autostable"; 30.0;"SFR"
1455033;-0.30139;49.26556;"00° 18' 05.00'' Ouest, 49° 15' 56.00'' Nord";"14166";"LE VAL DU PUY";"R DE SAINT AUBIN";"14880";"COLLEVILLE-MONTGOMERY";"Pylône autostable"; 30.0;"SFR"
1455942;-0.45472;49.15972;"00° 27' 17.00'' Ouest, 49° 09' 35.00'' Nord";"14738";;"COULIDOR, Z.I. DE LA MESNILLIÈRE 5, RUE HENRI LAROSE";"14790";"VERSON";"Bâtiment"; 9.0;"Société Privée SA"
1455944;-0.32778;49.16750;"00° 19' 40.00'' Ouest, 49° 10' 03.00'' Nord";"14437";;"12 RUE LUCIEN BOUSSOUTROT LYCÉE JULES VERNE";"14120";"MONDEVILLE";"Bâtiment"; 12.0;"Commune, communauté de commune"
1469081;-0.65361;49.25194;"00° 39' 13.00'' Ouest, 49° 15' 07.00'' Nord";"14630";;"RUE DE LA CARTOUCHERIE";"14400";"SAINT-MARTIN-DES-ENTREES";"Pylône autostable"; 22.0;"DDE"
1472497;-0.00389;49.25694;"00° 00' 14.00'' Ouest, 49° 15' 25.00'' Nord";"14227";"LA COUR MOUCHELET";"CHEMIN MOUCHELET";"14430";"DOUVILLE-EN-AUGE";"Pylône autostable"; 32.0;"ORANGE"
1487113;-0.11472;49.29444;"00° 06' 53.00'' Ouest, 49° 17' 40.00'' Nord";"14117";;"PROMENADE MARCEL PROUST POSTE DE SECOURS";"14390";"CABOURG";"Bâtiment"; 6.3;"Commune, communauté de commune"
1491977;-0.31639;49.24361;"00° 18' 59.00'' Ouest, 49° 14' 37.00'' Nord";"14068";;"RUE DES DEUX PIERRES";"14112";"BIEVILLE-BEUVILLE";"Pylône tubulaire"; 25.0;"SFR"
1492021;-0.32722;49.14083;"00° 19' 38.00'' Ouest, 49° 08' 27.00'' Nord";"14341";;"BD CLÉMENT ADER ZAC OBJECT IFS SUD";"14123";"IFS";"Pylône autostable"; 32.0;"SFR"
1493708;0.30167;49.31139;"00° 18' 06.00'' Est, 49° 18' 41.00'' Nord";"14555";"LES BOTTENTUITS";"LA LÈCHEFRITE VC DES BOTTENTUITS";"14130";"SAINT-ANDRE-D'HEBERTOT";"Pylône autostable"; 18.0;"ORANGE"
1496327;-0.40111;49.19639;"00° 24' 04.00'' Ouest, 49° 11' 47.00'' Nord";"14118";;"RUE DE LA COTONNIÈRE ZI DU CHEMIN VERT LDCOM CAEN";"14000";"CAEN";"Pylône tubulaire"; 9.0;"SFR"
1497359;0.05028;49.09861;"00° 03' 01.00'' Est, 49° 05' 55.00'' Nord";"14422";"BOIS DE LA TILLAYE";"CHEMIN RURAL";"14270";"LE MESNIL-MAUGER";"Pylône autostable"; 30.0;"ORANGE"
1497374;-0.37361;49.12806;"00° 22' 25.00'' Ouest, 49° 07' 41.00'' Nord";"14623";"LA POUDRIÈRE";"ANCIENNE CARRIÈRE";"14320";"SAINT-MARTIN-DE-FONTENAY";"Pylône autostable"; 30.0;"ORANGE"
1497378;-0.32028;49.11417;"00° 19' 13.00'' Ouest, 49° 06' 51.00'' Nord";"14691";"LE NOYER";"RÉSERVOIR DES EAUX DE MOULINES";"14540";"TILLY-LA-CAMPAGNE";"Pylône autostable"; 30.0;"ORANGE"
1505593;-0.21528;49.18389;"00° 12' 55.00'' Ouest, 49° 11' 02.00'' Nord";"14666";"LA TONNELLE";"STATION D'ÉPURATION";"14940";"SANNERVILLE";"Pylône tubulaire"; 29.0;"SFR"
1509088;-0.39250;49.17722;"00° 23' 33.00'' Ouest, 49° 10' 38.00'' Nord";"14118";;"BOULEVARD ANDRE DETOLLE";"14000";"CAEN";"Pylône tubulaire"; 25.0;"IFW-FREE"
1510361;0.14417;49.31194;"00° 08' 39.00'' Est, 49° 18' 43.00'' Nord";"14620";"PRÉ DE L'EPINE";"ROUTE DE DEAUVILLE N177 CENTRAL TÉLÉPHONIQUE";"14130";"SAINT-MARTIN-AUX-CHARTRAINS";"Pylône autostable"; 30.0;"ORANGE"
1510369;0.20500;49.31056;"00° 12' 18.00'' Est, 49° 18' 38.00'' Nord";"14578";"FONTAINE SAINT LÉGER";"DOMAINE DU MONT SAINT LÉGER CHATEAU D'EAU";"14130";"SAINT-GATIEN-DES-BOIS";"Château d'eau - réservoir"; 40.4;"Syndicat des eaux, Adduction"
1514150;0.16917;49.00417;"00° 10' 09.00'' Est, 49° 00' 15.00'' Nord";"14371";"ROUTE D'ORBEC";"SITE ITAS TIM";"14140";"LIVAROT";"Pylône autostable"; 43.0;"Itas Tim"
1521490;-0.28611;49.22778;"00° 17' 10.00'' Ouest, 49° 13' 40.00'' Nord";"14076";;"ZONE INDUSTRIELLE ET PORTUAIRE";"14550";"BLAINVILLE-SUR-ORNE";"Pylône autostable"; 35.3;"IFW-FREE"
1529307;-0.70333;49.27750;"00° 42' 12.00'' Ouest, 49° 16' 39.00'' Nord";"14047";;"53 RUE SAINT MARTIN";"14400";"BAYEUX";"Immeuble"; 18.7;"Copropriété, Syndic, SCI"
1542348;-0.67861;49.27361;"00° 40' 43.00'' Ouest, 49° 16' 25.00'' Nord";"14663";"ST-EXUPÈRE";;"14400";"SAINT-VIGOR-LE-GRAND";"Pylône autostable"; 31.0;"Itas Tim"
1542837;0.35917;49.05333;"00° 21' 33.00'' Est, 49° 03' 12.00'' Nord";"14154";"LA ROSIERE";"SITE ITAS TIM";"14290";"LA CHAPELLE-YVON";"Pylône autostable"; 37.0;"Itas Tim"
1546285;-0.33444;49.19889;"00° 20' 04.00'' Ouest, 49° 11' 56.00'' Nord";"14327";;"LE GRAND PARC";"14200";"HEROUVILLE-SAINT-CLAIR";"Immeuble"; 36.1;"Société HLM"
1549334;-0.88444;48.84139;"00° 53' 04.00'' Ouest, 48° 50' 29.00'' Nord";"14762";;"RUE DES DOMINICAINES CENTRAL TÉLÉPHONIQUE";"14500";"VIRE";"Bâtiment"; 15.0;"ORANGE Services Fixes"
1557789;-0.42722;49.16944;"00° 25' 38.00'' Ouest, 49° 10' 10.00'' Nord";"14101";;"RUE DES CRETES";"14760";"BRETTEVILLE-SUR-ODON";"Pylône autostable"; 25.0;"IFW-FREE"
1557793;-0.19694;48.88889;"00° 11' 49.00'' Ouest, 48° 53' 20.00'' Nord";"14258";;"RUE JEAN SANS TERRE";"14700";"FALAISE";"Immeuble"; 25.0;"Société HLM"
1563069;-0.39250;49.17583;"00° 23' 33.00'' Ouest, 49° 10' 33.00'' Nord";"14118";;"74 BD  ANDRÉ DETOLLE STADE DE VENOIX";"14000";"CAEN";"Pylône tubulaire"; 24.0;"Commune, communauté de commune"
1564230;-0.39028;49.19472;"00° 23' 25.00'' Ouest, 49° 11' 41.00'' Nord";"14118";;"18 R DE CHAMPAGNE";"14000";"CAEN";"Immeuble"; 39.6;"Copropriété, Syndic, SCI"
1572863;-0.48444;49.14306;"00° 29' 04.00'' Ouest, 49° 08' 35.00'' Nord";"14454";;"RUE DU STADE";"14790";"MOUEN";"Pylône tubulaire"; 27.0;"SFR"
1573124;-0.36500;49.19028;"00° 21' 54.00'' Ouest, 49° 11' 25.00'' Nord";"14118";;"ESPLANADE DE LA PAIX UNIVERSITÉ DE CAEN";"14000";"CAEN";"Immeuble"; 35.0;"Etat, Ministère"
1573131;-0.35222;49.16861;"00° 21' 08.00'' Ouest, 49° 10' 07.00'' Nord";"14118";;"2 RTE D'IFS";"14000";"CAEN";"Immeuble"; 19.0;"Copropriété, Syndic, SCI"
1573135;-0.36333;49.20139;"00° 21' 48.00'' Ouest, 49° 12' 05.00'' Nord";"14118";;"3-11  R GALMANCHE";"14000";"CAEN";"Immeuble"; 21.3;"Société HLM"
1574734;-0.34056;49.18278;"00° 20' 26.00'' Ouest, 49° 10' 58.00'' Nord";"14118";;"R DE CARDIFF QUAI GASTON LAMY";"14000";"CAEN";"Pylône autostable"; 27.0;"SFR"
1579852;0.09694;49.35056;"00° 05' 49.00'' Est, 49° 21' 02.00'' Nord";"14699";;"R DU CHEM DU ROY STATION D'EPURATION";"14800";"TOUQUES";"Pylône tubulaire"; 25.5;"SFR"
1580348;0.03778;49.34083;"00° 02' 16.00'' Est, 49° 20' 27.00'' Nord";"14059";;"R SANTOS-DUMONT CR N° 6 CHEM DU CANISY";"14910";"BENERVILLE-SUR-MER";"Pylône tubulaire"; 12.7;"SFR"
1582152;-0.33444;49.18806;"00° 20' 04.00'' Ouest, 49° 11' 17.00'' Nord";"14327";;"31 BD DE LA PAIX";"14200";"HEROUVILLE-SAINT-CLAIR";"Pylône autostable"; 25.0;"SFR"
1587571;-0.28556;49.29028;"00° 17' 08.00'' Ouest, 49° 17' 25.00'' Nord";"14166";;"R DE LA MER INTERMARCHÉ";"14880";"COLLEVILLE-MONTGOMERY";"Pylône autostable"; 26.7;"SFR"
1588446;-0.35167;49.18028;"00° 21' 06.00'' Ouest, 49° 10' 49.00'' Nord";"14118";;"RUE HENRI BRUNET BÂTIMENT 7";"14000";"CAEN";"Immeuble"; 23.7;"Copropriété, Syndic, SCI"
1589169;0.36083;49.14222;"00° 21' 39.00'' Est, 49° 08' 32.00'' Nord";"14403";;"CHEMIN RURAL DU VERT VIQUET, LE VERT VIQUET";"14100";"MAROLLES";"Pylône autostable"; 43.1;"TDF"
1600418;-0.56778;48.85278;"00° 34' 04.00'' Ouest, 48° 51' 10.00'' Nord";"14174";"LE HAUT MESNIL";"RUE DES NORMANDS";"14110";"CONDE-SUR-NOIREAU";"Bâtiment"; 5.0;"EDF ou GDF"
1601996;-0.48667;49.20750;"00° 29' 12.00'' Ouest, 49° 12' 27.00'' Nord";"14543";"LES BIANCES";"CHEM DU HAMEL";"14980";"ROTS";"Château d'eau - réservoir"; 38.5;"Syndicat des eaux, Adduction"
1603394;0.00194;49.28056;"00° 00' 07.00'' Est, 49° 16' 50.00'' Nord";"14329";"LA CROIX D'HEULAND";"ROUTE DE LISIEUX";"14430";"HEULAND";"Château d'eau - réservoir"; 43.0;"Syndicat des eaux, Adduction"
1605369;0.09389;49.36111;"00° 05' 38.00'' Est, 49° 21' 40.00'' Nord";"14715";;"20 RUE EUGENE BOUDIN";"14360";"TROUVILLE-SUR-MER";"Immeuble"; 21.0;"Société HLM"
1605730;0.08333;49.35778;"00° 05' 00.00'' Est, 49° 21' 28.00'' Nord";"14220";;"BD DES SPORTS TERRAIN DE SPORT";"14800";"DEAUVILLE";"Pylône tubulaire"; 31.6;"BOUYGUES"
1606726;-0.05861;49.30194;"00° 03' 31.00'' Ouest, 49° 18' 07.00'' Nord";"14338";"LA BUTTE DE HOULGATE";"21 ROUTE DE LA CORNICHE";"14510";"HOULGATE";"Pylône tubulaire"; 13.3;"FPS TOWERS"
1610459;-0.35556;49.18444;"00° 21' 20.00'' Ouest, 49° 11' 04.00'' Nord";"14118";;"1 R DE COURTONNE HÔTEL MERCURE";"14000";"CAEN";"Immeuble"; 20.0;"Société Privée SA"
1610463;-0.35472;49.17667;"00° 21' 17.00'' Ouest, 49° 10' 36.00'' Nord";"14118";;"2 R DE VAUCELLES BHV DE CAEN";"14000";"CAEN";"Immeuble"; 28.0;"Société Privée SA"
1615600;-0.36556;49.21361;"00° 21' 56.00'' Ouest, 49° 12' 49.00'' Nord";"14118";;"BOULEVARD DU MARECHAL JUIN - UNIVERSITE-CAMPUS 2";"14000";"CAEN";"Immeuble"; 31.1;"Etat, Ministère"
1615606;-0.35194;49.18083;"00° 21' 07.00'' Ouest, 49° 10' 51.00'' Nord";"14118";;"82 QUAI VENDEUVRE  ANGLE QUAI DE JUILLET";"14000";"CAEN";"Immeuble"; 20.5;"BOUYGUES"
1615610;-0.36250;49.18028;"00° 21' 45.00'' Ouest, 49° 10' 49.00'' Nord";"14118";;"135 BOULEVARD MARECHAL LECLERC THÉATRE";"14000";"CAEN";"Bâtiment"; 28.4;"Commune, communauté de commune"
1616785;-0.36389;49.18417;"00° 21' 50.00'' Ouest, 49° 11' 03.00'' Nord";"14118";;"47 R DES TEINTURIERS";"14000";"CAEN";"Bâtiment"; 36.3;"Copropriété, Syndic, SCI"
1626240;-0.37389;49.18667;"00° 22' 26.00'' Ouest, 49° 11' 12.00'' Nord";"14118";;"17 RUE DES ROSIERS";"14000";"CAEN";"Immeuble"; 32.6;"Société HLM"
1628495;-0.42917;49.32722;"00° 25' 45.00'' Ouest, 49° 19' 38.00'' Nord";"14066";;"CHEMIN DE REVIERS-CHATEAU D'EAU";"14990";"BERNIERES-SUR-MER";"Château d'eau - réservoir"; 31.1;"Syndicat des eaux, Adduction"
1628499;-0.24917;49.28806;"00° 14' 57.00'' Ouest, 49° 17' 17.00'' Nord";"14488";;"GARE MARCHANDISE  PARKING";"14150";"OUISTREHAM";"Pylône autostable"; 32.0;"FPS TOWERS"
1628510;-0.31500;49.15278;"00° 18' 54.00'' Ouest, 49° 09' 10.00'' Nord";"14181";"LE TRAISNECOURT";;"14123";"CORMELLES-LE-ROYAL";"Pylône autostable"; 37.0;"Société Privée SA"
1628535;-0.28556;49.26250;"00° 17' 08.00'' Ouest, 49° 15' 45.00'' Nord";"14558";"LE BOURG";"CHEMIN DES CAMPAGNES";"14970";"SAINT-AUBIN-D'ARQUENAY";"Château d'eau - réservoir"; 42.2;"Syndicat des eaux, Adduction"
1628684;-0.29194;49.21222;"00° 17' 31.00'' Ouest, 49° 12' 44.00'' Nord";"14530";;"LES ARMITEAUX";"14860";"RANVILLE";"Pylône autostable"; 38.8;"Particulier"
1629196;-0.36556;49.19444;"00° 21' 56.00'' Ouest, 49° 11' 40.00'' Nord";"14118";"LES TILLEULS";"R DES TILLEULS";"14000";"CAEN";"Immeuble"; 21.0;"Etat, Ministère"
1643976;-0.39556;49.32889;"00° 23' 44.00'' Ouest, 49° 19' 44.00'' Nord";"14562";;"R ABBÉ BOSSARD EGLISE";"14750";"SAINT-AUBIN-SUR-MER";"Monument religieux"; 50.2;"Commune, communauté de commune"
1645691;-0.31639;49.24361;"00° 18' 59.00'' Ouest, 49° 14' 37.00'' Nord";"14068";;"RUE DES 2 PIERRES";"14112";"BIEVILLE-BEUVILLE";"Pylône tubulaire"; 27.0;"CELLNEX"
1650503;-0.42806;49.02028;"00° 25' 41.00'' Ouest, 49° 01' 13.00'' Nord";"14458";"CINGLAIS";"BORDURE RD 562";"14220";"LES MOUTIERS-EN-CINGLAIS";"Pylône autostable"; 34.0;"ORANGE"
1652955;0.26750;49.14889;"00° 16' 03.00'' Est, 49° 08' 56.00'' Nord";"14366";;"RUE EDOUARD BRANLY  HIPPODROME";"14100";"LISIEUX";"Pylône tubulaire"; 31.3;"Commune, communauté de commune"
1654194;-0.07528;49.30250;"00° 04' 31.00'' Ouest, 49° 18' 09.00'' Nord";"14338";;"PL DE L'ÉGLISE EGLISE";"14510";"HOULGATE";"Monument religieux"; 36.0;"Commune, communauté de commune"
1666056;-0.33028;49.29667;"00° 19' 49.00'' Ouest, 49° 17' 48.00'' Nord";"14365";"LE CLOS DE LA RONCE";"CHEM RURAL N°1";"14780";"LION-SUR-MER";"Pylône tubulaire"; 31.1;"ORANGE"
1669394;-0.25917;49.17833;"00° 15' 33.00'' Ouest, 49° 10' 42.00'' Nord";"14221";"LE BOUT DE LÀ-BAS";"CHEM DU BOUT DE LÀ-BAS CR 24";"14840";"DEMOUVILLE";"Pylône tubulaire"; 32.0;"ORANGE"
1673416;-0.30528;49.15972;"00° 18' 19.00'' Ouest, 49° 09' 35.00'' Nord";"14437";;"2 R DENIS PAPIN SARL NICOLAS";"14120";"MONDEVILLE";"Pylône autostable"; 33.5;"ORANGE"
1673923;-0.40111;49.32389;"00° 24' 04.00'' Ouest, 49° 19' 26.00'' Nord";"14562";;"ROUTE DE TAILLEVILLE ATELIERS MUNICIPAUX";"14750";"SAINT-AUBIN-SUR-MER";"Pylône tubulaire"; 30.0;"ORANGE"
1674796;-0.35861;49.20500;"00° 21' 31.00'' Ouest, 49° 12' 18.00'' Nord";"14118";;"AV DE LA COTE DE NACRE";"14000";"CAEN";"Bâtiment"; 19.9;"Etablissement de soins"
1674804;-0.34972;49.19333;"00° 20' 59.00'' Ouest, 49° 11' 36.00'' Nord";"14118";;"36 R D'HÉROUVILLE";"14000";"CAEN";"Bâtiment"; 24.0;"Conseil Régional"
1675583;-0.35278;49.20528;"00° 21' 10.00'' Ouest, 49° 12' 19.00'' Nord";"14118";;"AV GL HARRIS";"14000";"CAEN";"Bâtiment"; 20.7;"Etablissement de soins"
1678786;-0.08889;49.28944;"00° 05' 20.00'' Ouest, 49° 17' 22.00'' Nord";"14225";;"ROUTE DE LISIEUX";"14160";"DIVES-SUR-MER";"Pylône tubulaire"; 19.6;"Commune, communauté de commune"
1682079;-0.38917;49.18944;"00° 23' 21.00'' Ouest, 49° 11' 22.00'' Nord";"14118";;"1 R DE CUSSY";"14000";"CAEN";"Immeuble"; 19.3;"Société HLM"
1690490;0.34000;49.20639;"00° 20' 24.00'' Est, 49° 12' 23.00'' Nord";"14504";"LES QUATRE RTES";"V COM.";"14590";"LE PIN";"Pylône autostable"; 32.0;"SFR"
1690733;0.29556;48.99139;"00° 17' 44.00'' Est, 48° 59' 29.00'' Nord";"14471";"LA PETITE CAUVINIERE";"D 4";"14140";"NOTRE-DAME-DE-COURSON";"Château d'eau - réservoir"; 40.2;"Syndicat des eaux, Adduction"
1690737;-0.89972;49.32472;"00° 53' 59.00'' Ouest, 49° 19' 29.00'' Nord";"14281";"LA PIÈCE À POMMIERS";"D30 PROCHE LA CHAMPAGNE";"14710";"FORMIGNY";"Pylône autostable"; 49.0;"SFR"
1690741;-0.50722;48.95750;"00° 30' 26.00'' Ouest, 48° 57' 27.00'' Nord";"14211";"LES MESLIERS";"CHEM RURAL N°3 DIT DES QUESNOTS";"14220";"CULEY-LE-PATRY";"Pylône autostable"; 32.0;"SFR"
1690745;-0.50278;49.07028;"00° 30' 10.00'' Ouest, 49° 04' 13.00'' Nord";"14592";"LA JALOUSIE";"HERBAGE DE L'ÉCOLE";"14210";"SAINTE-HONORINE-DU-FAY";"Pylône autostable"; 31.1;"SFR"
1690749;-1.08694;49.30389;"01° 05' 13.00'' Ouest, 49° 18' 14.00'' Nord";"14342";"LES BROUAISES";"RD N°5 PRÉS DU CARR. AVEC LE CR N°7 HAMEAU DE LA MADELEINE";"14230";"ISIGNY-SUR-MER";"Pylône autostable"; 41.5;"SFR"
1690753;-0.69250;48.86778;"00° 41' 33.00'' Ouest, 48° 52' 04.00'' Nord";"14726";"CHAMPS PIGEON";;"14410";"VASSY";"Pylône autostable"; 30.4;"SFR"
1690757;0.34278;49.09139;"00° 20' 34.00'' Est, 49° 05' 29.00'' Nord";"14599";"LE VAL ANDRIEU";;"14290";"SAINT-JULIEN-DE-MAILLOC";"Château d'eau - réservoir"; 32.6;"Syndicat des eaux, Adduction"
1690761;0.32833;49.07750;"00° 19' 42.00'' Est, 49° 04' 39.00'' Nord";"14599";"LA DUMONDERIE";"COUR DU PRESSOIR";"14290";"SAINT-JULIEN-DE-MAILLOC";"Pylône autostable"; 31.4;"SFR"
1690765;-0.41500;48.92139;"00° 24' 54.00'' Ouest, 48° 55' 17.00'' Nord";"14635";"HAMEAU ST CLAIR";"DÉPARTEMENTALE";"14220";"SAINT-OMER";"Pylône autostable"; 40.9;"SFR"
1690776;-0.67694;49.24556;"00° 40' 37.00'' Ouest, 49° 14' 44.00'' Nord";"14436";;"CD N°6 DE PORT EN BESSIN À FALAISE";"14400";"MONCEAUX-EN-BESSIN";"Pylône autostable"; 47.8;"SFR"
1690780;-0.27694;49.04250;"00° 16' 37.00'' Ouest, 49° 02' 33.00'' Nord";"14145";"HAMEAU DU HAUT-MESNIL";"CHÂTEAU D'EAU DU SYND DES EAUX DE LA LAIZE";"14190";"CAUVICOURT";"Château d'eau - réservoir"; 38.0;"Syndicat des eaux, Adduction"
1690801;-0.62389;49.32472;"00° 37' 26.00'' Ouest, 49° 19' 29.00'' Nord";"14552";"LE PETIT FONTAINE";"D 87";"14400";"RYES";"Pylône autostable"; 45.0;"SFR"
1691419;-0.72083;49.28167;"00° 43' 15.00'' Ouest, 49° 16' 54.00'' Nord";"14047";;"RTE DE CHERBOURG";"14400";"BAYEUX";"Pylône tubulaire"; 32.0;"SFR"
1691424;0.17972;49.20972;"00° 10' 47.00'' Est, 49° 12' 35.00'' Nord";"14177";"LA CROIX SAINT-PIERRE";"RTE DU TORQUESNE";"14130";"COQUAINVILLIERS";"Château d'eau - réservoir"; 45.7;"Syndicat des eaux, Adduction"
1693079;-0.21917;48.97028;"00° 13' 09.00'' Ouest, 48° 58' 13.00'' Nord";"14678";"LE MONT JOLY";;"14420";"SOUMONT-SAINT-QUENTIN";"Château d'eau - réservoir"; 28.0;"Commune, communauté de commune"
1693128;-1.03806;48.83444;"01° 02' 17.00'' Ouest, 48° 50' 04.00'' Nord";"14658";"BEAUREGARD";"V COM.";"14380";"SAINT-SEVER-CALVADOS";"Pylône autostable"; 32.0;"SFR"
1693145;0.21583;49.10778;"00° 12' 57.00'' Est, 49° 06' 28.00'' Nord";"14625";;"R DU LIEU DORÉ";"14100";"SAINT-MARTIN-DE-LA-LIEUE";"Pylône tubulaire"; 22.0;"SFR"
1694823;-0.76056;48.97639;"00° 45' 38.00'' Ouest, 48° 58' 35.00'' Nord";"14440";"LE MOULIN À VENT";"RTE DES CRENNES";"14260";"MONTAMY";"Pylône autostable"; 32.0;"SFR"
1696271;0.02833;49.07861;"00° 01' 42.00'' Est, 49° 04' 43.00'' Nord";"14422";"LA BRUYERE";"CHEM DÉPARTEMENTAL 47";"14270";"LE MESNIL-MAUGER";"Pylône autostable"; 32.0;"SFR"
1696800;-0.07778;48.99667;"00° 04' 40.00'' Ouest, 48° 59' 48.00'' Nord";"14735";"LE BOURG NEUF";;"14170";"VENDEUVRE";"Pylône autostable"; 30.0;"SFR"
1696836;0.26778;49.14833;"00° 16' 04.00'' Est, 49° 08' 54.00'' Nord";"14366";;"R EDOUARD BRANLY HIPPODROME";"14100";"LISIEUX";"Pylône autostable"; 32.7;"SFR"
1698177;0.08333;49.35833;"00° 05' 00.00'' Est, 49° 21' 30.00'' Nord";"14220";;"BOULEVARD DES SPORTS (STADE COMMANDANT HÉBERT)";"14800";"DEAUVILLE";"Pylône tubulaire"; 30.9;"Commune, communauté de commune"
1700207;-0.34944;49.18361;"00° 20' 58.00'' Ouest, 49° 11' 01.00'' Nord";"14118";;"RUE BERTHELOT PALAIS DE JUSTICE";"14000";"CAEN";"Bâtiment"; 20.0;"Etat, Ministère"
1702380;-0.53806;48.85917;"00° 32' 17.00'' Ouest, 48° 51' 33.00'' Nord";"14174";"LE BOIS DE LA JUSTICE";"RD 562";"14110";"CONDE-SUR-NOIREAU";"Pylône autostable"; 31.6;"BOUYGUES"
1702529;-0.07028;49.07028;"00° 04' 13.00'' Ouest, 49° 04' 13.00'' Nord";"14431";"LE ROUILLIS";"PRES DE LA VOIE FERREE";"14270";"MEZIDON-CANON";"Pylône autostable"; 43.7;"BOUYGUES"
1703684;0.31222;49.18194;"00° 18' 44.00'' Est, 49° 10' 55.00'' Nord";"14326";"SAINT LAURENT";"PARKING  DU PARC ANIMALIER DE CERZA";"14100";"HERMIVAL-LES-VAUX";"Pylône autostable"; 22.0;"FPS TOWERS"
1708082;-0.51444;48.95917;"00° 30' 52.00'' Ouest, 48° 57' 33.00'' Nord";"14211";;"39 CHEM RURAL DE CAMPANDRÉ AU PONT DE LA MOUSSE";"14220";"CULEY-LE-PATRY";"Pylône tubulaire"; 33.0;"TDF"
1708675;0.30806;49.11056;"00° 18' 29.00'' Est, 49° 06' 38.00'' Nord";"14571";"LES VIVES TERRES";"D 266";"14100";"SAINT-DENIS-DE-MAILLOC";"Pylône autostable"; 26.0;"SFR"
1708683;0.28861;49.31722;"00° 17' 19.00'' Est, 49° 19' 02.00'' Nord";"14563";"LES PUITS";;"14130";"SAINT-BENOIT-D'HEBERTOT";"Pylône autostable"; 31.5;"SFR"
1712511;0.24806;49.41028;"00° 14' 53.00'' Est, 49° 24' 37.00'' Nord";"14333";;"R EMILE RENOUF TOUR DES MARRONNIERS";"14600";"HONFLEUR";"Immeuble"; 33.0;"Société HLM"
1712515;-0.42778;49.01972;"00° 25' 40.00'' Ouest, 49° 01' 11.00'' Nord";"14458";"TROIS COURS";"DÉPARTEMENTALE 562-CHATEAU D'EAU";"14220";"LES MOUTIERS-EN-CINGLAIS";"Château d'eau - réservoir"; 27.0;"Syndicat des eaux, Adduction"
1712523;0.23944;49.14306;"00° 14' 22.00'' Est, 49° 08' 35.00'' Nord";"14366";;"1 SQ BARBEY D'AUBERVILLY";"14100";"LISIEUX";"Immeuble"; 61.2;"Copropriété, Syndic, SCI"
1713587;-1.10472;49.32000;"01° 06' 17.00'' Ouest, 49° 19' 12.00'' Nord";"14342";;"PLACE DE VERDUN";"14230";"ISIGNY-SUR-MER";"Pylône autostable"; 39.1;"FPS TOWERS"
1714891;-0.36139;49.19417;"00° 21' 41.00'' Ouest, 49° 11' 39.00'' Nord";"14118";;"11 RUE DU MOULIN AU ROY";"14000";"CAEN";"Immeuble"; 18.1;"Copropriété, Syndic, SCI"
1719958;-1.03361;49.38694;"01° 02' 01.00'' Ouest, 49° 23' 13.00'' Nord";"14312";;"R DU STADE PRÈS D 514";"14450";"GRANDCAMP-MAISY";"Château d'eau - réservoir"; 28.4;"Syndicat des eaux, Adduction"
1721611;-0.69083;49.27639;"00° 41' 27.00'' Ouest, 49° 16' 35.00'' Nord";"14663";;"RUE CHARLES MALAS-INTERSECTION DE D126";"14400";"SAINT-VIGOR-LE-GRAND";"Château d'eau - réservoir"; 39.0;"Syndicat des eaux, Adduction"
1734480;-0.52972;49.14333;"00° 31' 47.00'' Ouest, 49° 08' 36.00'' Nord";"14311";;"R DE LA 15ÈME DIVISION ECOSSAISE";"14210";"GRAINVILLE-SUR-ODON";"Pylône tubulaire"; 27.0;"ORANGE"
1737926;-0.06861;49.30333;"00° 04' 07.00'' Ouest, 49° 18' 12.00'' Nord";"14338";;"D.163 - RTE DE LA CORNICHE RÉSERVOIR BOULOGNE";"14510";"HOULGATE";"Pylône tubulaire"; 27.0;"ORANGE"
1741794;-0.86361;48.85111;"00° 51' 49.00'' Ouest, 48° 51' 04.00'' Nord";"14762";;"RTE D'AUNAY SUR ODON ZI EST";"14500";"VIRE";"Pylône autostable"; 14.4;"SFR"
1750573;-0.65361;49.25111;"00° 39' 13.00'' Ouest, 49° 15' 04.00'' Nord";"14630";;"RUE DE LA CARTOUCHERIE CEI ST MARTIN DES ENTREES";"14400";"SAINT-MARTIN-DES-ENTREES";"Pylône autostable"; 27.0;"DDE"
1750575;-0.86167;49.28667;"00° 51' 42.00'' Ouest, 49° 17' 12.00'' Nord";"14668";;"GRUCHY CHATEAU D EAU";"14330";"SAONNET";"Château d'eau - réservoir"; 30.0;"Commune, communauté de commune"
1750577;-0.30639;49.15778;"00° 18' 23.00'' Ouest, 49° 09' 28.00'' Nord";"14437";;"3 RUE NICEPHORE NIEPCE CIGT MONDEVILLE";"14120";"MONDEVILLE";"Bâtiment"; 15.0;"DDE"
1750579;-0.65778;49.06611;"00° 39' 28.00'' Ouest, 49° 03' 58.00'' Nord";"14389";;"LES PETITS HAUTS VENTS CEI";"14310";"MAISONCELLES-PELVEY";"Pylône autostable"; 22.0;"DDE"
1752630;-0.63389;49.02000;"00° 38' 02.00'' Ouest, 49° 01' 12.00'' Nord";"14027";;"PL DE L'EGLISE EGLISE";"14260";"AUNAY-SUR-ODON";"Monument religieux"; 59.0;"Commune, communauté de commune"
1754127;0.09500;49.20806;"00° 05' 42.00'' Est, 49° 12' 29.00'' Nord";"14083";"LA PETITE VALLÉE";;"14340";"BONNEBOSQ";"Pylône autostable"; 35.0;"SFR"
1754136;-0.27028;48.94556;"00° 16' 13.00'' Ouest, 48° 56' 44.00'' Nord";"14720";;"CHEM DÉPARTEMENTAL N°6 DE PORT-EN-BESSIN À FALAISE";"14420";"USSY";"Pylône autostable"; 32.0;"SFR"
1765107;-0.67056;48.85861;"00° 40' 14.00'' Ouest, 48° 51' 31.00'' Nord";"14726";;"RUE DU MOULIN";"14410";"VASSY";"Pylône haubané"; 13.0;"Titulaire programme Radio/TV"
1770727;-0.35417;49.16750;"00° 21' 15.00'' Ouest, 49° 10' 03.00'' Nord";"14118";;"38 RUE DES FRERES BOUTROIS";"14000";"CAEN";"Bâtiment"; 30.3;"ORANGE"
1773438;-0.39694;49.11306;"00° 23' 49.00'' Ouest, 49° 06' 47.00'' Nord";"14266";;"CHEMIN DE LA MINE";"14320";"FEUGUEROLLES-BULLY";"Pylône autostable"; 30.0;"ORANGE"
1774276;0.08083;49.36611;"00° 04' 51.00'' Est, 49° 21' 58.00'' Nord";"14715";;"166 BD FERNAND MOUREAUX";"14360";"TROUVILLE-SUR-MER";"Bâtiment"; 23.3;"Société Privée SA"
1777419;-0.30139;49.26611;"00° 18' 05.00'' Ouest, 49° 15' 58.00'' Nord";"14166";"LE HAUT TEURTRE";;"14880";"COLLEVILLE-MONTGOMERY";"Pylône autostable"; 24.0;"ORANGE"
1782423;-0.16194;49.02194;"00° 09' 43.00'' Ouest, 49° 01' 19.00'' Nord";"14394";"LA CROIX";"FROIDE RUE";"14190";"MAIZIERES";"Château d'eau - réservoir"; 32.0;"Syndicat des eaux, Adduction"
1785611;-0.32889;49.18139;"00° 19' 44.00'' Ouest, 49° 10' 53.00'' Nord";"14437";;"48 R GASTON LAMY";"14120";"MONDEVILLE";"Bâtiment"; 24.3;"Société Privée SA"
1792090;0.06861;49.36111;"00° 04' 07.00'' Est, 49° 21' 40.00'' Nord";"14220";;"1 AVENUE LUCIEN BARRIÈRE";"14800";"DEAUVILLE";"Bâtiment"; 14.2;"Commune, communauté de commune"
1792650;0.06917;49.35389;"00° 04' 09.00'' Est, 49° 21' 14.00'' Nord";"14220";;"28, AV FLORIAN DE KERGOLAY POLYCLINIQUE";"14800";"DEAUVILLE";"Bâtiment"; 31.0;"Etablissement de soins"
1800358;-0.42750;49.08278;"00° 25' 39.00'' Ouest, 49° 04' 58.00'' Nord";"14006";;"RTE DU VAL DE MAIZET";"14210";"AMAYE-SUR-ORNE";"Pylône autostable"; 38.3;"SFR"
1800679;-0.29361;49.15806;"00° 17' 37.00'' Ouest, 49° 09' 29.00'' Nord";"14437";;"ROUTE DE PARIS";"14120";"MONDEVILLE";"Bâtiment"; 17.0;"Société Privée SA"
1811476;-0.19444;49.12028;"00° 11' 40.00'' Ouest, 49° 07' 13.00'' Nord";"14761";"LA MADELEINE";"CHEM RURAL PRÈS D.47";"14370";"VIMONT";"Pylône autostable"; 32.0;"ORANGE"
1813030;-0.39333;49.19333;"00° 23' 36.00'' Ouest, 49° 11' 36.00'' Nord";"14118";;"10 RUE MOLIÈRE OPHLM DE CAEN";"14000";"CAEN";"Immeuble"; 55.0;"Société HLM"
1818245;-0.32306;49.27889;"00° 19' 23.00'' Ouest, 49° 16' 44.00'' Nord";"14325";;"LES BACTOS";"14880";"HERMANVILLE-SUR-MER";"Pylône autostable"; 30.0;"ORANGE"
1820034;-0.07556;49.06139;"00° 04' 32.00'' Ouest, 49° 03' 41.00'' Nord";"14493";"LES CANGÉLIQUES";"ROUTE DE MEZIDON CD252";"14270";"PERCY-EN-AUGE";"Bâtiment"; 18.0;"EDF ou GDF"
1821328;-0.34056;49.15528;"00° 20' 26.00'' Ouest, 49° 09' 19.00'' Nord";"14118";;"53 BVD DE LA CHARITÉ RPA LA CHARITÉ";"14000";"CAEN";"Bâtiment"; 12.0;"Etablissement de soins"
1821336;-0.29750;49.19778;"00° 17' 51.00'' Ouest, 49° 11' 52.00'' Nord";"14167";;"5 AVENUE DU PAYS DE CAEN UCP ALIMENTAIRE";"14460";"COLOMBELLES";"Bâtiment"; 6.0;"Etablissement de soins"
1825694;-1.03583;49.37778;"01° 02' 09.00'' Ouest, 49° 22' 40.00'' Nord";"14312";"L'HERBAGE MOSLE";"ROUTE DU CHATEAU D'EAU";"14450";"GRANDCAMP-MAISY";"Pylône autostable"; 30.0;"SFR"
1828614;-0.53333;49.33611;"00° 32' 00.00'' Ouest, 49° 20' 10.00'' Nord";"14739";;"R DE LA BARRE  LA VOIE MAINE";"14114";"VER-SUR-MER";"Pylône tubulaire"; 37.0;"TDF"
1829191;-0.46528;49.21417;"00° 27' 55.00'' Ouest, 49° 12' 51.00'' Nord";"14543";"LES PERRELLES";"CHEMIN DES FOSSÉS  D170";"14980";"ROTS";"Pylône autostable"; 30.0;"ORANGE"
1829243;-0.22444;49.24806;"00° 13' 28.00'' Ouest, 49° 14' 53.00'' Nord";"14009";"LE GRAND HÉRAGE";;"14860";"AMFREVILLE";"Pylône autostable"; 30.0;"ORANGE"
1829251;-0.50639;49.17639;"00° 30' 23.00'' Ouest, 49° 10' 35.00'' Nord";"14610";;"ROUTE DE ROUEN - D9 D170";"14740";"SAINT-MANVIEU-NORREY";"Pylône autostable"; 36.0;"ORANGE"
1829254;-0.45694;49.18583;"00° 27' 25.00'' Ouest, 49° 11' 09.00'' Nord";"14137";;"CHEMIN DE LA MOTTE D9 TERRAIN DE SPORT";"14650";"CARPIQUET";"Pylône tubulaire"; 30.0;"ORANGE"
1829256;-0.21556;49.18389;"00° 12' 56.00'' Ouest, 49° 11' 02.00'' Nord";"14666";"LES HAUTES BRUNES";"STATION D'ÉPURATION";"14940";"SANNERVILLE";"Pylône tubulaire"; 30.0;"ORANGE"
1830515;0.07611;49.35278;"00° 04' 34.00'' Est, 49° 21' 10.00'' Nord";"14220";;"45 AVE HOCQUART DE TURTOT HIPPODROME DE DEAUVILLE";"14800";"DEAUVILLE";"Bâtiment"; 20.0;"Société Privée SA"
1833969;-0.38222;49.25167;"00° 22' 56.00'' Ouest, 49° 15' 06.00'' Nord";"14407";"LA CHAUSSÉE";"PRÈS D7";"14920";"MATHIEU";"Pylône autostable"; 30.0;"ORANGE"
1854724;-0.29111;49.19889;"00° 17' 28.00'' Ouest, 49° 11' 56.00'' Nord";"14167";"ROND POINT LAZZARO";"RUE FRANCIS DE PRESSENCÉ";"14460";"COLOMBELLES";"Pylône autostable"; 35.0;"Commune, communauté de commune"
1859709;0.05389;49.25111;"00° 03' 14.00'' Est, 49° 15' 04.00'' Nord";"14016";"GONDOUIN";"SAINT REMI";"14430";"ANNEBAULT";"Pylône autostable"; 32.0;"SFR"
1861837;-0.40694;48.87444;"00° 24' 25.00'' Ouest, 48° 52' 28.00'' Nord";"14764";;"1 CHEMIN DU ROI";"14690";"PONT-D'OUILLY";"Pylône autostable"; 16.0;"SFR"
1866723;-0.87250;49.32667;"00° 52' 21.00'' Ouest, 49° 19' 36.00'' Nord";"14681";"LE HAMEL";;"14710";"SURRAIN";"Pylône autostable"; 43.4;"TDF"
1867341;-0.40556;49.25944;"00° 24' 20.00'' Ouest, 49° 15' 34.00'' Nord";"14014";"BASSE COUTURE";"LES BLANCROTTES RD 79";"14610";"ANGUERNY";"Pylône autostable"; 36.0;"ORANGE"
1869669;-0.62583;49.02528;"00° 37' 33.00'' Ouest, 49° 01' 31.00'' Nord";"14027";;"RUE DE CAEN - D8 STADE MUNICIPAL";"14260";"AUNAY-SUR-ODON";"Pylône autostable"; 35.0;"ORANGE"
1870873;-0.85000;49.20167;"00° 51' 00.00'' Ouest, 49° 12' 06.00'' Nord";"14727";"LA VALLÉE";"RD 572";"14490";"VAUBADON";"Château d'eau - réservoir"; 38.0;"Syndicat des eaux, Adduction"
1885594;-0.07000;49.07278;"00° 04' 12.00'' Ouest, 49° 04' 22.00'' Nord";"14431";;"13 PLACE CHARLES DE GAULLE";"14270";"MEZIDON-CANON";"Pylône tubulaire"; 16.5;"ORANGE"
1891437;-0.36222;49.19833;"00° 21' 44.00'' Ouest, 49° 11' 54.00'' Nord";"14118";;"19-21 AVENUE DE THIÈS";"14000";"CAEN";"Bâtiment"; 16.8;"Conseil Régional"
1894821;0.21417;49.10806;"00° 12' 51.00'' Est, 49° 06' 29.00'' Nord";"14625";;"RUE DU LIEU DORE";"14100";"SAINT-MARTIN-DE-LA-LIEUE";"Pylône tubulaire"; 31.0;"Commune, communauté de commune"
1905184;-0.15361;49.28000;"00° 09' 13.00'' Ouest, 49° 16' 48.00'' Nord";"14724";"LE LIEUTENANT";"PROCHE RD513";"14390";"VARAVILLE";"Pylône tubulaire"; 36.3;"Commune, communauté de commune"
1915593;-0.51972;49.20667;"00° 31' 11.00'' Ouest, 49° 12' 24.00'' Nord";"14098";;"ZI DE CORDONVILLE BRETTEVILLE FPS";"14740";"BRETTEVILLE-L'ORGUEILLEUSE";"Mât"; 62.0;"FPS TOWERS"
1915765;-0.27028;49.27222;"00° 16' 13.00'' Ouest, 49° 16' 20.00'' Nord";"14488";"LE PETIT BONHEUR";"CHEMIN DES PELERINS";"14150";"OUISTREHAM";"Pylône autostable"; 40.0;"ORANGE"
1932879;-0.36917;49.22583;"00° 22' 09.00'' Ouest, 49° 13' 33.00'' Nord";"14242";"LA GRÂCE DE DIEU";"ROUTE DE CAEN D7";"14610";"EPRON";"Pylône autostable"; 27.0;"ORANGE"
1946964;0.28222;49.14639;"00° 16' 56.00'' Est, 49° 08' 47.00'' Nord";"14303";"POLE D ACTIVITES DE L ESPERANC";"70 CHEM DE BEAUFILS";"14100";"GLOS";"Bâtiment"; 8.6;"Société Privée SA"
1954087;-0.35778;49.17167;"00° 21' 28.00'' Ouest, 49° 10' 18.00'' Nord";"14118";;"19 25 RUE BARBEUX";"14000";"CAEN";"Immeuble"; 19.8;"Société HLM"
1954147;-0.74694;49.00056;"00° 44' 49.00'' Ouest, 49° 00' 02.00'' Nord";"14347";"LES BRUYÈRES";"CD 165";"14260";"JURQUES";"Pylône autostable"; 31.8;"IFW-FREE"
1958536;0.23056;49.14583;"00° 13' 50.00'' Est, 49° 08' 45.00'' Nord";"14366";;"4 RUE ROGER AINI";"14100";"LISIEUX";"Bâtiment"; 48.3;"Etablissement de soins"
1965204;0.41639;49.02222;"00° 24' 59.00'' Est, 49° 01' 20.00'' Nord";"14740";;"CHEM DE CHAMBRAIS";"14290";"LA VESPIERE";"Bâtiment"; 12.2;"Société Privée SA"
1965730;-0.36139;49.20833;"00° 21' 41.00'' Ouest, 49° 12' 30.00'' Nord";"14118";;"16 RUE CLAUDE BLOCH CIMBN SCANNER BASSE NORMANDIE";"14000";"CAEN";"Immeuble"; 5.0;"Etablissement de soins"
1965734;-0.35778;49.20444;"00° 21' 28.00'' Ouest, 49° 12' 16.00'' Nord";"14118";;"AVENUE DE LA CÔTE DE NACRE HOPITAL UNIVERSITAIRE - TOUR GALETTE";"14000";"CAEN";"Bâtiment"; 85.0;"Etablissement de soins"
1965736;-0.36139;49.18000;"00° 21' 41.00'' Ouest, 49° 10' 48.00'' Nord";"14118";;"14-16 RUE DES JACOBINS CABINET DE RADIOLOGIE DES JACOBINS";"14000";"CAEN";"Immeuble"; 22.0;"Copropriété, Syndic, SCI"
1965738;-0.35306;49.18139;"00° 21' 11.00'' Ouest, 49° 10' 53.00'' Nord";"14118";;"58 QUAI VENDEUVRE CABINET DE RADIOLOGIE QUAI VENDEUVRE";"14000";"CAEN";"Immeuble"; 24.0;"Copropriété, Syndic, SCI"
1965740;-0.34500;49.16833;"00° 20' 42.00'' Ouest, 49° 10' 06.00'' Nord";"14118";;"20 AVENUE CAPITAINE GEORGES GUYNEMER POLYCLINIQUE DE CAEN";"14000";"CAEN";"Bâtiment"; 24.0;"Etablissement de soins"
1970721;0.09833;49.33861;"00° 05' 54.00'' Est, 49° 20' 19.00'' Nord";"14557";;"AVENUE OX AND BUCKS";"14800";"SAINT-ARNOULT";"pylône arbre"; 30.2;"Commune, communauté de commune"
1970786;-0.43472;49.22833;"00° 26' 05.00'' Ouest, 49° 13' 42.00'' Nord";"14123";"TOMBELLE";"CHEMIN DE COLOMBELLES";"14610";"CAIRON";"Pylône autostable"; 24.0;"ORANGE"
1972618;0.07000;49.25417;"00° 04' 12.00'' Est, 49° 15' 15.00'' Nord";"14091";;"LES GENETAIS";"14430";"BOURGEAUVILLE";"Bâtiment"; 8.0;"Société Privée SA"
1974277;0.38556;49.01806;"00° 23' 08.00'' Est, 49° 01' 05.00'' Nord";"14478";"BEAUVOIR";"ROUTE DE LIVAROT ZI  DU BEAUVOIR";"14290";"ORBEC";"Pylône autostable"; 30.0;"EDF ou GDF"
1975863;-0.26722;49.10694;"00° 16' 02.00'' Ouest, 49° 06' 25.00'' Nord";"14057";"LA MALCOURONNE";"ROUTE DE GARCELLES";"14370";"BELLENGREVILLE";"Pylône autostable"; 31.8;"Société Privée SA"
1975865;-0.49444;48.89000;"00° 29' 40.00'' Ouest, 48° 53' 24.00'' Nord";"14162";"BELLEVUE";"LES BRUYERES DE BELLEVUE RD 562";"14570";"CLECY";"Pylône autostable"; 31.8;"Commune, communauté de commune"
1988371;-1.00944;49.33917;"01° 00' 34.00'' Ouest, 49° 20' 21.00'' Nord";"14124";;"RUE DE THOVILLE";"14230";"LA CAMBE";"Château d'eau - réservoir"; 47.0;"Syndicat des eaux, Adduction"
1998694;-0.38472;49.23778;"00° 23' 05.00'' Ouest, 49° 14' 16.00'' Nord";"14125";"DELLE DES PRÉS";"CHEMIN DES ROYAL ULSTER RIFLES";"14610";"CAMBES-EN-PLAINE";"Pylône tubulaire"; 30.0;"ORANGE"
1999913;-0.87250;49.23028;"00° 52' 21.00'' Ouest, 49° 13' 49.00'' Nord";"14370";;"STADE LES ECOLES";"14330";"LE MOLAY-LITTRY";"Pylône tubulaire"; 18.0;"ORANGE"
2001987;-0.31333;49.21528;"00° 18' 48.00'' Ouest, 49° 12' 55.00'' Nord";"14327";;"568 ANCIENNE ROUTE DE OUISTREHAM";"14200";"HEROUVILLE-SAINT-CLAIR";"Mât"; 12.0;"ORANGE"
2002403;-0.50306;49.13806;"00° 30' 11.00'' Ouest, 49° 08' 17.00'' Nord";"14707";"LES ECLUSES";"CHEMIN RURAL DES VIEUX LOTS";"14210";"TOURVILLE-SUR-ODON";"Pylône autostable"; 24.0;"ORANGE"
2003063;-0.46667;49.26139;"00° 28' 00.00'' Ouest, 49° 15' 41.00'' Nord";"14685";"LA PETITE HAIE";"CHEMIN DIT DU FRESNE";"14610";"THAON";"Pylône autostable"; 17.0;"ORANGE"
2005498;-0.26972;49.22583;"00° 16' 11.00'' Ouest, 49° 13' 33.00'' Nord";"14530";"CARRIÈRE";"CHEM VERT ROUTE DE COLOMBELLES";"14860";"RANVILLE";"Pylône autostable"; 36.0;"ORANGE"
2006826;-1.04444;48.83917;"01° 02' 40.00'' Ouest, 48° 50' 21.00'' Nord";"14658";;"12 RUE DE LA PISCINE";"14380";"SAINT-SEVER-CALVADOS";"Pylône tubulaire"; 12.0;"ORANGE"
2012505;-0.36139;49.19917;"00° 21' 41.00'' Ouest, 49° 11' 57.00'' Nord";"14118";;"40 AVENUE DE THIERS RESIDENCE DE L AVENIR";"14000";"CAEN";"Immeuble"; 31.3;"Copropriété, Syndic, SCI"
2013983;0.15778;49.36111;"00° 09' 28.00'' Est, 49° 21' 40.00'' Nord";"14578";;"AEROPORT DEAUVILLE NORMANDIE BUREAU DES OPERATIONS";"14130";"SAINT-GATIEN-DES-BOIS";"Bâtiment"; 13.0;"Société Privée SA"
2017885;-0.21944;49.12472;"00° 13' 10.00'' Ouest, 49° 07' 29.00'' Nord";"14057";"LA CARRIÈRE";"RUE DES TILLEULS ROUTE D'ARGENCES";"14370";"BELLENGREVILLE";"Pylône tubulaire"; 27.0;"SFR"
2020367;-0.34000;49.17083;"00° 20' 24.00'' Ouest, 49° 10' 15.00'' Nord";"14118";;"48 RUE PIERRE GRINGOIRE";"14000";"CAEN";"Immeuble"; 20.0;"Copropriété, Syndic, SCI"
2023973;0.25667;49.42528;"00° 15' 24.00'' Est, 49° 25' 31.00'' Nord";"14333";;"QUAI DE LA JETEE DE L EST";"14600";"HONFLEUR";"Pylône tubulaire"; 36.2;"Copropriété, Syndic, SCI"
2024071;0.20222;49.29000;"00° 12' 08.00'' Est, 49° 17' 24.00'' Nord";"14514";"LIEU GRIEU";"AUTOROUTE DES ESTUAIRES";"14130";"PONT-L'EVEQUE";"Mât"; 7.0;"Société Privée SA"
2024073;-0.00556;49.24639;"00° 00' 20.00'' Ouest, 49° 14' 47.00'' Nord";"14198";;"DOMAINE AUTOROUTIER SAPO";"14430";"CRESSEVEUILLE";"Bâtiment"; 6.0;"Société Privée SA"
2025161;0.07944;48.96333;"00° 04' 46.00'' Est, 48° 57' 48.00'' Nord";"14697";;"CHEMIN DE MEAUTRY";"14170";"L'OUDON";"Château d'eau - réservoir"; 33.4;"Commune, communauté de commune"
2027718;-0.08861;49.08861;"00° 05' 19.00'' Ouest, 49° 05' 19.00'' Nord";"14482";"LE FREULE";"ROUTE DEPARTEMENTALE 152 CHATEAU D EAU DE MAGNY";"14270";"OUEZY";"Château d'eau - réservoir"; 34.0;"Syndicat des eaux, Adduction"
2029093;-0.51083;49.17222;"00° 30' 39.00'' Ouest, 49° 10' 20.00'' Nord";"14157";"LA GRANDE LONDE";"RD 170";"14210";"CHEUX";"Pylône autostable"; 27.0;"SFR"
2029106;-0.37361;49.11056;"00° 22' 25.00'' Ouest, 49° 06' 38.00'' Nord";"14623";;"65 ROUTE HARCAURT";"14320";"SAINT-MARTIN-DE-FONTENAY";"Pylône autostable"; 16.0;"SFR"
2029112;-0.30389;49.13750;"00° 18' 14.00'' Ouest, 49° 08' 15.00'' Nord";"14675";"LES GRANDS CLOS";"ZA DES BREHOLLES";"14540";"SOLIERS";"Pylône autostable"; 48.0;"SFR"
2029155;-0.13556;49.27722;"00° 08' 08.00'' Ouest, 49° 16' 38.00'' Nord";"14117";;"CHEM DE VILLIERS CENTRE TECHNIQUE MUNICIPAL";"14390";"CABOURG";"Pylône autostable"; 12.0;"SFR"
2029159;-0.45167;49.12417;"00° 27' 06.00'' Ouest, 49° 07' 27.00'' Nord";"14274";"LE MONTHAIE";"STATION DE COMPOSTAGE";"14790";"FONTAINE-ETOUPEFOUR";"Pylône autostable"; 27.0;"SFR"
2029163;-0.61556;49.17278;"00° 36' 56.00'' Ouest, 49° 10' 22.00'' Nord";"14692";"LES CARRIÈRES";"CHEM DE JUVIGNY";"14250";"TILLY-SUR-SEULLES";"Pylône autostable"; 32.0;"SFR"
2031921;-0.43944;49.28306;"00° 26' 22.00'' Ouest, 49° 16' 59.00'' Nord";"14062";"BRACQUEVILLE";"HAMEAU DE BRACQUEVILLE";"14440";"BENY-SUR-MER";"Pylône tubulaire"; 24.0;"ORANGE"
2034460;0.28806;49.31750;"00° 17' 17.00'' Est, 49° 19' 03.00'' Nord";"14563";"LA GOHAIGNE";"CHE DU CHATEAU D'EAU VC N°5";"14130";"SAINT-BENOIT-D'HEBERTOT";"Château d'eau - réservoir"; 41.0;"Syndicat des eaux, Adduction"
2035668;-0.43861;49.17278;"00° 26' 19.00'' Ouest, 49° 10' 22.00'' Nord";"14101";"KOENIG";"660,RUE ANTOINE DE ST EXUPERY";"14760";"BRETTEVILLE-SUR-ODON";"Bâtiment"; 19.0;"EDF ou GDF"
2038410;-0.54056;49.21333;"00° 32' 26.00'' Ouest, 49° 12' 48.00'' Nord";"14525";;"R DE BRETTEVILLE CHÂTEAU D'EAU";"14740";"PUTOT-EN-BESSIN";"Château d'eau - réservoir"; 46.0;"Syndicat des eaux, Adduction"
2039882;-0.08889;49.28944;"00° 05' 20.00'' Ouest, 49° 17' 22.00'' Nord";"14225";"CÔTE DE SARLABOT";"D 45 RTE DE LISIEUX";"14160";"DIVES-SUR-MER";"Pylône tubulaire"; 19.0;"SFR"
