Numéro du support;Longitude;Latitude;"Position";"Insee";"Lieu dit";"Adresse";"Code postal";"Commune";"Nature du support";Hauteur en m;"Propriétaire"
6142;2.20222;44.71222;"02° 12' 08.00'' Est, 44° 42' 44.00'' Nord";"15122";;"ALLÉE ARCAMBE";"15600";"MAURS";"Pylône autostable"; 22.0;"ORANGE Services Fixes"
6144;2.17250;44.70444;"02° 10' 21.00'' Est, 44° 42' 16.00'' Nord";"15122";;"BOIS MIGIÉ";"15600";"MAURS";"Pylône autostable"; 25.0;"ORANGE Services Fixes"
6154;2.49167;44.86556;"02° 29' 30.00'' Est, 44° 51' 56.00'' Nord";"15012";;"IMBERT";"15130";"ARPAJON-SUR-CERE";"Pylône autostable"; 26.0;"ORANGE Services Fixes"
6156;2.62528;44.97944;"02° 37' 31.00'' Est, 44° 58' 46.00'' Nord";"15258";;"PL CARLADES MAIRIE";"15800";"VIC-SUR-CERE";"Bâtiment"; 7.0;"Commune, communauté de commune"
6162;2.17694;44.94778;"02° 10' 37.00'' Est, 44° 56' 52.00'' Nord";"15189";;"MARONCLE";"15150";"SAINT-GERONS";"Pylône autostable"; 40.0;"ORANGE Services Fixes"
6168;3.09250;45.03611;"03° 05' 33.00'' Est, 45° 02' 10.00'' Nord";"15187";;"R BLAISE PASCAL";"15100";"SAINT-FLOUR";"Bâtiment"; 10.0;"ORANGE Services Fixes"
6170;2.87611;45.11694;"02° 52' 34.00'' Est, 45° 07' 01.00'' Nord";"15138";;"FONT DE NEISSO";"15300";"MURAT";"Pylône autostable"; 21.0;"ORANGE Services Fixes"
6174;2.14583;44.99389;"02° 08' 45.00'' Est, 44° 59' 38.00'' Nord";"15135";"LA CROIX DE BONNET";"ACR";"15150";"MONTVERT";"Pylône autostable"; 18.0;"ORANGE Services Fixes"
6178;2.75667;45.28556;"02° 45' 24.00'' Est, 45° 17' 08.00'' Nord";"15110";"LES VACHERS";"D.62 - CIMETIÈRE";"15190";"LUGARDE";"Pylône autostable"; 13.0;"ORANGE Services Fixes"
6180;2.82861;45.30917;"02° 49' 43.00'' Est, 45° 18' 33.00'' Nord";"15114";"LE BOURG";"D36";"15190";"MARCENAT";"Pylône autostable"; 27.0;"ORANGE Services Fixes"
6182;2.33000;44.74194;"02° 19' 48.00'' Est, 44° 44' 31.00'' Nord";"15172";;"CAP DEL COSTE";"15220";"SAINT-ANTOINE";"Pylône autostable"; 23.0;"ORANGE Services Fixes"
6184;2.33667;44.75139;"02° 20' 12.00'' Est, 44° 45' 05.00'' Nord";"15172";;"LE BOURG";"15220";"SAINT-ANTOINE";"Pylône tubulaire"; 12.0;"ORANGE Services Fixes"
6186;3.19861;45.25306;"03° 11' 55.00'' Est, 45° 15' 11.00'' Nord";"15119";;"R DE L'HOSPITAL R DE LA PAIX";"15500";"MASSIAC";"Pylône autostable"; 12.0;"ORANGE Services Fixes"
70743;3.16667;45.16333;"03° 09' 60.00'' Est, 45° 09' 48.00'' Nord";"15207";"AVENAUD";;"15500";"SAINT-PONCY";"Pylône autostable"; 14.0;
70757;3.11472;45.10556;"03° 06' 53.00'' Est, 45° 06' 20.00'' Nord";"15055";"LE MARLIAC LE FAGE";;"15100";"COREN";"Pylône autostable"; 25.0;
108912;2.41889;44.64444;"02° 25' 08.00'' Est, 44° 38' 40.00'' Nord";"15260";;"ECOLE DE VIEILLEVIE D 141";"15120";"VIEILLEVIE";"Bâtiment"; 8.0;"ORANGE Services Fixes"
239879;2.44917;44.94750;"02° 26' 57.00'' Est, 44° 56' 51.00'' Nord";"15014";"LE GAZARD";;"15000";"AURILLAC";"Bâtiment"; 6.0;"TDF"
255169;2.44333;44.92417;"02° 26' 36.00'' Est, 44° 55' 27.00'' Nord";"15014";;"22, R DU 139ÈME D'INFANTERIE";"15000";"AURILLAC";"Bâtiment"; 16.0;
255171;3.00389;44.85056;"03° 00' 14.00'' Est, 44° 51' 02.00'' Nord";"15045";;"R CARTIER BEAUREDON";"15110";"CHAUDES-AIGUES";"Bâtiment"; 17.0;
255174;3.20194;45.25000;"03° 12' 07.00'' Est, 45° 15' 00.00'' Nord";"15119";;"RTE DE BROUSSE";"15500";"MASSIAC";"Bâtiment"; 11.0;
255176;2.65694;45.28583;"02° 39' 25.00'' Est, 45° 17' 09.00'' Nord";"15162";;"R DU CHAMP DE FOIRE";"15400";"RIOM-ES-MONTAGNES";"Bâtiment"; 10.0;
255320;2.48139;45.33833;"02° 28' 53.00'' Est, 45° 20' 18.00'' Nord";"15169";;"R DE LA GARE";"15240";"SAIGNES";"Bâtiment"; 10.0;
255322;3.07694;45.03611;"03° 04' 37.00'' Est, 45° 02' 10.00'' Nord";"15187";;"RTE DE MURAT";"15100";"SAINT-FLOUR";"Bâtiment"; 8.0;
255327;3.05000;44.86389;"03° 02' 60.00'' Est, 44° 51' 50.00'' Nord";"15199";"LE PUECH";;"15110";"SAINT-MARTIAL";"Bâtiment"; 22.0;
255352;2.93444;45.24167;"02° 56' 04.00'' Est, 45° 14' 30.00'' Nord";"15001";;"RTE DE CHAVANON";"15160";"ALLANCHE";"Bâtiment"; 9.0;
255410;2.76028;45.33667;"02° 45' 37.00'' Est, 45° 20' 12.00'' Nord";"15054";"LA BORIE BASSE";;"15190";"CONDAT";"Bâtiment"; 11.0;"DDE"
255419;2.18833;44.96944;"02° 11' 18.00'' Est, 44° 58' 10.00'' Nord";"15094";;"R DE LA TRÉMALIÈRE";"15150";"LAROQUEBROU";"Bâtiment"; 10.0;
255502;2.42972;44.91472;"02° 25' 47.00'' Est, 44° 54' 53.00'' Nord";"15014";;"R DES LESCUDILLIERS";"15000";"AURILLAC";"Bâtiment"; 14.0;
305989;2.60556;44.87972;"02° 36' 20.00'' Est, 44° 52' 47.00'' Nord";"15058";"LOS PLASSOS";"DÉPARTEMENTALE 459";"15130";"CROS-DE-RONESQUE";"Pylône autostable"; 20.3;"SFR"
306388;2.62056;44.92417;"02° 37' 14.00'' Est, 44° 55' 27.00'' Nord";"15017";"COMMUN GRAND";"RTE DÉPARTEMENTALE N° 57";"15800";"BADAILHAC";"Pylône autostable"; 25.4;"SFR"
306390;2.55222;44.88028;"02° 33' 08.00'' Est, 44° 52' 49.00'' Nord";"15028";"LE DAT SOUBEYROL";"VC DE LACHAU AU DAT";"15130";"CARLAT";"Pylône autostable"; 20.4;"SFR"
321374;3.19694;44.99667;"03° 11' 49.00'' Est, 44° 59' 48.00'' Nord";"15168";"COMBECHALDE";"D13";"15320";"RUYNES-EN-MARGERIDE";"Pylône tubulaire"; 8.0;"ORANGE Services Fixes"
321474;2.40306;44.81444;"02° 24' 11.00'' Est, 44° 48' 52.00'' Nord";"15163";"LACAMP";"CHATEAU D'EAU";"15220";"ROANNES-SAINT-MARY";"Château d'eau - réservoir"; 4.0;"Commune, communauté de commune"
324114;2.84028;44.92167;"02° 50' 25.00'' Est, 44° 55' 18.00'' Nord";"15152";;"10 R DE SALZET LA POSTE";"15230";"PIERREFORT";"Bâtiment"; 10.0;"La Poste"
326154;2.98417;44.92778;"02° 59' 03.00'' Est, 44° 55' 40.00'' Nord";"15142";"LE BOURG";"LA POSTE";"15260";"NEUVEGLISE";"Bâtiment"; 10.0;"La Poste"
326160;2.83278;44.91306;"02° 49' 58.00'' Est, 44° 54' 47.00'' Nord";"15152";"LES GRANDS CHAMPS";;"15230";"PIERREFORT";"Pylône tubulaire"; 12.0;"ORANGE Services Fixes"
328217;2.66583;44.98361;"02° 39' 57.00'' Est, 44° 59' 01.00'' Nord";"15180";"SÉGADOU";;"15800";"SAINT-CLEMENT";"Pylône autostable"; 25.0;"SFR"
329371;3.06194;44.84139;"03° 03' 43.00'' Est, 44° 50' 29.00'' Nord";"15007";"LACOMBE";"VOIE COMMUNALE N°4";"15110";"ANTERRIEUX";"Pylône autostable"; 29.0;"ORANGE"
332578;2.80472;45.26889;"02° 48' 17.00'' Est, 45° 16' 08.00'' Nord";"15213";"PEYRE FOURCHADE";"CHEM RURAL DU RÉSERVOIR";"15190";"SAINT-SATURNIN";"Pylône tubulaire"; 15.0;"ORANGE"
332677;2.76139;44.96333;"02° 45' 41.00'' Est, 44° 57' 48.00'' Nord";"15112";;"RD 54 PUY LA GARDE";"15230";"MALBO";"Pylône autostable"; 25.0;"SFR"
333831;2.92972;44.86722;"02° 55' 47.00'' Est, 44° 52' 02.00'' Nord";"15065";"MONT MOURNAC";;"15110";"ESPINASSE";"Pylône autostable"; 29.0;"Conseil Départemental"
334949;2.87139;44.89806;"02° 52' 17.00'' Est, 44° 53' 53.00'' Nord";"15198";"PUY DE MONTUSCLAT";"A CÔTÉ DU RÉSERVOIR D'EAU";"15230";"SAINTE-MARIE";"Pylône autostable"; 33.0;"Conseil Départemental"
336461;2.94500;44.74111;"02° 56' 42.00'' Est, 44° 44' 28.00'' Nord";"15241";"LA GRANIÈRE";"CHEM RURAL 1";"15110";"LA TRINITAT";"Pylône autostable"; 28.0;"Conseil Départemental"
337181;2.36250;44.77556;"02° 21' 45.00'' Est, 44° 46' 32.00'' Nord";"15117";"CAMP DU FABRE";"D. 51";"15220";"MARCOLES";"Pylône autostable"; 33.0;"Conseil Départemental"
341245;3.20611;44.92639;"03° 12' 22.00'' Est, 44° 55' 35.00'' Nord";"15108";"LA FLAGEOLE";"D. 48";"15320";"LOUBARESSE";"Bâtiment"; 9.0;"ORANGE Services Fixes"
345857;2.48722;45.04194;"02° 29' 14.00'' Est, 45° 02' 31.00'' Nord";"15075";"DALMAS";"CHEM DE TERRE";"15310";"GIRGOLS";"Pylône tubulaire"; 30.0;"ORANGE"
346517;2.58417;45.10194;"02° 35' 03.00'' Est, 45° 06' 07.00'' Nord";"15067";"MAIRIE";"LE BOURG CD 135";"15140";"LE FAU";"Bâtiment"; 5.0;"Commune, communauté de commune"
347381;3.12778;45.25361;"03° 07' 40.00'' Est, 45° 15' 13.00'' Nord";"15013";"PRÉ REDON";"CHEM  LA BOUSSELEUF";"15500";"AURIAC-L'EGLISE";"Pylône autostable"; 21.0;"ORANGE"
348075;2.90889;45.27111;"02° 54' 32.00'' Est, 45° 16' 16.00'' Nord";"15155";"LES FARGES";"CHEM RURAL N°18";"15160";"PRADIERS";"Pylône autostable"; 24.0;"ORANGE"
352576;2.89917;45.15028;"02° 53' 57.00'' Est, 45° 09' 01.00'' Nord";"15047";"BUGE CABONE";"CHEM DE SERVICE";"15300";"CHAVAGNAC";"Pylône autostable"; 30.0;"ORANGE"
354689;2.33250;44.67667;"02° 19' 57.00'' Est, 44° 40' 36.00'' Nord";"15136";"LA MAISON ROUGE";"CHEM RURAL DE PUECHALDOUX À LA MAISON ROUGE";"15340";"MOURJOU";"Pylône autostable"; 20.0;"Conseil Départemental"
363377;3.00944;44.93889;"03° 00' 34.00'' Est, 44° 56' 20.00'' Nord";"15142";"GICORALIER";"RTE DE CORDESSE - D921";"15260";"NEUVEGLISE";"Pylône autostable"; 38.0;"Conseil Départemental"
364034;2.51583;45.22806;"02° 30' 57.00'' Est, 45° 13' 41.00'' Nord";"15137";"LES FONTILLES EST LACHAMP";"CHEM RURAL DE FRESSANGES À LA CONDAMINE";"15380";"MOUSSAGES";"Pylône autostable"; 28.0;"Conseil Départemental"
364036;2.86528;45.34278;"02° 51' 55.00'' Est, 45° 20' 34.00'' Nord";"15132";"LA SAGNE MORTE";"CHEM DE TRÉMIZEAUX À MONTGRELEIX";"15190";"MONTGRELEIX";"Pylône autostable"; 28.0;"Conseil Départemental"
365667;3.06111;45.00528;"03° 03' 40.00'' Est, 45° 00' 19.00'' Nord";"15262";"LE PUY MONTAIGUT";"SUR CD 10 EN DIRECTION DE ST FLOUR STADE";"15100";"VILLEDIEU";"Pylône tubulaire"; 25.0;"Conseil Départemental"
366267;2.85833;44.99639;"02° 51' 30.00'' Est, 44° 59' 47.00'' Nord";"15033";"SUCAL";"RD 65";"15230";"CEZENS";"Pylône autostable"; 25.4;"SFR"
393423;2.54639;45.19278;"02° 32' 47.00'' Est, 45° 11' 34.00'' Nord";"15218";"LE CHEYLAT";"PRÈS DU CHEM DÉPARTEMENTAL N°12";"15380";"SAINT-VINCENT-DE-SALERS";"Pylône tubulaire"; 30.0;"Conseil Départemental"
402002;2.59222;45.15556;"02° 35' 32.00'' Est, 45° 09' 20.00'' Nord";"15066";"LE BARRY";"COL DE NÉRONNE D37";"15380";"LE FALGOUX";"Pylône autostable"; 30.0;"ORANGE"
436591;2.44500;45.34722;"02° 26' 42.00'' Est, 45° 20' 50.00'' Nord";"15265";"MONTASSOU";"LA BUTTE STATION TDF";"15210";"YDES";"Pylône autostable"; 30.0;"TDF"
438699;2.45917;44.93194;"02° 27' 33.00'' Est, 44° 55' 55.00'' Nord";"15014";"LES CARRIÈRES";"CAUSSAC";"15000";"AURILLAC";"Pylône autostable"; 43.5;"TDF"
439179;2.29250;45.01056;"02° 17' 33.00'' Est, 45° 00' 38.00'' Nord";"15217";"LES ASCROS";"D. 352";"15150";"SAINT-VICTOR";"Pylône autostable"; 38.0;"ORANGE"
439191;2.23944;45.06333;"02° 14' 22.00'' Est, 45° 03' 48.00'' Nord";"15011";"LONGUEVERGNE";"CHEM COMMUNAL";"15150";"ARNAC";"Pylône autostable"; 35.0;"ORANGE"
440152;3.03194;45.14222;"03° 01' 55.00'' Est, 45° 08' 32.00'' Nord";"15231";"MONT LOUBY";;"15170";"TALIZAT";"Pylône haubané"; 38.0;"Towercast"
440166;2.47083;44.93444;"02° 28' 15.00'' Est, 44° 56' 04.00'' Nord";"15014";"LE CROIZET";"ROUTE PASTORALE LE SALLESSE";"15000";"AURILLAC";"Pylône autostable"; 40.0;"Towercast"
440372;2.42583;44.91750;"02° 25' 33.00'' Est, 44° 55' 03.00'' Nord";"15014";"PARC DE LA FRATERNITÉ";"1 R JEAN MOULIN";"15000";"AURILLAC";"Bâtiment"; 20.0;"Copropriété, Syndic, SCI"
446896;3.29583;45.08528;"03° 17' 45.00'' Est, 45° 05' 07.00'' Nord";"15229";"TRUCHAS";"CHEM RURAL N°21";"15100";"SOULAGES";"Pylône autostable"; 30.0;"Conseil Départemental"
447689;2.41000;45.17750;"02° 24' 36.00'' Est, 45° 10' 39.00'' Nord";"15063";"LES CARRIÈRES";"PARRIEU";"15140";"DRUGEAC";"Pylône autostable"; 28.5;"TDF"
448634;3.21861;45.04583;"03° 13' 07.00'' Est, 45° 02' 45.00'' Nord";"15245";"MONTAFFÉ";"STATION TDF";"15100";"VABRES";"Pylône autostable"; 47.0;"TDF"
452086;2.44500;44.93083;"02° 26' 42.00'' Est, 44° 55' 51.00'' Nord";"15014";;"14 R DE LA COSTE MAIRIE";"15000";"AURILLAC";"Immeuble"; 21.0;"Commune, communauté de commune"
466987;2.90889;45.00306;"02° 54' 32.00'' Est, 45° 00' 11.00'' Nord";"15148";"RIBEYROL";;"15430";"PAULHAC";"Mât"; 8.0;"ORANGE Services Fixes"
467162;3.21917;45.04611;"03° 13' 09.00'' Est, 45° 02' 46.00'' Nord";"15245";"MONTAFFÉ";"MALEPIERRE";"15100";"VABRES";"Pylône autostable"; 45.0;"ORANGE Services Fixes"
468911;3.19917;45.27194;"03° 11' 57.00'' Est, 45° 16' 19.00'' Nord";"15119";"PLATEAU DE CHALET";"SITE TDF";"15500";"MASSIAC";"Pylône autostable"; 31.0;"TDF"
472848;2.30000;44.86083;"02° 17' 60.00'' Est, 44° 51' 39.00'' Nord";"15196";"GRANGE DE MAZIOL";;"15220";"SAINT-MAMET-LA-SALVETAT";"Pylône autostable"; 35.4;"Société Privée SA"
472876;2.41417;45.08167;"02° 24' 51.00'' Est, 45° 04' 54.00'' Nord";"15179";"LA TRANCHÉE";"STATION TDF 1";"15140";"SAINT-CIRGUES-DE-MALBERT";"Pylône autostable"; 40.0;"TDF"
476235;2.30694;45.17361;"02° 18' 25.00'' Est, 45° 10' 25.00'' Nord";"15003";"CRUCHOLLES";;"15700";"ALLY";"Pylône autostable"; 27.0;"ORANGE"
476259;2.34389;45.22000;"02° 20' 38.00'' Est, 45° 13' 12.00'' Nord";"15120";;"2 R AMPERE 8 R LONGCHAMP";"15200";"MAURIAC";"Pylône autostable"; 47.0;"ORANGE Services Fixes"
477054;2.22083;44.72056;"02° 13' 15.00'' Est, 44° 43' 14.00'' Nord";"15184";;"FERRIÈRES";"15600";"SAINT-ETIENNE-DE-MAURS";"Pylône autostable"; 34.0;"TDF"
482164;3.10500;45.02972;"03° 06' 18.00'' Est, 45° 01' 47.00'' Nord";"15187";"PLATEAU DE LA CHAUMETTE";;"15100";"SAINT-FLOUR";"Pylône autostable"; 27.0;"FPS TOWERS"
482713;2.74500;45.08667;"02° 44' 42.00'' Est, 45° 05' 12.00'' Nord";"15101";;"TÊTE EST -TUNEL DU LIORAN";"15300";"LAVEISSIERE";"Pylône autostable"; 22.0;"Commune, communauté de commune"
482844;2.50722;44.89556;"02° 30' 26.00'' Est, 44° 53' 44.00'' Nord";"15255";"BROUZAC";;"15130";"VEZAC";"Pylône autostable"; 35.0;"TDF"
483579;2.73028;45.07806;"02° 43' 49.00'' Est, 45° 04' 41.00'' Nord";"15192";;"TÊTE OUEST TUNNEL DU LIORAN";"15800";"SAINT-JACQUES-DES-BLATS";"Tunnel"; 29.0;"Commune, communauté de commune"
483643;2.39667;44.99083;"02° 23' 48.00'' Est, 44° 59' 27.00'' Nord";"15083";"LE CRUQUI DE CABI";;"15250";"JUSSAC";"Pylône autostable"; 30.0;"TDF"
484555;2.81194;45.12222;"02° 48' 43.00'' Est, 45° 07' 20.00'' Nord";"15101";"LES PINDORIOS CHEYROUZE";;"15300";"LAVEISSIERE";"Pylône autostable"; 14.0;"DDE"
485102;3.03250;45.14250;"03° 01' 57.00'' Est, 45° 08' 33.00'' Nord";"15231";"MONTLOUBY";"PYLONE DIR MC";"15170";"TALIZAT";"Pylône autostable"; 30.0;"DDE"
485368;2.88861;45.09306;"02° 53' 19.00'' Est, 45° 05' 35.00'' Nord";"15100";"CHEYLANES";"LE BOIS PRÈS D 16";"15300";"LAVEISSENET";"Pylône tubulaire"; 25.0;"TDF"
485374;2.42528;44.91333;"02° 25' 31.00'' Est, 44° 54' 48.00'' Nord";"15014";;"86 AV DE CONTHE CSEC CODIS";"15000";"AURILLAC";"Pylône autostable"; 30.0;"SDIS, secours, incendie"
485887;2.19306;44.68861;"02° 11' 35.00'' Est, 44° 41' 19.00'' Nord";"15122";;"LES BRAUGES";"15600";"MAURS";"Pylône tubulaire"; 31.0;"DDE"
496498;2.70722;45.03167;"02° 42' 26.00'' Est, 45° 01' 54.00'' Nord";"15192";;"LE CHER LABORIE";"15800";"SAINT-JACQUES-DES-BLATS";"Pylône autostable"; 30.0;"TDF"
498724;2.68500;45.25056;"02° 41' 06.00'' Est, 45° 15' 02.00'' Nord";"15009";;"LE GROS MONT";"15400";"APCHON";"Pylône autostable"; 46.0;"TDF"
498808;2.95778;45.24444;"02° 57' 28.00'' Est, 45° 14' 40.00'' Nord";"15001";"CHAVANON - GOURRET";"D21";"15160";"ALLANCHE";"Pylône autostable"; 49.5;"TDF"
499281;2.80000;45.11694;"02° 47' 60.00'' Est, 45° 07' 01.00'' Nord";"15101";"LE CHAUZIER LES BLATES";"D.439";"15300";"LAVEISSIERE";"Pylône autostable"; 30.3;"TDF"
499436;2.98944;45.25611;"02° 59' 22.00'' Est, 45° 15' 22.00'' Nord";"15256";"ROCHE DE TIOUGUES MONT DU LAC";"STATION TDF";"15160";"VEZE";"Pylône autostable"; 25.2;"TDF"
503828;3.23750;45.06389;"03° 14' 15.00'' Est, 45° 03' 50.00'' Nord";"15130";"LES PLOTS";;"15100";"MONTCHAMP";"pylône arbre"; 8.5;"ORANGE Services Fixes"
506115;2.42528;45.12139;"02° 25' 31.00'' Est, 45° 07' 17.00'' Nord";"15202";"CÔTES DE ST MARTIN";"D.38";"15140";"SAINT-MARTIN-VALMEROUX";"Pylône autostable"; 21.3;"TDF"
507455;2.49944;45.41500;"02° 29' 58.00'' Est, 45° 24' 54.00'' Nord";"15092";;"GRANGES VDT LA RHUE SITUÉ SUR LE FANC DU BARRAGE";"15270";"LANOBRE";"Mât"; 6.0;"EDF ou GDF"
507546;3.03028;45.14222;"03° 01' 49.00'' Est, 45° 08' 32.00'' Nord";"15231";"MONTLOUBY";"PYLÔNE TDF";"15170";"TALIZAT";"Pylône autostable"; 24.0;"TDF"
507614;2.21889;45.03972;"02° 13' 08.00'' Est, 45° 02' 23.00'' Nord";"15211";;"LES BIAOUS";"15150";"SAINT-SANTIN-CANTALES";"Pylône tubulaire"; 35.0;"EDF ou GDF"
510579;2.49000;45.29389;"02° 29' 24.00'' Est, 45° 17' 38.00'' Nord";"15131";;"LAZEROUX";"15240";"LE MONTEIL";"Pylône tubulaire"; 34.0;"ORANGE Services Fixes"
513143;2.68472;45.25056;"02° 41' 05.00'' Est, 45° 15' 02.00'' Nord";"15009";;"LE GROSMONT";"15400";"APCHON";"Mât"; 12.0;"EDF ou GDF"
514323;2.39889;45.36333;"02° 23' 56.00'' Est, 45° 21' 48.00'' Nord";"15037";;"LES BARRABANS";"15350";"CHAMPAGNAC";"Pylône autostable"; 37.0;"EDF ou GDF"
518460;2.74194;45.08306;"02° 44' 31.00'' Est, 45° 04' 59.00'' Nord";"15101";"PUY DE MASSEBOEUF";"CHEM DE TERRE FACE À L'IMM VAL";"15300";"LAVEISSIERE";"Pylône autostable"; 45.0;"ORANGE"
525159;2.60806;44.93917;"02° 36' 29.00'' Est, 44° 56' 21.00'' Nord";"15154";"LES HUTTES";"ROUTE DÉPATEMENTALE 57 STATION TDF DE VIC SUR CERE";"15800";"POLMINHAC";"Pylône autostable"; 25.0;"TDF"
533867;3.00139;44.69694;"03° 00' 05.00'' Est, 44° 41' 49.00'' Nord";"15216";;"LE BOURG LÔTISSEMENT LE FOYER CANTALIEN";"15110";"SAINT-URCIZE";"Pylône autostable"; 3.0;"ORANGE Services Fixes"
534954;2.47111;44.93417;"02° 28' 16.00'' Est, 44° 56' 03.00'' Nord";"15014";;"LE CROIZET PYLONES RADIO";"15000";"AURILLAC";"Pylône autostable"; 15.0;"Particulier"
539033;2.63417;44.97528;"02° 38' 03.00'' Est, 44° 58' 31.00'' Nord";"15258";"SALVAROQUE";"DAISSES";"15800";"VIC-SUR-CERE";"Pylône autostable"; 28.0;"TDF"
549145;2.33722;45.22639;"02° 20' 14.00'' Est, 45° 13' 35.00'' Nord";"15120";"LE POMMIER - GRANOUSTIE";;"15200";"MAURIAC";"Pylône autostable"; 34.0;"Towercast"
549750;2.92778;45.05556;"02° 55' 40.00'' Est, 45° 03' 20.00'' Nord";"15248";;"ROUTE EDOUARD THERET STADE MUNICIPAL";"15300";"VALUEJOLS";"Pylône autostable"; 27.0;"ORANGE"
551662;2.67056;45.28139;"02° 40' 14.00'' Est, 45° 16' 53.00'' Nord";"15162";"LE SEDOUR";"SUC CHABROL CÔTE DE LA GORCE STATION TDF";"15400";"RIOM-ES-MONTAGNES";"Pylône autostable"; 35.0;"TDF"
556488;2.47167;44.93500;"02° 28' 18.00'' Est, 44° 56' 06.00'' Nord";"15014";"LE CROIZET";"ROUTE PASTORALE DU CROIZET";"15000";"AURILLAC";"Pylône autostable"; 51.0;"Lagardère Active Média"
568719;2.73500;45.32806;"02° 44' 06.00'' Est, 45° 19' 41.00'' Nord";"15170";"VEZOLET";"CHEM RURAL";"15190";"SAINT-AMANDIN";"Pylône autostable"; 25.0;"TDF"
571564;3.12222;45.11278;"03° 07' 20.00'' Est, 45° 06' 46.00'' Nord";"15055";"COL DE LA FAGEOLLE";"SITE EOLIENNES";"15100";"COREN";"Bâtiment"; 3.0;"Société Privée SA"
577174;3.14083;45.01694;"03° 08' 27.00'' Est, 45° 01' 01.00'' Nord";"15188";"LA COMBE";"VC34 DE ST MICHEL À RD909";"15100";"SAINT-GEORGES";"Pylône autostable"; 25.0;"ORANGE"
577290;2.46833;44.80167;"02° 28' 06.00'' Est, 44° 48' 06.00'' Nord";"15090";"LES CAMPS DE LAFEUILLADE";;"15130";"LAFEUILLADE-EN-VEZIE";"Pylône autostable"; 31.5;"SFR"
577667;2.18472;44.99222;"02° 11' 05.00'' Est, 44° 59' 32.00'' Nord";"15094";"NEGREMONT";"R.N.120";"15150";"LAROQUEBROU";"Pylône autostable"; 40.0;"SFR"
579189;2.44833;44.70333;"02° 26' 54.00'' Est, 44° 42' 12.00'' Nord";"15082";;"LES GRANGES";"15120";"JUNHAC";"Pylône autostable"; 30.0;"TDF"
579847;2.25389;44.72806;"02° 15' 14.00'' Est, 44° 43' 41.00'' Nord";"15104";"LAVEISSIÈRES";"PRÈS DU CHÂTEAU D'EAU";"15600";"LEYNHAC";"Pylône autostable"; 20.0;"Société Privée SA"
582600;2.56694;45.18972;"02° 34' 01.00'' Est, 45° 11' 23.00'' Nord";"15249";"LE CIMETIÈRE";;"15380";"LE VAULMIER";"Bâtiment"; 5.0;"ORANGE Services Fixes"
582602;2.71194;45.21333;"02° 42' 43.00'' Est, 45° 12' 48.00'' Nord";"15049";"ROUTE DE PRADINES";;"15400";"CHEYLADE";"Mât"; 9.0;"ORANGE Services Fixes"
584744;3.18778;45.18417;"03° 11' 16.00'' Est, 45° 11' 03.00'' Nord";"15207";"LAIR";"VOIE COMMUNALE N°16";"15500";"SAINT-PONCY";"Pylône autostable"; 45.0;"ORANGE"
585304;3.13389;45.11806;"03° 08' 02.00'' Est, 45° 07' 05.00'' Nord";"15259";"CROIX DE LA GARGE";"CHEM RURAL 77";"15500";"VIEILLESPESSE";"Pylône autostable"; 30.0;"SFR"
592024;2.76194;45.06472;"02° 45' 43.00'' Est, 45° 03' 53.00'' Nord";"15192";"PLOMB DU CANTAL";;"15800";"SAINT-JACQUES-DES-BLATS";"Pylône autostable"; 12.0;"TDF"
592026;2.76194;45.06472;"02° 45' 43.00'' Est, 45° 03' 53.00'' Nord";"15192";"PLOMB DU CANTAL";;"15800";"SAINT-JACQUES-DES-BLATS";"Pylône autostable"; 14.0;"TDF"
607170;2.49000;45.29417;"02° 29' 24.00'' Est, 45° 17' 39.00'' Nord";"15131";;"RESERVOIR LAZEROUX";"15240";"LE MONTEIL";"Château d'eau - réservoir"; 6.0;"Syndicat des eaux, Adduction"
614044;2.34944;44.87750;"02° 20' 58.00'' Est, 44° 52' 39.00'' Nord";"15196";"VIGOUROUX";"LA BOURIOTTE";"15220";"SAINT-MAMET-LA-SALVETAT";"Pylône autostable"; 35.4;"TDF"
620216;2.34944;44.91389;"02° 20' 58.00'' Est, 44° 54' 50.00'' Nord";"15267";"LEYNHAC";;"15000";"YTRAC";"Pylône autostable"; 34.0;"FPS TOWERS"
623606;3.07111;45.03944;"03° 04' 16.00'' Est, 45° 02' 22.00'' Nord";"15187";;"R HENRI RASSEMUSSE PNEUX Z.I.";"15100";"SAINT-FLOUR";"Pylône tubulaire"; 20.0;"ORANGE"
625229;3.00056;44.84583;"03° 00' 02.00'' Est, 44° 50' 45.00'' Nord";"15045";"LE COUFFOUR";;"15110";"CHAUDES-AIGUES";"Pylône autostable"; 29.0;"TDF"
628299;2.49194;44.82361;"02° 29' 31.00'' Est, 44° 49' 25.00'' Nord";"15156";"LE TRAVERS";;"15130";"PRUNET";"Pylône autostable"; 27.0;"ORANGE"
633071;2.17944;44.82194;"02° 10' 46.00'' Est, 44° 49' 19.00'' Nord";"15147";"CONTIBAL";;"15290";"PARLAN";"Pylône autostable"; 35.0;"SFR"
640415;2.22889;45.14056;"02° 13' 44.00'' Est, 45° 08' 26.00'' Nord";"15153";"YOLES HAUTES";;"15700";"PLEAUX";"Pylône autostable"; 29.0;"ORANGE"
640465;2.56972;44.92583;"02° 34' 11.00'' Est, 44° 55' 33.00'' Nord";"15154";"MARUEJOULS";;"15800";"POLMINHAC";"Pylône autostable"; 21.0;"ORANGE Services Fixes"
654712;2.49917;44.95972;"02° 29' 57.00'' Est, 44° 57' 35.00'' Nord";"15215";"MONTAGNE DU PEINTRE - FONTBONN";;"15130";"SAINT-SIMON";"Pylône autostable"; 26.5;"TDF"
656399;2.44944;44.94750;"02° 26' 58.00'' Est, 44° 56' 51.00'' Nord";"15014";"LE GAZARD";;"15000";"AURILLAC";"Pylône autostable"; 49.0;"TDF"
665950;3.20306;45.06417;"03° 12' 11.00'' Est, 45° 03' 51.00'' Nord";"15130";"LES GARDES";;"15100";"MONTCHAMP";"Pylône autostable"; 38.0;"FPS TOWERS"
666467;2.50083;44.71722;"02° 30' 03.00'' Est, 44° 43' 02.00'' Nord";"15134";"PUY DE L'ARBRE";"CHEMIN DE LA FONTAINE D'ARGENT";"15120";"MONTSALVY";"Pylône autostable"; 37.0;"ORANGE Services Fixes"
672799;2.23889;44.78194;"02° 14' 20.00'' Est, 44° 46' 55.00'' Nord";"15021";"LA VIGUERIE";;"15600";"BOISSET";"Pylône autostable"; 37.4;"SFR"
685601;2.53639;45.00417;"02° 32' 11.00'' Est, 45° 00' 15.00'' Nord";"15252";;"BROUSSOUX";"15590";"VELZIC";"Mât béton"; 18.5;"TDF"
689504;2.35556;45.25167;"02° 21' 20.00'' Est, 45° 15' 06.00'' Nord";"15079";"BOISSIÈRES";;"15200";"JALEYRAC";"Pylône autostable"; 30.0;"Titulaire programme Radio/TV"
690117;2.99583;44.68194;"02° 59' 45.00'' Est, 44° 40' 55.00'' Nord";"15216";"RIGNAC";"PRÈS DÉPARTEMENTALE 13";"15110";"SAINT-URCIZE";"Pylône autostable"; 18.0;"TDF"
713329;2.45583;44.93694;"02° 27' 21.00'' Est, 44° 56' 13.00'' Nord";"15014";;"92/94 AV JEAN BAPTISTE VEYRE";"15000";"AURILLAC";"Bâtiment"; 15.0;"Particulier"
725017;2.51667;45.14694;"02° 30' 60.00'' Est, 45° 08' 49.00'' Nord";"15205";"LA CHAMPAGNE";;"15140";"SAINT-PAUL-DE-SALERS";"Pylône autostable"; 15.0;"TDF"
725331;2.42417;45.04972;"02° 25' 27.00'' Est, 45° 02' 59.00'' Nord";"15175";;"LA CROIX ST-PIERRE";"15310";"SAINT-CERNIN";"Pylône autostable"; 19.0;"TDF"
727287;2.18500;44.97389;"02° 11' 06.00'' Est, 44° 58' 26.00'' Nord";"15094";;"LE CHÂTEAU";"15150";"LAROQUEBROU";"Pylône autostable"; 29.0;"TDF"
729895;2.86583;45.10250;"02° 51' 57.00'' Est, 45° 06' 09.00'' Nord";"15025";"STALAPOS";;"15300";"ALBEPIERRE-BREDONS";"Pylône haubané"; 20.0;"DDE"
750804;2.23667;44.82556;"02° 14' 12.00'' Est, 44° 49' 32.00'' Nord";"15030";"LA COSTE";"CHEM RURAL 37";"15290";"CAYROLS";"Pylône autostable"; 31.0;"ORANGE"
760830;3.15889;45.01278;"03° 09' 32.00'' Est, 45° 00' 46.00'' Nord";"15188";"LE PIROU";;"15100";"SAINT-GEORGES";"Château d'eau - réservoir"; 23.0;"Commune, communauté de commune"
764653;2.43806;44.92361;"02° 26' 17.00'' Est, 44° 55' 25.00'' Nord";"15014";;"10 R DU CARMEL";"15000";"AURILLAC";"Bâtiment"; 28.0;"ORANGE Services Fixes"
764661;2.57167;45.39917;"02° 34' 18.00'' Est, 45° 23' 57.00'' Nord";"15038";"PEROL";"RTE DES LACS D22";"15270";"CHAMPS-SUR-TARENTAINE-MARCHAL";"Pylône autostable"; 20.0;"TDF"
764663;2.65278;45.07167;"02° 39' 10.00'' Est, 45° 04' 18.00'' Nord";"15113";"LASTEURIE";;"15590";"MANDAILLES-SAINT-JULIEN";"Pylône autostable"; 30.3;"TDF"
764665;2.50944;44.93333;"02° 30' 34.00'' Est, 44° 55' 60.00'' Nord";"15074";"LAVIHNE- GALISTOU";;"15130";"GIOU-DE-MAMOU";"Pylône autostable"; 30.0;"TDF"
764667;3.09944;45.04139;"03° 05' 58.00'' Est, 45° 02' 29.00'' Nord";"15187";"LA JARRIGUE - CAMIOLS";"R DU 8 MAI 1945";"15100";"SAINT-FLOUR";"Pylône autostable"; 18.0;"ORANGE"
764669;2.45944;44.91250;"02° 27' 34.00'' Est, 44° 54' 45.00'' Nord";"15012";;"R DES FRÈRES LUMIÈRE";"15130";"ARPAJON-SUR-CERE";"Pylône autostable"; 23.0;"ORANGE"
764674;2.83306;44.91833;"02° 49' 59.00'' Est, 44° 55' 06.00'' Nord";"15152";"LE MONTEIL";"STATION TDF";"15230";"PIERREFORT";"Mât béton"; 20.0;"TDF"
764676;2.48861;44.89750;"02° 29' 19.00'' Est, 44° 53' 51.00'' Nord";"15012";"CIPIÈRES";;"15130";"ARPAJON-SUR-CERE";"Pylône autostable"; 25.0;"ORANGE"
764680;2.57667;45.09194;"02° 34' 36.00'' Est, 45° 05' 31.00'' Nord";"15208";"LE CROUPOU";"CHEM RURAL ST GEORGES";"15140";"SAINT-PROJET-DE-SALERS";"Pylône autostable"; 27.0;"ORANGE"
764682;2.42944;44.92389;"02° 25' 46.00'' Est, 44° 55' 26.00'' Nord";"15014";;"BD LOUIS DAUZIER STADE JEAN ALRIC";"15000";"AURILLAC";"Pylône autostable"; 33.0;"Commune, communauté de commune"
764684;2.96917;44.80944;"02° 58' 09.00'' Est, 44° 48' 34.00'' Nord";"15078";"LE TRAVERS DES BESSES";"PIERRES BLANCHES";"15110";"JABRUN";"Pylône autostable"; 32.0;"ORANGE Services Fixes"
764686;2.46361;44.90278;"02° 27' 49.00'' Est, 44° 54' 10.00'' Nord";"15012";"LA LIMAGNE";"R DU FOUR À CHAUX";"15130";"ARPAJON-SUR-CERE";"Pylône autostable"; 26.0;"ORANGE"
764691;3.08861;45.18583;"03° 05' 19.00'' Est, 45° 11' 09.00'' Nord";"15069";"LA CHAU-LES TRAVERSES";"CHEM DU BOIS DE FAVARD";"15170";"FERRIERES-SAINT-MARY";"Pylône autostable"; 27.0;"TDF"
764694;2.79361;45.14833;"02° 47' 37.00'' Est, 45° 08' 54.00'' Nord";"15061";"ROCHER DE LAQUEILLE";;"15300";"DIENNE";"Pylône autostable"; 18.0;"TDF"
764700;3.13833;45.21611;"03° 08' 18.00'' Est, 45° 12' 58.00'' Nord";"15022";"LE SUC DE VEDRINE";;"15500";"BONNAC";"Pylône autostable"; 32.0;"ORANGE Services Fixes"
764702;2.43750;44.91167;"02° 26' 15.00'' Est, 44° 54' 42.00'' Nord";"15014";"MARMIERS";"R RAYMOND CORTAT";"15000";"AURILLAC";"Pylône autostable"; 28.0;"ORANGE"
764708;2.57667;45.30000;"02° 34' 36.00'' Est, 45° 17' 60.00'' Nord";"15124";"PUY DE MENOIRE";"LES FRAISSES CHEM DE SERVICE";"15400";"MENET";"Pylône autostable"; 31.0;"TDF"
764710;2.44528;44.91694;"02° 26' 43.00'' Est, 44° 55' 01.00'' Nord";"15014";;"16 R DE LA COSTE";"15000";"AURILLAC";"Pylône tubulaire"; 23.0;"TDF"
765203;2.72667;45.29278;"02° 43' 36.00'' Est, 45° 17' 34.00'' Nord";"15116";"AULIAC";"CHEM RURAL N°25";"15400";"MARCHASTEL";"Pylône autostable"; 29.0;"ORANGE"
765206;3.16472;45.24667;"03° 09' 53.00'' Est, 45° 14' 48.00'' Nord";"15127";"AUZELARET";;"15500";"MOLOMPIZE";"Pylône autostable"; 31.0;"TDF"
765224;2.40528;44.89556;"02° 24' 19.00'' Est, 44° 53' 44.00'' Nord";"15267";"LA SABLIÈRE";"RN 22";"15000";"YTRAC";"Pylône tubulaire"; 25.0;"ORANGE"
765226;2.41306;44.93417;"02° 24' 47.00'' Est, 44° 56' 03.00'' Nord";"15267";"LES 4 CHEMS";"PESSE LONGUE EST PRÈS N120";"15000";"YTRAC";"Pylône tubulaire"; 25.0;"ORANGE"
766964;2.18111;44.76056;"02° 10' 52.00'' Est, 44° 45' 38.00'' Nord";"15157";"LA PRADELLE";"INTERSECTION VOIE COMMUNALE N°2 ET N°3";"15600";"QUEZAC";"Pylône autostable"; 18.0;"ORANGE"
769413;2.25583;44.92500;"02° 15' 21.00'' Est, 44° 55' 30.00'' Nord";"15088";"COSTE BOURIOTE";;"15150";"LACAPELLE-VIESCAMP";"Pylône autostable"; 33.3;"Conseil Départemental"
769776;2.64889;45.37389;"02° 38' 56.00'' Est, 45° 22' 26.00'' Nord";"15240";"AUZERETTE";"CHEMÉE D'ÉQUILIBRAGE";"15270";"TREMOUILLE";"Bâtiment"; 30.0;"EDF ou GDF"
796674;2.53167;45.45389;"02° 31' 54.00'' Est, 45° 27' 14.00'' Nord";"15092";"ANGLARDS";;"15270";"LANOBRE";"Pylône autostable"; 26.0;"ORANGE"
805891;2.64389;45.12722;"02° 38' 38.00'' Est, 45° 07' 38.00'' Nord";"15066";;"D 12 LA CASCADE";"15380";"LE FALGOUX";"Bâtiment"; 7.0;"Commune, communauté de commune"
805893;2.68778;45.14556;"02° 41' 16.00'' Est, 45° 08' 44.00'' Nord";"15050";"LE CHAUMILLOUS";"D 62 LASCOURT";"15400";"LE CLAUX";"Bâtiment"; 8.0;"Commune, communauté de commune"
819398;3.18833;44.98000;"03° 11' 18.00'' Est, 44° 58' 48.00'' Nord";"15168";"BEAUREGARD";;"15320";"RUYNES-EN-MARGERIDE";"Pylône autostable"; 40.0;"SFR"
823332;3.26833;45.09694;"03° 16' 06.00'' Est, 45° 05' 49.00'' Nord";"15229";"TAILLEROU";"STATION TDF";"15100";"SOULAGES";"Pylône autostable"; 25.0;"TDF"
827075;3.21972;45.04611;"03° 13' 11.00'' Est, 45° 02' 46.00'' Nord";"15245";"MONTAFFÉ";"STATION ONECAST";"15100";"VABRES";"Pylône autostable"; 37.0;"One Cast"
827752;2.53222;44.82917;"02° 31' 56.00'' Est, 44° 49' 45.00'' Nord";"15234";"EN COMBELLE";;"15130";"TEISSIERES-LES-BOULIES";"Pylône autostable"; 20.4;"SFR"
828781;3.20917;44.88944;"03° 12' 33.00'' Est, 44° 53' 22.00'' Nord";"15195";;"R PRÈS DU BOURG";"15320";"SAINT-JUST";"Mât béton"; 9.0;"Commune, communauté de commune"
832538;3.06139;45.16000;"03° 03' 41.00'' Est, 45° 09' 36.00'' Nord";"15247";"BAS REBOND";"PRÈS DE LA D14";"15170";"VALJOUZE";"Pylône autostable"; 37.0;"ORANGE"
839381;2.65722;45.01556;"02° 39' 26.00'' Est, 45° 00' 56.00'' Nord";"15236";"LES ISSARDS";"SITE ITAS TIM";"15800";"THIEZAC";"Pylône autostable"; 18.0;"Itas Tim"
839406;2.44500;44.91694;"02° 26' 42.00'' Est, 44° 55' 01.00'' Nord";"15014";"COISSY";"SITE ITAS TIM";"15000";"AURILLAC";"Pylône autostable"; 24.0;"Itas Tim"
839412;2.65944;44.89111;"02° 39' 34.00'' Est, 44° 53' 28.00'' Nord";"15159";"LA CAMP DU PUECH";"SITE ITAS TIM";"15800";"RAULHAC";"Pylône autostable"; 30.0;"Itas Tim"
839428;2.49944;44.95944;"02° 29' 58.00'' Est, 44° 57' 34.00'' Nord";"15215";"MONTAGNE DU PEINTRE";"SITE ITAS TIM";"15130";"SAINT-SIMON";"Pylône autostable"; 30.0;"Itas Tim"
839448;2.97472;45.14167;"02° 58' 29.00'' Est, 45° 08' 30.00'' Nord";"15141";"ROUTE D23";"SITE ITAS TIM";"15170";"NEUSSARGUES-MOISSAC";"Pylône autostable"; 18.0;"Itas Tim"
839465;2.34944;44.87722;"02° 20' 58.00'' Est, 44° 52' 38.00'' Nord";"15196";"VIGOUROUX";"SITE ITAS TIM";"15220";"SAINT-MAMET-LA-SALVETAT";"Pylône autostable"; 36.0;"Itas Tim"
839473;2.50778;44.89556;"02° 30' 28.00'' Est, 44° 53' 44.00'' Nord";"15255";"BROUZAC";"SITE ITAS TIM";"15130";"VEZAC";"Pylône autostable"; 36.0;"Itas Tim"
842521;2.53889;45.33778;"02° 32' 20.00'' Est, 45° 20' 16.00'' Nord";"15008";;"VIGNON - LE PEUCH";"15240";"ANTIGNAC";"Mât béton"; 17.0;"TDF"
843137;2.66000;45.23111;"02° 39' 36.00'' Est, 45° 13' 52.00'' Nord";"15052";;"PUY VENDRIER";"15400";"COLLANDRES";"Pylône autostable"; 20.0;"TDF"
843186;2.44472;45.36472;"02° 26' 41.00'' Est, 45° 21' 53.00'' Nord";"15037";;"LA BARRADE";"15350";"CHAMPAGNAC";"Pylône autostable"; 26.0;"TDF"
843200;2.72083;45.15833;"02° 43' 15.00'' Est, 45° 09' 30.00'' Nord";"15050";"LA PEYRE GROSSE";"LA GARDOUNE";"15400";"LE CLAUX";"Pylône tubulaire"; 19.0;"TDF"
843850;2.98444;44.93694;"02° 59' 04.00'' Est, 44° 56' 13.00'' Nord";"15142";;"LES ARBRES VENTALS";"15260";"NEUVEGLISE";"Pylône autostable"; 18.0;"TDF"
843860;2.24028;45.07333;"02° 14' 25.00'' Est, 45° 04' 24.00'' Nord";"15011";"LE RAYNAL - FRIDEFONT";"LE RAYNAL";"15150";"ARNAC";"Pylône autostable"; 25.0;"TDF"
844407;2.65972;44.89167;"02° 39' 35.00'' Est, 44° 53' 30.00'' Nord";"15159";;"LA CAMP DU PUECH";"15800";"RAULHAC";"Pylône autostable"; 20.0;"TDF"
844523;2.39361;44.95861;"02° 23' 37.00'' Est, 44° 57' 31.00'' Nord";"15160";;"BROUSSE";"15250";"REILHAC";"Pylône autostable"; 16.0;"TDF"
845106;2.65722;45.01472;"02° 39' 26.00'' Est, 45° 00' 53.00'' Nord";"15236";;"LESCURE";"15800";"THIEZAC";"Pylône autostable"; 20.0;"TDF"
845170;2.79583;44.88472;"02° 47' 45.00'' Est, 44° 53' 05.00'' Nord";"15149";;"LA GARDE";"15230";"PAULHENC";"Pylône autostable"; 26.0;"TDF"
845222;3.09556;45.03389;"03° 05' 44.00'' Est, 45° 02' 02.00'' Nord";"15187";;"PL D'ARMES";"15100";"SAINT-FLOUR";"Pylône autostable"; 15.0;"TDF"
845743;3.02250;44.75139;"03° 01' 21.00'' Est, 44° 45' 05.00'' Nord";"15209";;"LA ROCHE CANILHAC";"15110";"SAINT-REMY-DE-CHAUDES-AIGUES";"Pylône autostable"; 32.0;"TDF"
846404;2.82000;44.98556;"02° 49' 12.00'' Est, 44° 59' 08.00'' Nord";"15026";"VIDÈCHE";;"15230";"BREZONS";"Pylône autostable"; 20.0;"TDF"
850224;2.79667;44.88472;"02° 47' 48.00'' Est, 44° 53' 05.00'' Nord";"15149";"PEYROULIER";"SITE ITAS TIM";"15230";"PAULHENC";"Pylône autostable"; 30.0;"Itas Tim"
853685;3.05222;45.11444;"03° 03' 08.00'' Est, 45° 06' 52.00'' Nord";"15231";"LA MEULE DU VENT EST";"CHEYLADE";"15170";"TALIZAT";"Pylône autostable"; 25.0;"ORANGE"
861733;2.40111;44.65111;"02° 24' 04.00'' Est, 44° 39' 04.00'' Nord";"15260";"MAUBERT";;"15120";"VIEILLEVIE";"Pylône autostable"; 15.0;"FPS TOWERS"
867637;2.18472;44.97389;"02° 11' 05.00'' Est, 44° 58' 26.00'' Nord";"15094";"PUY DU CHÂTEAU";"SITE ITAS TIM";"15150";"LAROQUEBROU";"Pylône autostable"; 30.0;"Itas Tim"
869208;2.20111;44.96000;"02° 12' 04.00'' Est, 44° 57' 36.00'' Nord";"15094";"PUY DE JACENES";"D 18 NEPES";"15150";"LAROQUEBROU";"Mât"; 7.0;"Etat, Ministère"
877169;2.53750;45.02083;"02° 32' 15.00'' Est, 45° 01' 15.00'' Nord";"15095";;"TREMOUX";"15250";"LAROQUEVIEILLE";"Pylône autostable"; 19.0;"TDF"
877218;2.80972;45.21611;"02° 48' 35.00'' Est, 45° 12' 58.00'' Nord";"15225";;"VIAL-LE FRAUX DE VIAL";"15300";"SEGUR-LES-VILLAS";"Pylône autostable"; 17.0;"TDF"
880241;2.96500;45.17028;"02° 57' 54.00'' Est, 45° 10' 13.00'' Nord";"15171";"LA GARDE EST";"CHEM FORESTIER";"15170";"SAINTE-ANASTASIE";"Pylône autostable"; 30.8;"ORANGE"
880680;3.14389;45.14389;"03° 08' 38.00'' Est, 45° 08' 38.00'' Nord";"15259";"FRIDEIRE";"NIVEAU INTERSEC A75 ET D310";"15500";"VIEILLESPESSE";"Pylône autostable"; 31.5;"TDF"
888942;2.66694;45.35250;"02° 40' 01.00'' Est, 45° 21' 09.00'' Nord";"15170";"COINDRE";"POSTE ELECTRIQUE";"15190";"SAINT-AMANDIN";"Bâtiment"; 10.0;"EDF ou GDF"
899476;2.50417;45.41639;"02° 30' 15.00'' Est, 45° 24' 59.00'' Nord";"15092";"GRANGES";"R DE LA DORDOGNE POSTE ELECTRIQUE DE LANOBRE";"15270";"LANOBRE";"Mât"; 12.0;"EDF ou GDF"
903003;3.07083;45.04167;"03° 04' 15.00'' Est, 45° 02' 30.00'' Nord";"15187";;"3 R BAPTISTE ROZIÈRES";"15100";"SAINT-FLOUR";"Pylône tubulaire"; 33.0;"TDF"
934247;2.93750;45.23194;"02° 56' 15.00'' Est, 45° 13' 55.00'' Nord";"15001";;"R DU CHAMP DE FOIRE";"15160";"ALLANCHE";"Pylône tubulaire"; 12.0;"ORANGE Services Fixes"
934341;2.43944;44.91722;"02° 26' 22.00'' Est, 44° 55' 02.00'' Nord";"15014";"LES MALAUDES";"17, AV DES VOLONTAIRES POSTE SOURCE ENTERRÉ";"15000";"AURILLAC";"Bâtiment"; 7.0;"EDF ou GDF"
934344;3.14694;45.25056;"03° 08' 49.00'' Est, 45° 15' 02.00'' Nord";"15119";"LA PERDRIX";"RD 21 POSTE SOURCE 63KV";"15500";"MASSIAC";"Mât métallique"; 10.0;"EDF ou GDF"
934356;2.47306;45.15389;"02° 28' 23.00'' Est, 45° 09' 14.00'' Nord";"15174";"LA GLEBADE";"ROUTE DE SALERS";"15140";"SAINT-BONNET-DE-SALERS";"Mât béton"; 10.0;"EDF ou GDF"
934363;2.22944;45.13917;"02° 13' 46.00'' Est, 45° 08' 21.00'' Nord";"15153";"LE BOURG NORD";"AV DU PUY MARY POSTE SOURCE EDF";"15700";"PLEAUX";"Bâtiment"; 9.0;"EDF ou GDF"
937578;2.33694;45.21944;"02° 20' 13.00'' Est, 45° 13' 10.00'' Nord";"15120";;"12 R D'ENCHALADE AGENCE D'EXPLOITATION";"15200";"MAURIAC";"Bâtiment"; 13.0;"EDF ou GDF"
937580;2.20583;44.69944;"02° 12' 21.00'' Est, 44° 41' 58.00'' Nord";"15122";;"CALSACY POSTE SOURCE 63KV";"15600";"MAURS";"Bâtiment"; 7.0;"EDF ou GDF"
937585;2.99472;44.85694;"02° 59' 41.00'' Est, 44° 51' 25.00'' Nord";"15045";"TREMPE CUL";"CHEM DE PRE MICHEL POSTE SOURCE";"15110";"CHAUDES-AIGUES";"Bâtiment"; 10.0;"EDF ou GDF"
938345;2.43194;44.99917;"02° 25' 55.00'' Est, 44° 59' 57.00'' Nord";"15083";"PRAIRIE MERCADIER";"RD 46 POSTE SOURCE";"15250";"JUSSAC";"Bâtiment"; 10.0;"EDF ou GDF"
938358;2.43056;44.70778;"02° 25' 50.00'' Est, 44° 42' 28.00'' Nord";"15226";"LEYGUES";"POSTE SOURCE";"15340";"SENEZERGUES";"Bâtiment"; 7.0;"EDF ou GDF"
938382;2.22306;44.94694;"02° 13' 23.00'' Est, 44° 56' 49.00'' Nord";"15182";"RTE DE GATELIER";"RD 18 BARRAGE";"15150";"SAINT-ETIENNE-CANTALES";"Bâtiment"; 7.0;"EDF ou GDF"
939112;2.45056;44.93056;"02° 27' 02.00'' Est, 44° 55' 50.00'' Nord";"15014";;"1 COURS D'ANGOULEME AGENCE D'EXPLOITATION";"15000";"AURILLAC";"Bâtiment"; 12.0;"EDF ou GDF"
939587;2.98500;45.13583;"02° 59' 06.00'' Est, 45° 08' 09.00'' Nord";"15141";;"GRATTE POIL OUEST RN 122";"15170";"NEUSSARGUES-MOISSAC";"Bâtiment"; 10.0;"EDF ou GDF"
940822;3.03222;45.14222;"03° 01' 56.00'' Est, 45° 08' 32.00'' Nord";"15231";"MONTLOUBY";;"15170";"TALIZAT";"Pylône autostable"; 15.0;"EDF ou GDF"
945512;2.67056;45.28306;"02° 40' 14.00'' Est, 45° 16' 59.00'' Nord";"15162";"SUC CHABROL";"VOIE COMMUNALE N° 5";"15400";"RIOM-ES-MONTAGNES";"Pylône autostable"; 26.0;"Commune, communauté de commune"
946112;3.08778;45.03139;"03° 05' 16.00'' Est, 45° 01' 53.00'' Nord";"15187";"RÉSONNET";"11 R DES PLANCHETTES";"15100";"SAINT-FLOUR";"Bâtiment"; 11.0;"EDF ou GDF"
946119;2.99861;44.79056;"02° 59' 55.00'' Est, 44° 47' 26.00'' Nord";"15060";;"PUY DE LA TUILE";"15110";"DEUX-VERGES";"Pylône tubulaire"; 30.0;"SDIS, secours, incendie"
946144;3.21333;45.25889;"03° 12' 48.00'' Est, 45° 15' 32.00'' Nord";"15119";"BROUSSE";"D321";"15500";"MASSIAC";"Pylône autostable"; 12.0;"EDF ou GDF"
946607;2.30333;44.86028;"02° 18' 12.00'' Est, 44° 51' 37.00'' Nord";"15196";"PUY ST LAURENT";;"15220";"SAINT-MAMET-LA-SALVETAT";"Pylône autostable"; 46.0;"EDF ou GDF"
947535;2.34889;45.21806;"02° 20' 56.00'' Est, 45° 13' 05.00'' Nord";"15120";;"BD  PASTEUR ZI DE MAURIAC POSTE SOURCE 63 KV";"15200";"MAURIAC";"Bâtiment"; 10.0;"EDF ou GDF"
947541;2.44639;45.35333;"02° 26' 47.00'' Est, 45° 21' 12.00'' Nord";"15265";;"12 ZA NORD POSTE SOURCE EDF 63 KV";"15210";"YDES";"Mât béton"; 12.0;"EDF ou GDF"
948216;2.24028;45.07333;"02° 14' 25.00'' Est, 45° 04' 24.00'' Nord";"15011";"LE RAYNAL";"LES PRADALS";"15150";"ARNAC";"Pylône autostable"; 20.0;"EDF ou GDF"
955638;2.19361;45.08000;"02° 11' 37.00'' Est, 45° 04' 48.00'' Nord";"15011";"BARRAGE EDF D'ENCHANET";"D302";"15150";"ARNAC";"Bâtiment"; 5.0;"EDF ou GDF"
958608;2.43944;44.93778;"02° 26' 22.00'' Est, 44° 56' 16.00'' Nord";"15014";;"RESERVOIR D'EAU DE MASSIGOUX";"15000";"AURILLAC";"Château d'eau - réservoir"; 6.0;"Société Privée SA"
967477;3.09083;45.15472;"03° 05' 27.00'' Est, 45° 09' 17.00'' Nord";"15069";"COUDER LONG";"L'USCLADE OUEST";"15170";"FERRIERES-SAINT-MARY";"Pylône autostable"; 20.0;"BOUYGUES"
1006595;2.33500;44.98222;"02° 20' 06.00'' Est, 44° 58' 56.00'' Nord";"15016";"TANUES";"RTE DE TANUES D52";"15250";"AYRENS";"Pylône autostable"; 30.0;"TDF"
1006944;2.79611;44.94500;"02° 47' 46.00'' Est, 44° 56' 42.00'' Nord";"15201";"VIGOUROUX";;"15230";"SAINT-MARTIN-SOUS-VIGOUROUX";"Pylône tubulaire"; 10.0;"ORANGE Services Fixes"
1009430;3.08583;45.03389;"03° 05' 09.00'' Est, 45° 02' 02.00'' Nord";"15187";;"2 AVENUE DR MALLET CENTRE HOSPITALIER";"15100";"SAINT-FLOUR";"Bâtiment"; 23.0;"Etablissement de soins"
1041119;3.11806;45.03917;"03° 07' 05.00'' Est, 45° 02' 21.00'' Nord";"15188";"LE PALAGEAT";;"15100";"SAINT-GEORGES";"Pylône autostable"; 17.0;"TDF"
1042157;2.82583;45.18639;"02° 49' 33.00'' Est, 45° 11' 11.00'' Nord";"15225";"LE MONTEIL - LES CHAMEZELLES";"PRÈS DU CHEMIN SÉGUR LES VILLAS";"15300";"SEGUR-LES-VILLAS";"Mât"; 6.0;"ORANGE"
1043032;3.14750;44.94028;"03° 08' 51.00'' Est, 44° 56' 25.00'' Nord";"15068";;"LE BOURG";"15320";"FAVEROLLES";"Immeuble"; 8.0;"Commune, communauté de commune"
1053958;2.47111;44.93472;"02° 28' 16.00'' Est, 44° 56' 05.00'' Nord";"15014";"LE CROIZET";"ROUTE PASTORALE DE SALLESSE CHEZ M. CHAVAROCHE";"15000";"AURILLAC";"Pylône autostable"; 30.0;"Particulier"
1053960;3.21472;45.26111;"03° 12' 53.00'' Est, 45° 15' 40.00'' Nord";"15119";"BROUSSE";"CHEZ M. BERTHUY";"15500";"MASSIAC";"Bâtiment"; 13.0;"Particulier"
1087452;2.44222;44.92861;"02° 26' 32.00'' Est, 44° 55' 43.00'' Nord";"15014";;"20 PLACE DU SQUARE BASE PHONIE NUMERIQUE";"15000";"AURILLAC";"Bâtiment"; 4.0;"Etat, Ministère"
1186882;3.20611;45.24861;"03° 12' 22.00'' Est, 45° 14' 55.00'' Nord";"15119";;"COTE DE VALON";"15500";"MASSIAC";"Pylône autostable"; 20.0;"DDE"
1199494;3.07667;44.95306;"03° 04' 36.00'' Est, 44° 57' 11.00'' Nord";"15002";"LES PLAUX";;"15100";"ALLEUZE";"Pylône autostable"; 32.0;"Conseil Départemental"
1254701;2.30333;44.72778;"02° 18' 12.00'' Est, 44° 43' 40.00'' Nord";"15104";;"LE CONQUET";"15600";"LEYNHAC";"Mât métallique"; 5.0;"Etat, Ministère"
1289650;2.43167;44.99917;"02° 25' 54.00'' Est, 44° 59' 57.00'' Nord";"15083";"PRÉ DE PÉRUÉJOULS SUD";"JUSSAC (POSTE HT)";"15250";"JUSSAC";"Pylône autostable"; 15.0;"EDF ou GDF"
1318007;2.16806;44.89028;"02° 10' 05.00'' Est, 44° 53' 25.00'' Nord";"15076";"RECOULES HAUTES";"CHEMIN COMMUNAL";"15150";"GLENAT";"Pylône autostable"; 40.0;"Conseil Départemental"
1319717;2.44944;44.69889;"02° 26' 58.00'' Est, 44° 41' 56.00'' Nord";"15082";"LES GRANGES";"D 119";"15120";"JUNHAC";"Pylône autostable"; 30.0;"BOUYGUES"
1332689;2.24778;44.85111;"02° 14' 52.00'' Est, 44° 51' 04.00'' Nord";"15268";"LE TRAVERS DE COTE ROUGE";"LIEU-DIT LE TRAVERS DE COTE ROUGE";"15290";"LE ROUGET";"Pylône autostable"; 22.5;"BOUYGUES"
1333911;3.20944;44.92278;"03° 12' 34.00'' Est, 44° 55' 22.00'' Nord";"15108";"LE PUECH CHABRIER SUD";"EN BORDURE DE L'A75, À HAUTEUR DE LE PUECH CHABRIER SUD PR 109 A75";"15320";"LOUBARESSE";"Mât béton"; 12.0;"Société Privée SA"
1333913;3.14417;45.14389;"03° 08' 39.00'' Est, 45° 08' 38.00'' Nord";"15259";"FRIDIERE";"ECHANGEUR A75/D310 BRETELLE AUTOROUTE ST MARY LE PLAIN";"15500";"VIEILLESPESSE";"Mât béton"; 12.0;"Société Privée SA"
1335654;3.15306;44.90472;"03° 09' 11.00'' Est, 44° 54' 17.00'' Nord";"15068";"MONTCHANSON";"LE PUECH";"15320";"FAVEROLLES";"Mât béton"; 12.0;"Société Privée SA"
1342528;3.21694;45.17750;"03° 13' 01.00'' Est, 45° 10' 39.00'' Nord";"15042";"LOUBARCET";;"15500";"LA CHAPELLE-LAURENT";"Mât béton"; 12.0;"Société Privée SA"
1351102;2.53917;45.33722;"02° 32' 21.00'' Est, 45° 20' 14.00'' Nord";"15008";"VIGNON";"SITE ITAS TIM";"15240";"ANTIGNAC";"Pylône autostable"; 24.0;"Itas Tim"
1351125;2.57667;45.29972;"02° 34' 36.00'' Est, 45° 17' 59.00'' Nord";"15124";"PUY DE MENOYRE";"SITE ITAS TIM";"15400";"MENET";"Pylône autostable"; 30.0;"Itas Tim"
1351137;2.57167;45.39944;"02° 34' 18.00'' Est, 45° 23' 58.00'' Nord";"15038";"PÉROL";"SITE ITAS TIM";"15270";"CHAMPS-SUR-TARENTAINE-MARCHAL";"Pylône autostable"; 24.0;"Itas Tim"
1351157;2.44444;45.36444;"02° 26' 40.00'' Est, 45° 21' 52.00'' Nord";"15037";"LA BARRADE";"SITE ITAS TIM";"15350";"CHAMPAGNAC";"Pylône autostable"; 18.0;"Itas Tim"
1380528;2.74722;45.08333;"02° 44' 50.00'' Est, 45° 05' 00.00'' Nord";"15101";"PUY DE MASBOEUF";"D 67 SUPER LORIAN STATION POSTE SOURCE 63KV";"15300";"LAVEISSIERE";"Bâtiment"; 14.0;"EDF ou GDF"
1381437;2.66000;45.23056;"02° 39' 36.00'' Est, 45° 13' 50.00'' Nord";"15052";"PUYVENDRIER";"SITE ITAS TIM";"15400";"COLLANDRES";"Pylône autostable"; 24.0;"Itas Tim"
1384821;2.72056;45.15806;"02° 43' 14.00'' Est, 45° 09' 29.00'' Nord";"15050";"LE PEYRE GROSSE";"SITE ITAS TIM";"15400";"LE CLAUX";"Pylône autostable"; 19.0;"Itas Tim"
1402431;2.88861;45.09333;"02° 53' 19.00'' Est, 45° 05' 36.00'' Nord";"15100";"CHEYLANES";;"15300";"LAVEISSENET";"Pylône autostable"; 24.0;"Towercast"
1408423;2.88806;45.09278;"02° 53' 17.00'' Est, 45° 05' 34.00'' Nord";"15100";"CHEYLANES";"SITE ITAS TIM";"15300";"LAVEISSENET";"Pylône autostable"; 31.0;"Itas Tim"
1410191;3.21944;45.04611;"03° 13' 10.00'' Est, 45° 02' 46.00'' Nord";"15245";"MONTAFFÉ";"SITE ITAS TIM";"15100";"VABRES";"Pylône autostable"; 48.0;"Itas Tim"
1411505;2.80944;45.21583;"02° 48' 34.00'' Est, 45° 12' 57.00'' Nord";"15225";"LE FRAUX DE VIAL";;"15300";"SEGUR-LES-VILLAS";"Pylône autostable"; 18.0;"Itas Tim"
1412287;3.03139;45.14167;"03° 01' 53.00'' Est, 45° 08' 30.00'' Nord";"15231";"MONTLOUBY EST";"SITE ITAS TIM";"15170";"TALIZAT";"Pylône autostable"; 30.0;"Itas Tim"
1414403;2.73472;45.32778;"02° 44' 05.00'' Est, 45° 19' 40.00'' Nord";"15170";"LA MONTAGNOUNNE";"LA GRANGE DE RISPAL VEZOLET";"15190";"SAINT-AMANDIN";"Pylône autostable"; 42.0;"Société Privée SA"
1440385;2.47333;45.15389;"02° 28' 24.00'' Est, 45° 09' 14.00'' Nord";"15174";"LA PLANCHE";;"15140";"SAINT-BONNET-DE-SALERS";"Mât béton"; 12.0;"Société Privée SA"
1440464;2.38944;45.09639;"02° 23' 22.00'' Est, 45° 05' 47.00'' Nord";"15179";"L’HÔPITAL";;"15140";"SAINT-CIRGUES-DE-MALBERT";"Mât béton"; 12.0;"Société Privée SA"
1440475;2.23722;44.78667;"02° 14' 14.00'' Est, 44° 47' 12.00'' Nord";"15021";"BOIS DE LARQUE";;"15600";"BOISSET";"Mât béton"; 12.0;"Société Privée SA"
1440570;2.17083;44.92750;"02° 10' 15.00'' Est, 44° 55' 39.00'' Nord";"15076";"LE POMPIDOU";;"15150";"GLENAT";"Mât béton"; 12.0;"Société Privée SA"
1442480;2.47944;44.80528;"02° 28' 46.00'' Est, 44° 48' 19.00'' Nord";"15156";"PUECH DE TREMOULINES";;"15130";"PRUNET";"Mât métallique"; 7.0;"Société Privée SA"
1444221;2.33167;45.22528;"02° 19' 54.00'' Est, 45° 13' 31.00'' Nord";"15120";;"LE POMMIER NORD";"15200";"MAURIAC";"Pylône autostable"; 45.0;"SFR"
1470156;2.53694;45.02028;"02° 32' 13.00'' Est, 45° 01' 13.00'' Nord";"15095";"TREMOUX";"SITE ITAS TIM";"15250";"LAROQUEVIEILLE";"Pylône autostable"; 24.0;"Itas Tim"
1470223;2.83333;44.91806;"02° 50' 00.00'' Est, 44° 55' 05.00'' Nord";"15152";"LE MONTEIL";;"15230";"PIERREFORT";"Pylône autostable"; 18.0;"Itas Tim"
1470349;2.39361;44.95944;"02° 23' 37.00'' Est, 44° 57' 34.00'' Nord";"15160";"BROUSSE";"SITE ITAS TIM";"15250";"REILHAC";"Pylône autostable"; 24.0;"Itas Tim"
1471061;2.42389;45.04944;"02° 25' 26.00'' Est, 45° 02' 58.00'' Nord";"15175";"LA CROIX ST-PIERRE";;"15310";"SAINT-CERNIN";"Pylône autostable"; 25.0;"Itas Tim"
1475190;3.10833;45.04000;"03° 06' 30.00'' Est, 45° 02' 24.00'' Nord";"15187";"DE LAIRET";;"15100";"SAINT-FLOUR";"Pylône autostable"; 30.0;"SFR"
1476984;2.24000;45.07306;"02° 14' 24.00'' Est, 45° 04' 23.00'' Nord";"15011";"LE RAYNAL";"FRIDEFONT";"15150";"ARNAC";"Pylône autostable"; 31.0;"Itas Tim"
1482515;2.43944;44.90250;"02° 26' 22.00'' Est, 44° 54' 09.00'' Nord";"15014";;"CHEMIN DU BOUSQUET STADE BARADEL";"15000";"AURILLAC";"Pylône tubulaire"; 25.0;"FPS TOWERS"
1509431;2.76111;45.06333;"02° 45' 40.00'' Est, 45° 03' 48.00'' Nord";"15192";"PLOMB DU CANTAL";"GARE SUPERIEURE TELEPHERIQUE";"15800";"SAINT-JACQUES-DES-BLATS";"Pylône autostable"; 33.0;"Gendarmerie"
1517945;3.00278;44.89139;"03° 00' 10.00'' Est, 44° 53' 29.00'' Nord";"15045";"BARRAGE USINE LANAU";"BARAGE USINE LANAU";"15110";"CHAUDES-AIGUES";"Bâtiment"; 14.0;"EDF ou GDF"
1517952;2.99111;44.89000;"02° 59' 28.00'' Est, 44° 53' 24.00'' Nord";"15142";;"D921 PRAT CHAUD ET GARDELLE";"15260";"NEUVEGLISE";"Pylône tubulaire"; 17.0;"TDF"
1518441;2.65111;45.40111;"02° 39' 04.00'' Est, 45° 24' 04.00'' Nord";"15240";"LASTIOULLES BURON";"TREMOUILLE, LAC DE LASTIOULLES";"15270";"TREMOUILLE";"Bâtiment"; 5.0;"EDF ou GDF"
1518732;2.21833;45.03889;"02° 13' 06.00'' Est, 45° 02' 20.00'' Nord";"15211";"LES BIAOUS12";"D42";"15150";"SAINT-SANTIN-CANTALES";"Pylône haubané"; 35.0;"EDF ou GDF"
1519020;2.22306;44.94639;"02° 13' 23.00'' Est, 44° 56' 47.00'' Nord";"15182";"GATELLIER";"4 CITÉ DE PRADEL";"15150";"SAINT-ETIENNE-CANTALES";"Pylône tubulaire"; 16.0;"EDF ou GDF"
1545538;3.13806;45.21611;"03° 08' 17.00'' Est, 45° 12' 58.00'' Nord";"15022";"SUC DE VÉDRINES";;"15500";"BONNAC";"Pylône autostable"; 36.0;"DDE"
1545635;2.45917;44.83111;"02° 27' 33.00'' Est, 44° 49' 52.00'' Nord";"15156";"LE GARRIC";"CHEMIN DE LAFAGE";"15130";"PRUNET";"Pylône tubulaire"; 15.0;"ORANGE Services Fixes"
1545672;2.38500;44.85444;"02° 23' 06.00'' Est, 44° 51' 16.00'' Nord";"15163";"LACASSAGNE";"CHEMIN DE LACASSAGNE";"15220";"ROANNES-SAINT-MARY";"Pylône autostable"; 24.0;"TDF"
1570118;2.39556;45.16722;"02° 23' 44.00'' Est, 45° 10' 02.00'' Nord";"15063";"LES VOÛTES";;"15140";"DRUGEAC";"Pylône tubulaire"; 28.0;"ORANGE"
1582048;2.90083;44.83806;"02° 54' 03.00'' Est, 44° 50' 17.00'' Nord";"15106";"PRÈS DU CIMETIÈRE";"D65";"15110";"LIEUTADES";"Bâtiment"; 5.0;"ORANGE"
1610032;2.43806;45.25111;"02° 26' 17.00'' Est, 45° 15' 04.00'' Nord";"15123";"SOURZAC HAUT";"VC 16";"15200";"MEALLET";"Pylône autostable"; 32.0;"Conseil Départemental"
1611799;2.28361;44.73389;"02° 17' 01.00'' Est, 44° 44' 02.00'' Nord";"15104";"RASCUEJOUL";"CHEM COMMUNAL";"15600";"LEYNHAC";"Pylône autostable"; 24.0;"Conseil Départemental"
1628518;2.22500;45.13750;"02° 13' 30.00'' Est, 45° 08' 15.00'' Nord";"15153";"LE BOURG NORD";;"15700";"PLEAUX";"Pylône tubulaire"; 25.0;"FPS TOWERS"
1632718;3.26000;45.14306;"03° 15' 36.00'' Est, 45° 08' 35.00'' Nord";"15032";"LE MUZE";"RD 23";"15500";"CELOUX";"Pylône autostable"; 23.0;"Conseil Départemental"
1634397;3.03194;45.14222;"03° 01' 55.00'' Est, 45° 08' 32.00'' Nord";"15231";"MONT LOUBY";;"15170";"TALIZAT";"Pylône autostable"; 25.0;"CELLNEX"
1640070;2.89194;45.01028;"02° 53' 31.00'' Est, 45° 00' 37.00'' Nord";"15148";"PUY DE MERCOU";"D 44";"15430";"PAULHAC";"Pylône autostable"; 30.4;"SFR"
1640185;2.82000;44.98528;"02° 49' 12.00'' Est, 44° 59' 07.00'' Nord";"15026";"VIDÈCHE";;"15230";"BREZONS";"Pylône autostable"; 16.0;"SFR"
1642028;3.01139;45.05833;"03° 00' 41.00'' Est, 45° 03' 30.00'' Nord";"15164";"MONS";"CHATEAU D'EAU";"15100";"ROFFIAC";"Château d'eau - réservoir"; 17.0;"Commune, communauté de commune"
1650985;2.42389;44.91194;"02° 25' 26.00'' Est, 44° 54' 43.00'' Nord";"15014";;"101 AVENUE DE CONTHE";"15000";"AURILLAC";"Pylône autostable"; 27.0;"IFW-FREE"
1654685;3.13806;45.21667;"03° 08' 17.00'' Est, 45° 13' 00.00'' Nord";"15022";"MONRUT";;"15500";"BONNAC";"Pylône autostable"; 25.0;"BOUYGUES"
1656566;2.78778;45.25889;"02° 47' 16.00'' Est, 45° 15' 32.00'' Nord";"15213";"LES GARDELLES";;"15190";"SAINT-SATURNIN";"Pylône autostable"; 22.2;"TDF"
1662380;2.67944;45.37417;"02° 40' 46.00'' Est, 45° 22' 27.00'' Nord";"15240";"LA VIDAL";"PRÈS DÉPARTERMENTALE 47";"15270";"TREMOUILLE";"Pylône autostable"; 20.0;"TDF"
1663517;2.53639;45.00389;"02° 32' 11.00'' Est, 45° 00' 14.00'' Nord";"15252";"BROUSSOUX";"SITE ITAS TIM";"15590";"VELZIC";"Pylône autostable"; 31.0;"Itas Tim"
1663900;2.40889;45.35111;"02° 24' 32.00'' Est, 45° 21' 04.00'' Nord";"15037";"PUY DE PRODELLES";;"15350";"CHAMPAGNAC";"Pylône tubulaire"; 22.0;"SFR"
1664061;2.44500;45.34750;"02° 26' 42.00'' Est, 45° 20' 51.00'' Nord";"15265";"MONTASSOU";"SITE ITAS TIM";"15210";"YDES";"Pylône autostable"; 37.0;"Itas Tim"
1664092;2.99556;44.68194;"02° 59' 44.00'' Est, 44° 40' 55.00'' Nord";"15216";"RIGNAC";"SITE ITAS TIM";"15110";"SAINT-URCIZE";"Pylône autostable"; 25.0;"Itas Tim"
1664143;2.98361;44.93694;"02° 59' 01.00'' Est, 44° 56' 13.00'' Nord";"15142";"LES ARBRES VENTALS";"SITE ITAS TIM";"15260";"NEUVEGLISE";"Pylône autostable"; 24.0;"Itas Tim"
1666760;2.64333;44.97000;"02° 38' 36.00'' Est, 44° 58' 12.00'' Nord";"15258";"CUREBOURSE";"D. 54";"15800";"VIC-SUR-CERE";"Pylône autostable"; 35.0;"ORANGE"
1669402;3.18500;44.97917;"03° 11' 06.00'' Est, 44° 58' 45.00'' Nord";"15168";"BEAUREGARD";;"15320";"RUYNES-EN-MARGERIDE";"Pylône autostable"; 25.0;"TDF"
1672593;2.74722;45.08917;"02° 44' 50.00'' Est, 45° 05' 21.00'' Nord";"15101";;"LE BEC D'AIGLE";"15300";"LAVEISSIERE";"Pylône autostable"; 22.5;"TDF"
1675958;2.42194;45.31417;"02° 25' 19.00'' Est, 45° 18' 51.00'' Nord";"15019";"BROUSSE";"CHEM LES CHAMPS GRANDS";"15240";"BASSIGNAC";"Pylône autostable"; 30.0;"SFR"
1676022;3.21611;45.22583;"03° 12' 58.00'' Est, 45° 13' 33.00'' Nord";"15119";"LA CHASSAGNADE";"LE CHAMP DE PIERRE";"15500";"MASSIAC";"Pylône autostable"; 30.0;"SFR"
1679362;2.42944;44.92472;"02° 25' 46.00'' Est, 44° 55' 29.00'' Nord";"15014";;"STADE JEAN ALRIC63 BOULEVARD LOUIS DAUZIER";"15000";"AURILLAC";"Pylône tubulaire"; 32.0;"Commune, communauté de commune"
1679758;2.38778;45.11000;"02° 23' 16.00'' Est, 45° 06' 36.00'' Nord";"15186";"LE MEYNIAL";"LE MEYNIAL";"15140";"SAINTE-EULALIE";"Pylône autostable"; 27.4;"TDF"
1691466;3.09111;45.03306;"03° 05' 28.00'' Est, 45° 01' 59.00'' Nord";"15187";;"PLACE DU PALAIS PALAIS DE JUSTICE";"15100";"SAINT-FLOUR";"Bâtiment"; 27.0;"Commune, communauté de commune"
1712914;2.24750;44.85111;"02° 14' 51.00'' Est, 44° 51' 04.00'' Nord";"15268";"LE FER DE LA MULE";;"15290";"LE ROUGET";"Pylône autostable"; 31.5;"SFR"
1712962;2.82611;44.92611;"02° 49' 34.00'' Est, 44° 55' 34.00'' Nord";"15152";"BOUSSAGOT";;"15230";"PIERREFORT";"Pylône autostable"; 32.0;"SFR"
1720661;2.99639;44.86306;"02° 59' 47.00'' Est, 44° 51' 47.00'' Nord";"15045";"LA CHAMP";"CHEMIN DE NAZAT";"15110";"CHAUDES-AIGUES";"Pylône autostable"; 28.0;"TDF"
1720670;3.03139;44.80694;"03° 01' 53.00'' Est, 44° 48' 25.00'' Nord";"15060";"LA MALEVIEILLE";;"15110";"DEUX-VERGES";"Pylône autostable"; 18.0;"TDF"
1723712;3.19111;45.20111;"03° 11' 28.00'' Est, 45° 12' 04.00'' Nord";"15022";"LA BESSEYRE";;"15500";"BONNAC";"Pylône autostable"; 33.0;"FPS TOWERS"
1727641;2.46083;44.89778;"02° 27' 39.00'' Est, 44° 53' 52.00'' Nord";"15012";;"STADE DU PONT";"15130";"ARPAJON-SUR-CERE";"Pylône tubulaire"; 26.2;"Commune, communauté de commune"
1727646;2.21250;44.78528;"02° 12' 45.00'' Est, 44° 47' 07.00'' Nord";"15167";"LE PUECH";;"15600";"ROUZIERS";"Pylône autostable"; 32.0;"SFR"
1727723;2.49611;44.92278;"02° 29' 46.00'' Est, 44° 55' 22.00'' Nord";"15074";"HAUT DE CAVANHAC";"LABRO";"15130";"GIOU-DE-MAMOU";"Pylône autostable"; 28.9;"SFR"
1727768;2.41417;44.91528;"02° 24' 51.00'' Est, 44° 54' 55.00'' Nord";"15014";"LES GARROUSTES";"ROUTE DU COLLET STADE";"15000";"AURILLAC";"Pylône tubulaire"; 24.1;"SFR"
1727772;2.42861;44.92444;"02° 25' 43.00'' Est, 44° 55' 28.00'' Nord";"15014";;"68 BD  LOUIS DAUZIER";"15000";"AURILLAC";"Mât"; 32.3;"Commune, communauté de commune"
1727790;2.20722;45.12361;"02° 12' 26.00'' Est, 45° 07' 25.00'' Nord";"15153";"LA BUTTE";"RTE D'AURILLAC";"15700";"PLEAUX";"Pylône autostable"; 32.0;"SFR"
1741060;3.20944;44.92278;"03° 12' 34.00'' Est, 44° 55' 22.00'' Nord";"15108";"LE PUECH CHABRIER";"A75";"15320";"LOUBARESSE";"Pylône autostable"; 32.0;"SFR"
1743200;2.80000;44.92778;"02° 47' 60.00'' Est, 44° 55' 40.00'' Nord";"15201";"CROUZET-REGOURDON";"CD 354";"15230";"SAINT-MARTIN-SOUS-VIGOUROUX";"Pylône autostable"; 20.3;"SFR"
1751224;2.34139;44.93944;"02° 20' 29.00'' Est, 44° 56' 22.00'' Nord";"15267";"PUECH COSUAIRE";;"15000";"YTRAC";"Pylône autostable"; 31.0;"SFR"
1759881;3.06917;45.04028;"03° 04' 09.00'' Est, 45° 02' 25.00'' Nord";"15187";;"R BAPTISTE ROZIÈRES ZI MONTPLAIN US. BONILAIT PROTÉINES";"15100";"SAINT-FLOUR";"Bâtiment"; 35.5;"Société Privée SA"
1763241;3.22056;44.91500;"03° 13' 14.00'' Est, 44° 54' 54.00'' Nord";"15108";"LA BARAQUE DE BOUDONET";;"15320";"LOUBARESSE";"Pylône autostable"; 25.0;"ORANGE"
1780525;3.21083;45.11306;"03° 12' 39.00'' Est, 45° 06' 47.00'' Nord";"15097";;"RUE DU 19 MARS 1962";"15500";"LASTIC";"Bâtiment"; 9.0;"Commune, communauté de commune"
1786645;2.53639;45.00417;"02° 32' 11.00'' Est, 45° 00' 15.00'' Nord";"15252";"BROUSSOUX";;"15590";"VELZIC";"Bâtiment"; 3.0;"TDF"
1792094;2.19583;44.96667;"02° 11' 45.00'' Est, 44° 58' 00.00'' Nord";"15094";;"4 CITE DU CALVAIRE STADE";"15150";"LAROQUEBROU";"Pylône autostable"; 20.7;"TDF"
1800291;3.05944;45.18306;"03° 03' 34.00'' Est, 45° 10' 59.00'' Nord";"15069";"LE BOURG";;"15170";"FERRIERES-SAINT-MARY";"Bâtiment"; 6.0;"ORANGE Services Fixes"
1805762;2.42250;45.31444;"02° 25' 21.00'' Est, 45° 18' 52.00'' Nord";"15019";"LES FONDS DU LOUP NORD";;"15240";"BASSIGNAC";"Pylône autostable"; 33.0;"IFW-FREE"
1809356;2.50806;45.14444;"02° 30' 29.00'' Est, 45° 08' 40.00'' Nord";"15219";"MONTAGNOUNE";;"15140";"SALERS";"Pylône autostable"; 13.0;"ORANGE"
1839111;2.60194;45.34250;"02° 36' 07.00'' Est, 45° 20' 33.00'' Nord";"15185";;"PRÈS MAIRIE ET ÉCOLES CNE/BOURG";"15400";"SAINT-ETIENNE-DE-CHOMEIL";"Mât"; 6.5;"ORANGE"
1859328;2.52667;45.44139;"02° 31' 36.00'' Est, 45° 26' 29.00'' Nord";"15092";"LE PEAGE";"RUE DES PRUNUS STADE MUNICIPAL";"15270";"LANOBRE";"Pylône tubulaire"; 28.0;"TDF"
1884032;3.17528;45.17917;"03° 10' 31.00'' Est, 45° 10' 45.00'' Nord";"15207";"CHAMP GRAND";"SAL BAS";"15500";"SAINT-PONCY";"Pylône autostable"; 18.0;"DDE"
1884034;3.11028;45.04972;"03° 06' 37.00'' Est, 45° 02' 59.00'' Nord";"15187";"FIGUIERE";"A 75 ÉCHANGEUR N 28 CTRE D ENTRETIEN ET INTERVENTION";"15100";"SAINT-FLOUR";"Bâtiment"; 25.0;"DDE"
1884036;3.19861;45.26306;"03° 11' 55.00'' Est, 45° 15' 47.00'' Nord";"15119";;"AVENUE DU GENERAL DE GAULLE CTRE ENTRETIEN INTERVENT";"15500";"MASSIAC";"Bâtiment"; 13.0;"DDE"
1884038;2.29389;44.85778;"02° 17' 38.00'' Est, 44° 51' 28.00'' Nord";"15196";"LA CROIX BLANCHE";"RD 20 CTRE ENTRETIEN ET INTERVENTION";"15220";"SAINT-MAMET-LA-SALVETAT";"Bâtiment"; 12.0;"DDE"
1891770;2.49639;44.92306;"02° 29' 47.00'' Est, 44° 55' 23.00'' Nord";"15074";"HAUT DE GAVAGNAC";"LABRO";"15130";"GIOU-DE-MAMOU";"Pylône autostable"; 42.0;"IFW-FREE"
1896150;2.60833;44.93917;"02° 36' 30.00'' Est, 44° 56' 21.00'' Nord";"15154";"LES HUTTES";"ROUTE DÉPATEMENTALE 57 STATION TDF DE VIC SUR CERE";"15800";"POLMINHAC";"Pylône autostable"; 20.0;"Titulaire programme Radio/TV"
1901325;2.91583;45.05000;"02° 54' 57.00'' Est, 45° 02' 60.00'' Nord";"15248";"GALUSE";"CHAMP GRAND";"15300";"VALUEJOLS";"Pylône autostable"; 42.0;"IFW-FREE"
1906219;3.00694;45.06000;"03° 00' 25.00'' Est, 45° 03' 36.00'' Nord";"15164";"MONS";"LES TROIS CHEMINS CHEMIN D EXPLOITATION 3";"15100";"ROFFIAC";"Pylône autostable"; 32.0;"IFW-FREE"
1908435;2.42528;45.04556;"02° 25' 31.00'' Est, 45° 02' 44.00'' Nord";"15175";"LA CAMP DE ST MARTIN";"CD 160";"15310";"SAINT-CERNIN";"Pylône autostable"; 39.0;"TDF"
1915225;2.36889;45.36556;"02° 22' 08.00'' Est, 45° 21' 56.00'' Nord";"15037";;"PONT DE VERNEJOUX";"15350";"CHAMPAGNAC";"Pylône tubulaire"; 8.0;"Société Privée SA"
1919882;2.49111;44.82389;"02° 29' 28.00'' Est, 44° 49' 26.00'' Nord";"15156";"LES TRAVERS";;"15130";"PRUNET";"Pylône autostable"; 42.0;"IFW-FREE"
1935724;2.71278;45.06000;"02° 42' 46.00'' Est, 45° 03' 36.00'' Nord";"15192";"LACOMBE";"LES BAISSINES BASSES";"15800";"SAINT-JACQUES-DES-BLATS";"Pylône autostable"; 17.0;"TDF"
1948260;2.32028;44.85333;"02° 19' 13.00'' Est, 44° 51' 12.00'' Nord";"15196";"LES BESSADES";"ROUTE DE GRISPAIL";"15220";"SAINT-MAMET-LA-SALVETAT";"Pylône autostable"; 32.5;"IFW-FREE"
1948262;2.50000;44.95944;"02° 30' 00.00'' Est, 44° 57' 34.00'' Nord";"15215";"MONTAGNE DU PEINTRE";"SITE ITAS TIM";"15130";"SAINT-SIMON";"Pylône autostable"; 37.5;"IFW-FREE"
1951882;3.07917;45.03556;"03° 04' 45.00'' Est, 45° 02' 08.00'' Nord";"15187";;"18 AVENUE DU LIORAN PARC CD 15 SAINT FLOUR";"15100";"SAINT-FLOUR";"Bâtiment"; 20.0;"Conseil Régional"
1951884;2.83778;44.92667;"02° 50' 16.00'' Est, 44° 55' 36.00'' Nord";"15152";;"RD 265 ALLEE DES TILLEULS CD 15 CRD DE PIERREFORT";"15230";"PIERREFORT";"Bâtiment"; 10.0;"Conseil Régional"
1951886;3.00278;44.84944;"03° 00' 10.00'' Est, 44° 50' 58.00'' Nord";"15045";;"QUARTIER BEAUREDON CD 15 CRD CHAUDE-AIGUES";"15110";"CHAUDES-AIGUES";"Bâtiment"; 22.0;"Conseil Régional"
1951888;2.93472;45.23278;"02° 56' 05.00'' Est, 45° 13' 58.00'' Nord";"15001";;"RD 679 RUE DU CEZALLIER CD 15 CRD DE ALLANCHE";"15160";"ALLANCHE";"Bâtiment"; 10.0;"Conseil Régional"
1951890;2.65306;45.28361;"02° 39' 11.00'' Est, 45° 17' 01.00'' Nord";"15162";;"68 AVENUE DE LA REPUBLIQUE CD 15 CRD RIOM EN MONTAGNE";"15400";"RIOM-ES-MONTAGNES";"Bâtiment"; 20.0;"Conseil Régional"
1951892;2.45556;44.91000;"02° 27' 20.00'' Est, 44° 54' 36.00'' Nord";"15014";;"RUE NICEPHORE NIEPCE CD 15 CRD DE ARPAJON";"15000";"AURILLAC";"Bâtiment"; 14.0;"Conseil Régional"
1951894;2.49028;44.71306;"02° 29' 25.00'' Est, 44° 42' 47.00'' Nord";"15134";"LA CROIX DU COQ";"CD 15 CRD MONTSALVY";"15120";"MONTSALVY";"Bâtiment"; 7.0;"Conseil Régional"
1951896;2.43056;44.91444;"02° 25' 50.00'' Est, 44° 54' 52.00'' Nord";"15014";;"1 RUE DES ROSES CD 15 PARC DEP DE AURILLAC";"15000";"AURILLAC";"Bâtiment"; 15.0;"Conseil Régional"
1951898;2.43000;44.91472;"02° 25' 48.00'' Est, 44° 54' 53.00'' Nord";"15014";;"8 RUE DES ROSES CD 15 PARC DEP DE AURILLAC";"15000";"AURILLAC";"Bâtiment"; 20.0;"Conseil Régional"
1951900;2.19667;44.70306;"02° 11' 48.00'' Est, 44° 42' 11.00'' Nord";"15122";"LE VALLON";"CD 15 CRD DE MAURS";"15600";"MAURS";"Bâtiment"; 16.0;"Conseil Régional"
1951902;2.19861;44.96750;"02° 11' 55.00'' Est, 44° 58' 03.00'' Nord";"15094";;"13 ROUTE D'AURILLAC CD 15 CRD DE LAROQUEBROU";"15150";"LAROQUEBROU";"Bâtiment"; 18.0;"Conseil Régional"
1951906;2.21889;45.03972;"02° 13' 08.00'' Est, 45° 02' 23.00'' Nord";"15211";;"LES BIAOUS";"15150";"SAINT-SANTIN-CANTALES";"Pylône haubané"; 35.0;"Conseil Régional"
1951910;2.58333;45.16139;"02° 35' 00.00'' Est, 45° 09' 41.00'' Nord";"15174";"LE BARRY";"CD 15 RELAIS ST BONNET DE SALERS LE BARRY";"15140";"SAINT-BONNET-DE-SALERS";"Pylône autostable"; 23.0;"Conseil Régional"
1951916;2.34472;45.16444;"02° 20' 41.00'' Est, 45° 09' 52.00'' Nord";"15003";;"PUY DONDOM";"15700";"ALLY";"Pylône autostable"; 35.0;"Conseil Régional"
1951930;2.67417;44.98361;"02° 40' 27.00'' Est, 44° 59' 01.00'' Nord";"15180";"LE CAYLA";"RELAIS CD 15 ST CLÉMENT LE CAYLA";"15800";"SAINT-CLEMENT";"Pylône autostable"; 20.0;"Conseil Régional"
1952064;2.23722;44.78694;"02° 14' 14.00'' Est, 44° 47' 13.00'' Nord";"15021";"SPARADOU";"BOIS DE LARQUE";"15600";"BOISSET";"Pylône autostable"; 20.0;"Conseil Régional"
1952076;3.12806;45.10083;"03° 07' 41.00'' Est, 45° 06' 03.00'' Nord";"15055";"COL DE LAFAGEOLLE";"D909";"15100";"COREN";"Pylône autostable"; 35.0;"Conseil Régional"
1952440;3.06444;44.85778;"03° 03' 52.00'' Est, 44° 51' 28.00'' Nord";"15121";"TRUC DE MONTFOL";;"15110";"MAURINES";"Pylône autostable"; 25.0;"Conseil Départemental"
1956926;3.04056;45.26250;"03° 02' 26.00'' Est, 45° 15' 45.00'' Nord";"15126";;"PRÈS DE LA MAIRIE";"15500";"MOLEDES";"Pylône autostable"; 10.0;"ORANGE Services Fixes"
1972545;3.21694;45.22583;"03° 13' 01.00'' Est, 45° 13' 33.00'' Nord";"15119";"CHASSAGNADE";;"15500";"MASSIAC";"Pylône tubulaire"; 41.5;"IFW-FREE"
1977108;2.57417;44.92528;"02° 34' 27.00'' Est, 44° 55' 31.00'' Nord";"15154";"MARUEJOULS";"CHEMIN DES BOIS";"15800";"POLMINHAC";"Pylône autostable"; 28.0;"ORANGE"
1984142;2.58722;45.15833;"02° 35' 14.00'' Est, 45° 09' 30.00'' Nord";"15066";"LE BARRY";"COL DE NÉRONNE";"15380";"LE FALGOUX";"Mât métallique"; 5.0;"Commune, communauté de commune"
1984146;2.62194;45.15444;"02° 37' 19.00'' Est, 45° 09' 16.00'' Nord";"15066";"LE BOURG";"CHEMIN DU CIMETIÈRE DERRIÈRE LA POSTE";"15380";"LE FALGOUX";"Pylône autostable"; 10.0;"ORANGE Services Fixes"
2001015;2.86639;45.10583;"02° 51' 59.00'' Est, 45° 06' 21.00'' Nord";"15138";;"CHEMIN DE LA CROIX JOLIE ZA DU BOURNANTEL";"15300";"MURAT";"Pylône autostable"; 26.0;"DDE"
2035805;2.53639;45.00417;"02° 32' 11.00'' Est, 45° 00' 15.00'' Nord";"15252";;"BROUSSOUX";"15590";"VELZIC";"Pylône autostable"; 23.0;"Conseil Départemental"
