Numéro du support;Longitude;Latitude;"Position";"Insee";"Lieu dit";"Adresse";"Code postal";"Commune";"Nature du support";Hauteur en m;"Propriétaire"
8525;8.73639;41.92083;"08° 44' 11.00'' Est, 41° 55' 15.00'' Nord";"2A004";;"R LORENZO VERO";"20167";"AJACCIO";"Immeuble"; 27.0;"Copropriété, Syndic, SCI"
8531;8.63778;42.23750;"08° 38' 16.00'' Est, 42° 14' 15.00'' Nord";"2A212";"ST PIERRE";"PAESE VILLAGE";"20115";"PIANA";"Bâtiment"; 6.0;"ORANGE Services Fixes"
8541;8.59972;42.13611;"08° 35' 59.00'' Est, 42° 08' 10.00'' Nord";"2A065";"MONTALBO";;"20130";"CARGESE";"Pylône autostable"; 20.0;"ORANGE Services Fixes"
8545;8.79000;42.16250;"08° 47' 24.00'' Est, 42° 09' 45.00'' Nord";"2A348";"SAINT ANTOIRE";"STADE MUNICIPAL";"20160";"VICO";"Pylône autostable"; 15.0;"ORANGE Services Fixes"
8549;8.73250;42.25889;"08° 43' 57.00'' Est, 42° 15' 32.00'' Nord";"2A198";"CAPU";;"20150";"OTA";"Pylône autostable"; 25.0;"ORANGE Services Fixes"
8551;8.70583;42.26639;"08° 42' 21.00'' Est, 42° 15' 59.00'' Nord";"2A198";"PORTO";;"20150";"OTA";"Pylône autostable"; 27.0;"ORANGE Services Fixes"
8577;8.79333;41.92833;"08° 47' 36.00'' Est, 41° 55' 42.00'' Nord";"2A004";;"AÉRODROME DE CAMPO DELL'ORO AEROPORT NAPOLEON BONAPARTE";"20167";"AJACCIO";"Bâtiment"; 6.0;"Météo"
26987;8.66694;42.25472;"08° 40' 01.00'' Est, 42° 15' 17.00'' Nord";"2A212";"SAN LÉONARDO";;"20115";"PIANA";"Pylône autostable"; 18.0;"SFR"
44387;8.76861;41.76806;"08° 46' 07.00'' Est, 41° 46' 05.00'' Nord";"2A098";"BARBUZZA";;"20138";"COTI-CHIAVARI";"Pylône autostable"; 24.0;"Commune, communauté de commune"
47038;9.37167;41.83194;"09° 22' 18.00'' Est, 41° 49' 55.00'' Nord";"2A269";"SARI DI PORTO VECCHIO";;"20145";"SARI-SOLENZARA";"Pylône autostable"; 10.0;"EDF GDF"
47375;8.76972;41.76778;"08° 46' 11.00'' Est, 41° 46' 04.00'' Nord";"2A098";"PUNTA DI PINCELLI";;"20138";"COTI-CHIAVARI";"Pylône tubulaire"; 12.0;"EDF GDF"
91004;8.60028;42.16139;"08° 36' 01.00'' Est, 42° 09' 41.00'' Nord";"2A065";"CHIUNI";"CCHEMI DE BAGHIUCCIA";"20130";"CARGESE";"Pylône autostable"; 12.0;"ORANGE"
91048;8.73444;41.91750;"08° 44' 04.00'' Est, 41° 55' 03.00'' Nord";"2A004";;"AV RAMARONI IMM DIAMANT II";"20167";"AJACCIO";"Immeuble"; 23.0;"Copropriété, Syndic, SCI"
91060;8.91667;41.69556;"08° 54' 60.00'' Est, 41° 41' 44.00'' Nord";"2A189";"CIPINIELLO";;"20113";"OLMETO";"Pylône autostable"; 14.0;"ORANGE"
91072;8.74778;42.05611;"08° 44' 52.00'' Est, 42° 03' 22.00'' Nord";"2A048";"MASORCHIA";"SANT'ANDRÉA D'ORCINO";"20111";"CALCATOGGIO";"Pylône autostable"; 20.0;"ORANGE"
91084;8.92722;41.90056;"08° 55' 38.00'' Est, 41° 54' 02.00'' Nord";"2A085";"SAINA";"N.196";"20117";"CAURO";"Pylône autostable"; 38.0;"ORANGE"
121169;9.09833;41.75389;"09° 05' 54.00'' Est, 41° 45' 14.00'' Nord";"2A278";;"CHIESA";"20127";"SERRA-DI-SCOPAMENE";"Pylône tubulaire"; 11.0;"ORANGE Services Fixes"
121173;9.12139;41.70056;"09° 07' 17.00'' Est, 41° 42' 02.00'' Nord";"2A142";;"LA SORBA";"20170";"LEVIE";"Pylône tubulaire"; 12.0;"ORANGE Services Fixes"
121207;8.89861;42.12056;"08° 53' 55.00'' Est, 42° 07' 14.00'' Nord";"2A266";;"FILITELU PRÈS CIMETIÈRE";"20121";"SALICE";"Mât"; 12.0;"ORANGE Services Fixes"
121252;8.80083;42.25389;"08° 48' 03.00'' Est, 42° 15' 14.00'' Nord";"2A108";;"VILLAGE AUTOCOM";"20126";"EVISA";"Bâtiment"; 4.0;"ORANGE Services Fixes"
121364;9.04528;42.00167;"09° 02' 43.00'' Est, 42° 00' 06.00'' Nord";"2A031";"SANTONI";;"20119";"BASTELICA";"Mât"; 10.0;"ORANGE Services Fixes"
121374;8.90972;41.81167;"08° 54' 35.00'' Est, 41° 48' 42.00'' Nord";"2A232";;"D302";"20123";"PILA-CANALE";"Pylône autostable"; 12.0;"ORANGE Services Fixes"
121378;8.90361;41.80861;"08° 54' 13.00'' Est, 41° 48' 31.00'' Nord";"2A232";"PUNTA DI PINZARELLE";;"20123";"PILA-CANALE";"Pylône autostable"; 10.0;"ORANGE Services Fixes"
121391;8.82611;42.06389;"08° 49' 34.00'' Est, 42° 03' 50.00'' Nord";"2A270";;"ACQUA IN GIU";"20151";"SARI-D'ORCINO";"Pylône autostable"; 15.0;"ORANGE Services Fixes"
121395;8.84333;42.07556;"08° 50' 36.00'' Est, 42° 04' 32.00'' Nord";"2A270";"COL DE VERGIO";;"20151";"SARI-D'ORCINO";"Pylône autostable"; 12.0;"ORANGE Services Fixes"
121400;9.05944;41.84750;"09° 03' 34.00'' Est, 41° 50' 51.00'' Nord";"2A186";;"VALDU OLIVESE";"20140";"OLIVESE";"Pylône autostable"; 12.0;"ORANGE Services Fixes"
121404;9.10611;41.65889;"09° 06' 22.00'' Est, 41° 39' 32.00'' Nord";"2A142";"TIROLO";;"20170";"LEVIE";"Pylône tubulaire"; 12.0;"ORANGE Services Fixes"
121407;8.91083;41.91694;"08° 54' 39.00'' Est, 41° 55' 01.00'' Nord";"2A085";;"PL DE L'EGLISE";"20117";"CAURO";"Pylône autostable"; 15.0;"ORANGE Services Fixes"
126693;8.84028;41.98417;"08° 50' 25.00'' Est, 41° 59' 03.00'' Nord";"2A271";"PLAINE DE PÉRI";"ALLÉE DES LAURIERS RN 193";"20167";"SARROLA-CARCOPINO";"Pylône autostable"; 12.0;"ORANGE Services Fixes"
126711;8.69194;42.26139;"08° 41' 31.00'' Est, 42° 15' 41.00'' Nord";"2A198";"PORTO";;"20150";"OTA";"Pylône autostable"; 8.0;"ORANGE Services Fixes"
126829;8.61000;42.34944;"08° 36' 36.00'' Est, 42° 20' 58.00'' Nord";"2A197";;"GIROLATA";"20147";"OSANI";"Bâtiment"; 4.0;"Particulier"
126837;8.67222;41.99222;"08° 40' 20.00'' Est, 41° 59' 32.00'' Nord";"2A017";"GOLFE DE LAVA";"D 381";"20167";"APPIETTO";"Bâtiment"; 6.0;"ORANGE Services Fixes"
126862;8.79500;42.23194;"08° 47' 42.00'' Est, 42° 13' 55.00'' Nord";"2A154";;"MONTEMAGGIORE";"20141";"MARIGNANA";"Bâtiment"; 7.0;"ORANGE Services Fixes"
139253;8.62111;42.23806;"08° 37' 16.00'' Est, 42° 14' 17.00'' Nord";"2A212";"MONT GIABICO";;"20115";"PIANA";"Pylône autostable"; 12.0;"ORANGE Services Fixes"
145945;8.67333;41.98250;"08° 40' 24.00'' Est, 41° 58' 57.00'' Nord";"2A006";;"PEASE DI LAVA";"20167";"ALATA";"Pylône autostable"; 13.0;"ORANGE"
155181;8.78000;41.95528;"08° 46' 48.00'' Est, 41° 57' 19.00'' Nord";"2A001";;"CENTRALE LA CALDANICCIA";"20167";"AFA";"Support non décrit"; 10.0;
166314;8.73222;41.92028;"08° 43' 56.00'' Est, 41° 55' 13.00'' Nord";"2A004";;"AV IMPERATRICE EUGENIE";"20167";"AJACCIO";"Support non décrit"; 5.0;
183692;8.74306;41.97972;"08° 44' 35.00'' Est, 41° 58' 47.00'' Nord";"2A004";;"HAUT D ALATA MEZZAVIA";"20167";"AJACCIO";"Support non décrit"; 25.0;
206911;8.77389;41.92917;"08° 46' 26.00'' Est, 41° 55' 45.00'' Nord";"2A004";;"RTE DU VAZZIO LOT DU RICANTO";"20167";"AJACCIO";"Immeuble"; 12.0;"Société Privée SA"
240670;9.39889;41.85750;"09° 23' 56.00'' Est, 41° 51' 27.00'' Nord";"2A269";;"RN 198 RÉSIDENCE  LES  TROIS PERLES";"20145";"SARI-SOLENZARA";"Immeuble"; 20.0;"Copropriété, Syndic, SCI"
247985;8.98083;41.87250;"08° 58' 51.00'' Est, 41° 52' 21.00'' Nord";"2A312";"VICO";;"20190";"SANTA-MARIA-SICHE";"Pylône autostable"; 12.0;"ORANGE Services Fixes"
251330;9.35222;41.72000;"09° 21' 08.00'' Est, 41° 43' 12.00'' Nord";"2A092";"PUNTA DI CALCINA";;"20135";"CONCA";"Bâtiment"; 4.0;"ORANGE Services Fixes"
251376;9.14333;41.77222;"09° 08' 36.00'' Est, 41° 46' 20.00'' Nord";"2A254";"RÉSERVOIR";;"20122";"QUENZA";"Bâtiment"; 7.0;"ORANGE Services Fixes"
251379;9.22528;41.79667;"09° 13' 31.00'' Est, 41° 47' 48.00'' Nord";"2A254";"COL DE BAVELLA";;"20122";"QUENZA";"Mât"; 8.0;"ORANGE Services Fixes"
259298;9.01194;41.64861;"09° 00' 43.00'' Est, 41° 38' 55.00'' Nord";"2A128";"TASSO";;"20100";"GRANACE";"Pylône tubulaire"; 10.0;"ORANGE Services Fixes"
264648;8.85833;41.54056;"08° 51' 30.00'' Est, 41° 32' 26.00'' Nord";"2A272";"TIZZANO";"LES JARDINS DE TIZZANO SITE FRANCE TELECOM";"20100";"SARTENE";"Pylône tubulaire"; 14.0;"ORANGE Services Fixes"
266529;9.17083;41.74944;"09° 10' 15.00'' Est, 41° 44' 58.00'' Nord";"2A362";;"MAISON DU PARC CENTRE BOURG";"20144";"ZONZA";"Pylône tubulaire"; 12.0;"ORANGE Services Fixes"
270530;8.90611;41.98806;"08° 54' 22.00'' Est, 41° 59' 17.00'' Nord";"2A103";"CASARIMACCIU";;"20167";"CUTTOLI-CORTICCHIATO";"Bâtiment"; 35.0;"Commune, communauté de commune"
270670;8.79556;41.71194;"08° 47' 44.00'' Est, 41° 42' 43.00'' Nord";"2A276";"PORTO POLLO";;"20140";"SERRA-DI-FERRO";"Pylône tubulaire"; 12.0;"ORANGE Services Fixes"
271009;8.73778;41.92556;"08° 44' 16.00'' Est, 41° 55' 32.00'' Nord";"2A004";;"4 AV PASCAL PAOLI";"20167";"AJACCIO";"Immeuble"; 18.2;"Copropriété, Syndic, SCI"
271646;8.95028;41.57306;"08° 57' 01.00'' Est, 41° 34' 23.00'' Nord";"2A127";"ORASI";"N 196";"20100";"GIUNCHETO";"Bâtiment"; 7.0;"ORANGE Services Fixes"
271648;8.95222;41.58972;"08° 57' 08.00'' Est, 41° 35' 23.00'' Nord";"2A127";"SAMPOLU";;"20100";"GIUNCHETO";"Pylône autostable"; 12.0;
271650;8.87778;41.60917;"08° 52' 40.00'' Est, 41° 36' 33.00'' Nord";"2A129";"R DE LA POSTE";;"20100";"GROSSA";"Bâtiment"; 5.0;
273352;9.05556;41.49722;"09° 03' 20.00'' Est, 41° 29' 50.00'' Nord";"2A215";"TOZZA ALTA";;"20131";"PIANOTTOLI-CALDARELLO";"Pylône tubulaire"; 13.0;"ORANGE"
278360;8.70833;42.10111;"08° 42' 30.00'' Est, 42° 06' 04.00'' Nord";"2A090";"ESIGNIA";"HÔTEL ARENA";"20160";"COGGIA";"Bâtiment"; 17.0;"Copropriété, Syndic, SCI"
283767;8.84222;41.97694;"08° 50' 32.00'' Est, 41° 58' 37.00'' Nord";"2A103";"POZZO ROSSO";"VILLA LABESSE - APIETTO";"20167";"CUTTOLI-CORTICCHIATO";"Bâtiment"; 8.7;"SFR"
287929;9.14694;41.68083;"09° 08' 49.00'' Est, 41° 40' 51.00'' Nord";"2A061";"STUPPIOLU";;"20170";"CARBINI";"Bâtiment"; 5.0;"ORANGE Services Fixes"
289672;9.18528;41.38000;"09° 11' 07.00'' Est, 41° 22' 48.00'' Nord";"2A041";;"RÉSERVOIR BELLA CATTARINA D260";"20169";"BONIFACIO";"Pylône autostable"; 8.0;"SFR"
294804;8.78500;41.82556;"08° 47' 06.00'' Est, 41° 49' 32.00'' Nord";"2A228";"MACCUTELLO";"CHEM D'ACCELASCA";"20166";"PIETROSELLA";"Pylône autostable"; 8.0;"Commune, communauté de commune"
301912;8.82056;41.89333;"08° 49' 14.00'' Est, 41° 53' 36.00'' Nord";"2A130";;"LA VETTA";"20166";"GROSSETO-PRUGNA";"Pylône autostable"; 18.0;"EDF GDF"
306965;9.36306;41.65306;"09° 21' 47.00'' Est, 41° 39' 11.00'' Nord";"2A362";;"CHEM DE CIRENDINO VALLICONE";"20144";"ZONZA";"Château d'eau - réservoir"; 5.0;"Commune, communauté de commune"
308256;9.11472;42.10917;"09° 06' 53.00'' Est, 42° 06' 33.00'' Nord";"2A040";"LAGNATTI";"STATION TDF DE VIZZAVONA RELAIS DE VIZZAVONA";"20136";"BOCOGNANO";"Bâtiment"; 8.0;"TDF"
316444;9.19833;41.40389;"09° 11' 54.00'' Est, 41° 24' 14.00'' Nord";"2A041";"MUSELLA";"CHEM RURAL STADE DE MUSELLA SANTA MANZA";"20169";"BONIFACIO";"Pylône autostable"; 31.0;"ORANGE"
317405;8.79361;41.92222;"08° 47' 37.00'' Est, 41° 55' 20.00'' Nord";"2A004";;"AÉROPORT CAMPO DELL'ORO";"20167";"AJACCIO";"Pylône tubulaire"; 12.0;"SFR"
317589;8.76306;41.92278;"08° 45' 47.00'' Est, 41° 55' 22.00'' Nord";"2A004";"ASPRETTO";"BAN D'ASPRETTO";"20167";"AJACCIO";"Bâtiment"; 21.0;"CROSS"
323040;8.75694;41.92917;"08° 45' 25.00'' Est, 41° 55' 45.00'' Nord";"2A004";;"ROUTE DU LAZARET RÉSIDENCE CORSE AZUR";"20090";"AJACCIO";"Immeuble"; 21.0;"Copropriété, Syndic, SCI"
327484;8.67750;42.11611;"08° 40' 39.00'' Est, 42° 06' 58.00'' Nord";"2A348";"SAGONE";"ROUTE D SAGONE D81";"20160";"VICO";"Pylône tubulaire"; 14.0;"ORANGE"
330316;8.91250;41.71556;"08° 54' 45.00'' Est, 41° 42' 56.00'' Nord";"2A189";;"QUARTIER LA RAGGIA";"20113";"OLMETO";"Pylône tubulaire"; 10.0;
330326;8.90861;41.66694;"08° 54' 31.00'' Est, 41° 40' 01.00'' Nord";"2A249";"TURICIOLA FRUSTERU";;"20110";"PROPRIANO";"Pylône haubané"; 15.0;
334441;8.74139;41.97417;"08° 44' 29.00'' Est, 41° 58' 27.00'' Nord";"2A006";"A CAMARILLA";"CHEM DE FUSSAGLIOLE";"20167";"ALATA";"Pylône autostable"; 11.0;"FPS TOWERS"
336452;8.76611;41.84306;"08° 45' 58.00'' Est, 41° 50' 35.00'' Nord";"2A228";"ISOLELLA";"DÉPARTEMENTAL 55";"20166";"PIETROSELLA";"Pylône tubulaire"; 17.0;"ORANGE"
341538;8.72778;41.92500;"08° 43' 40.00'' Est, 41° 55' 30.00'' Nord";"2A004";;"ROUTE DE SALARIO VILLA BELVÉDÈRE";"20167";"AJACCIO";"Bâtiment"; 16.0;"Particulier"
342531;8.72806;41.95472;"08° 43' 41.00'' Est, 41° 57' 17.00'' Nord";"2A004";"SUALELA";;"20167";"AJACCIO";"Pylône autostable"; 12.0;
342537;8.72861;41.92639;"08° 43' 43.00'' Est, 41° 55' 35.00'' Nord";"2A004";;"AV DE LA GRANDE ARMÉE RÉSIDENCE LE NAPOLÉON - LES JARDINS DE L'EMPEREUR";"20167";"AJACCIO";"Immeuble"; 34.0;"Copropriété, Syndic, SCI"
342935;8.71389;41.97222;"08° 42' 50.00'' Est, 41° 58' 20.00'' Nord";"2A006";"SAN GUAVINO";"TERRAIN FERRUCCI";"20167";"ALATA";"Pylône autostable"; 15.0;"SFR"
347341;8.66778;42.31778;"08° 40' 04.00'' Est, 42° 19' 04.00'' Nord";"2A197";"CURZU";;"20147";"OSANI";"Bâtiment"; 8.0;"ORANGE Services Fixes"
356835;8.73028;41.91667;"08° 43' 49.00'' Est, 41° 54' 60.00'' Nord";"2A004";"EVÊCHÉ";"10 BD SYLVESTRE MARCAGGI";"20167";"AJACCIO";"Bâtiment"; 12.0;
363348;8.72722;41.91806;"08° 43' 38.00'' Est, 41° 55' 05.00'' Nord";"2A004";;"15, BD BENIELLI IMMEUBLE LES GÊNETS IMMEUBLE LES GÊNETS";"20167";"AJACCIO";"Immeuble"; 22.0;"Copropriété, Syndic, SCI"
363373;8.75056;41.94194;"08° 45' 02.00'' Est, 41° 56' 31.00'' Nord";"2A004";"LE FINOSELLO";"RÉSIDENCE MONTE & MARE";"20167";"AJACCIO";"Pylône tubulaire"; 12.0;"ORANGE"
364220;8.68111;41.90972;"08° 40' 52.00'' Est, 41° 54' 35.00'' Nord";"2A004";"LES JARDINS DE SANTA LINA";"ROUTE DES SANGUINAIRES  SCUDO ¿ ROUTE DES SANGUINAIRES";"20167";"AJACCIO";"Mât"; 2.0;"Copropriété, Syndic, SCI"
375440;8.63306;42.32667;"08° 37' 59.00'' Est, 42° 19' 36.00'' Nord";"2A197";"COL DE LA CROIX";;"20147";"OSANI";"Bâtiment"; 5.0;"ORANGE Services Fixes"
425800;8.80083;41.95389;"08° 48' 03.00'' Est, 41° 57' 14.00'' Nord";"2A271";"PERNICAGGIO";"D.72 TERRAIN DE M POGGIOLI";"20167";"SARROLA-CARCOPINO";"Pylône tubulaire"; 18.0;"ORANGE"
431344;8.85889;41.81139;"08° 51' 32.00'' Est, 41° 48' 41.00'' Nord";"2A091";"MARATO";;"20123";"COGNOCOLI-MONTICCHI";"Pylône autostable"; 12.0;
437540;9.26472;41.58306;"09° 15' 53.00'' Est, 41° 34' 59.00'' Nord";"2A247";"CARRUCINO";"ROCADE OUEST - RONT POINT RTE D'ARCA SARL CAPANACCIA";"20137";"PORTO-VECCHIO";"Pylône tubulaire"; 12.0;"ORANGE"
439451;9.18417;41.66972;"09° 11' 03.00'' Est, 41° 40' 11.00'' Nord";"2A061";"COL DE MELA";"PYLONE TDF";"20170";"CARBINI";"Pylône autostable"; 48.0;"TDF"
439466;9.18500;41.67028;"09° 11' 06.00'' Est, 41° 40' 13.00'' Nord";"2A061";"COL DE MELA";"PYLONE FRANCE TELECOM";"20170";"CARBINI";"Pylône autostable"; 42.0;"ORANGE Services Fixes"
440295;8.87639;41.83083;"08° 52' 35.00'' Est, 41° 49' 51.00'' Nord";"2A091";"FICA BIANCA";"COL D'AGHIA D 55";"20123";"COGNOCOLI-MONTICCHI";"Pylône autostable"; 35.3;"TDF"
443842;8.75944;41.93639;"08° 45' 34.00'' Est, 41° 56' 11.00'' Nord";"2A004";"PIETRALBA";"R DU MONT THABOR RÉS. LE MONTANA";"20000";"AJACCIO";"Immeuble"; 26.0;"Copropriété, Syndic, SCI"
445750;9.26694;41.58917;"09° 16' 01.00'' Est, 41° 35' 21.00'' Nord";"2A247";"CARABONA";"CHEM QUARTIER CARABONA CHEZ MONSIEUR GIANNI DON GEORGES";"20137";"PORTO-VECCHIO";"Pylône autostable"; 25.0;"ORANGE"
450868;9.17889;41.42250;"09° 10' 44.00'' Est, 41° 25' 21.00'' Nord";"2A041";"CHÂTEAU BALESI";"PYLONE TDF";"20169";"BONIFACIO";"Pylône autostable"; 24.0;"TDF"
452940;8.82222;41.92611;"08° 49' 20.00'' Est, 41° 55' 34.00'' Nord";"2A032";"A CELACCIA";;"20129";"BASTELICACCIA";"Pylône autostable"; 11.5;"FPS TOWERS"
455116;8.94139;42.16611;"08° 56' 29.00'' Est, 42° 09' 58.00'' Nord";"2A131";"PIANELLO";"PYLONE TDF GUAGNO";"20160";"GUAGNO";"Pylône autostable"; 31.9;"TDF"
459134;8.70083;41.95333;"08° 42' 03.00'' Est, 41° 57' 12.00'' Nord";"2A006";"PUNTA POZZO DI BORGO";;"20167";"ALATA";"Pylône autostable"; 46.0;"TDF"
461776;9.31722;41.59861;"09° 19' 02.00'' Est, 41° 35' 55.00'' Nord";"2A247";"PUNTA DI VARRA";"CHEM DU COL DE VERRA";"20137";"PORTO-VECCHIO";"Pylône autostable"; 45.2;"TDF"
465302;8.75250;41.80361;"08° 45' 09.00'' Est, 41° 48' 13.00'' Nord";"2A098";"SAN SISTERO";"RTE DE LA CASTAGNE";"20138";"COTI-CHIAVARI";"Pylône autostable"; 12.0;"FPS TOWERS"
465377;9.02389;41.88917;"09° 01' 26.00'' Est, 41° 53' 21.00'' Nord";"2A119";"COL DE GRANACE";;"20157";"FRASSETO";"Pylône autostable"; 48.0;"TDF"
466847;8.63306;42.32667;"08° 37' 59.00'' Est, 42° 19' 36.00'' Nord";"2A197";"CAPO DI LINO";;"20147";"OSANI";"Pylône autostable"; 12.0;"Commune, communauté de commune"
468919;9.15917;41.38750;"09° 09' 33.00'' Est, 41° 23' 15.00'' Nord";"2A041";"LA HAUTE VILLE";"RUE TORRICIOLA";"20169";"BONIFACIO";"Immeuble"; 29.0;"Société HLM"
469912;8.74028;41.93361;"08° 44' 25.00'' Est, 41° 56' 01.00'' Nord";"2A004";;"7 R PAUL COLONNA D'ISTRIA HÔTEL CASTEL VECCHIO";"20000";"AJACCIO";"Immeuble"; 23.0;"Particulier"
471984;8.78944;41.94389;"08° 47' 22.00'' Est, 41° 56' 38.00'' Nord";"2A004";"MONTE SANT ANGELO";"CONFINA";"20000";"AJACCIO";"Pylône autostable"; 13.0;"FPS TOWERS"
472264;8.90583;42.07389;"08° 54' 21.00'' Est, 42° 04' 26.00'' Nord";"2A266";"COL DE TARTAVELLO";"D4";"20121";"SALICE";"Pylône autostable"; 33.0;"Conseil Général"
476763;8.73111;41.92111;"08° 43' 52.00'' Est, 41° 55' 16.00'' Nord";"2A004";;"8,PARC BELVÉDÈRE";"20000";"AJACCIO";"Immeuble"; 27.0;"Société HLM"
483499;8.59611;42.16306;"08° 35' 46.00'' Est, 42° 09' 47.00'' Nord";"2A065";"VALLE LONGA";"STATION TDF DE CARGESE LONGA PRÈS DE LA D 81";"20130";"CARGESE";"Pylône autostable"; 13.0;"TDF"
483601;9.10528;41.88806;"09° 06' 19.00'' Est, 41° 53' 17.00'' Nord";"2A359";"PORCARECCIA";;"20132";"ZICAVO";"Pylône autostable"; 20.4;"SFR"
484247;9.15111;41.95194;"09° 09' 04.00'' Est, 41° 57' 07.00'' Nord";"2A089";"PIANNELLO";;"20134";"CIAMANNACCE";"Pylône autostable"; 36.0;"TDF"
484578;8.79417;41.72389;"08° 47' 39.00'' Est, 41° 43' 26.00'' Nord";"2A276";"CONTRA GROSSA";;"20140";"SERRA-DI-FERRO";"Château d'eau - réservoir"; 12.0;"Syndicat des eaux, Adduction"
489398;8.84000;41.93111;"08° 50' 24.00'' Est, 41° 55' 52.00'' Nord";"2A032";"CASACIA";"EGLISE DE BASTELICACCIA";"20129";"BASTELICACCIA";"Monument religieux"; 15.0;"Commune, communauté de commune"
496046;8.87806;42.00944;"08° 52' 41.00'' Est, 42° 00' 34.00'' Nord";"2A209";"CHIOSU COMMUNU";"RN 193 PLAINE DE PERI";"20167";"PERI";"Pylône autostable"; 32.0;"TDF"
498331;8.88222;41.91889;"08° 52' 56.00'' Est, 41° 55' 08.00'' Nord";"2A104";"CEPPU UGLIASTRU";"PRES DU RSVOIR";"20117";"ECCICA-SUARELLA";"Pylône autostable"; 16.0;"ORANGE"
503583;8.73361;41.93000;"08° 44' 01.00'' Est, 41° 55' 48.00'' Nord";"2A004";;"AV MARECHAL MONCEY RÉSIDENCE LES PALMIERS";"20000";"AJACCIO";"Immeuble"; 52.0;"Copropriété, Syndic, SCI"
503598;8.68278;41.91000;"08° 40' 58.00'' Est, 41° 54' 36.00'' Nord";"2A004";;"RTE DES SANGUINAIRES RES SANTA LINA";"20000";"AJACCIO";"Bâtiment"; 21.2;"Copropriété, Syndic, SCI"
505501;9.35222;41.72000;"09° 21' 08.00'' Est, 41° 43' 12.00'' Nord";"2A092";"PUNTA DI CALCINA";"RD 158";"20135";"CONCA";"Pylône autostable"; 35.5;"TDF"
508088;9.40389;41.85667;"09° 24' 14.00'' Est, 41° 51' 24.00'' Nord";"2A269";"PORT DE PLAISANCE";"RN 196";"20145";"SARI-SOLENZARA";"Pylône autostable"; 25.0;"BOUYGUES"
508121;8.93556;41.87694;"08° 56' 08.00'' Est, 41° 52' 37.00'' Nord";"2A130";"COL ST GEORGES";;"20128";"GROSSETO-PRUGNA";"Pylône autostable"; 20.0;"ORANGE Services Fixes"
509442;8.92389;41.76222;"08° 55' 26.00'' Est, 41° 45' 44.00'' Nord";"2A071";"PUNTA CONTRA MAGGIORE";"PYLONE TDF PILA CANALE";"20140";"CASALABRIVA";"Pylône autostable"; 31.0;"TDF"
510095;8.62111;42.23806;"08° 37' 16.00'' Est, 42° 14' 17.00'' Nord";"2A212";"MONTE SAN GHIABICU";"PYLONE TDF";"20115";"PIANA";"Pylône autostable"; 43.0;"TDF"
510161;8.90861;41.66694;"08° 54' 31.00'' Est, 41° 40' 01.00'' Nord";"2A249";"TURICCIOLA";"PRÈS DU RÉSERVOIR PYLONE TDF";"20110";"PROPRIANO";"Pylône autostable"; 19.0;"TDF"
510317;9.28056;41.60889;"09° 16' 50.00'' Est, 41° 36' 32.00'' Nord";"2A247";"PORETTA";"96 RTE DE BASTIA";"20137";"PORTO-VECCHIO";"Pylône autostable"; 26.5;"ORANGE"
510621;8.76500;41.76806;"08° 45' 54.00'' Est, 41° 46' 05.00'' Nord";"2A098";;"PUNTA DI PINCELLI";"20138";"COTI-CHIAVARI";"Pylône haubané"; 132.5;"TDF"
510724;8.86583;42.12611;"08° 51' 57.00'' Est, 42° 07' 34.00'' Nord";"2A262";;"CH DE MONA";"20121";"ROSAZIA";"Pylône autostable"; 15.0;"Conseil Général"
511626;9.13056;41.49028;"09° 07' 50.00'' Est, 41° 29' 25.00'' Nord";"2A114";"CALVAIRE - EGLISE";"D.859";"20114";"FIGARI";"Monument religieux"; 22.7;"Commune, communauté de commune"
513065;9.11278;41.99806;"09° 06' 46.00'' Est, 41° 59' 53.00'' Nord";"2A031";"PLATEAU D'ESE";;"20119";"BASTELICA";"Pylône autostable"; 15.0;"ORANGE Services Fixes"
518784;8.75167;42.02833;"08° 45' 06.00'' Est, 42° 01' 42.00'' Nord";"2A048";"MARISGIANCA";"PRES DE LA D81";"20111";"CALCATOGGIO";"Pylône autostable"; 16.0;"TDF"
519327;8.89833;41.69361;"08° 53' 54.00'' Est, 41° 41' 37.00'' Nord";"2A189";"MARINCA";"PRES DE LA RD 157 RESERVOIR";"20113";"OLMETO";"Bâtiment"; 17.0;"Commune, communauté de commune"
519837;9.17361;41.74972;"09° 10' 25.00'' Est, 41° 44' 59.00'' Nord";"2A362";"VALDO";;"20124";"ZONZA";"Pylône autostable"; 20.0;"ORANGE"
522275;8.65306;41.91028;"08° 39' 11.00'' Est, 41° 54' 37.00'' Nord";"2A004";"VIGNOLA";"RTE DU CENTRE SCIENTIFIQUE 2 RTE DES SANGUINAIRES";"20000";"AJACCIO";"Pylône tubulaire"; 12.0;"ORANGE Services Fixes"
525646;8.91611;41.91583;"08° 54' 58.00'' Est, 41° 54' 57.00'' Nord";"2A085";"FIUMINALE";"COLETTA";"20117";"CAURO";"Pylône autostable"; 21.0;"ORANGE"
527318;9.38750;41.73833;"09° 23' 15.00'' Est, 41° 44' 18.00'' Nord";"2A092";"PUNTA DI TELICA";"RD 168";"20135";"CONCA";"Pylône autostable"; 52.0;"ORANGE Services Fixes"
527817;8.97667;41.51222;"08° 58' 36.00'' Est, 41° 30' 44.00'' Nord";"2A272";"PUNTA DI VALANINCU";"STATION TDF DE FIGARI SERRAGGIA";"20100";"SARTENE";"Pylône autostable"; 50.0;"TDF"
527824;8.59056;42.13389;"08° 35' 26.00'' Est, 42° 08' 02.00'' Nord";"2A065";"PUNTIGLIONE";"LOT OUEST - PYLONE TDF";"20130";"CARGESE";"Pylône autostable"; 35.0;"TDF"
528851;9.11472;42.10944;"09° 06' 53.00'' Est, 42° 06' 34.00'' Nord";"2A040";"COL DE VIZZAVONA";;"20136";"BOCOGNANO";"Pylône autostable"; 31.0;"TDF"
533489;8.79944;41.98778;"08° 47' 58.00'' Est, 41° 59' 16.00'' Nord";"2A001";"CASA MARTINO";"MONTÉE DU STADE TERRAIN DE SPORT";"20167";"AFA";"Pylône tubulaire"; 18.0;"SFR"
534979;8.76833;41.76778;"08° 46' 06.00'' Est, 41° 46' 04.00'' Nord";"2A098";"BOCCA DI CIALONE";;"20138";"COTI-CHIAVARI";"Pylône autostable"; 55.0;"Towercast"
536930;9.05056;42.08444;"09° 03' 02.00'' Est, 42° 05' 04.00'' Nord";"2A040";;"RTE DU STADE PRES DU CIMETIEREET DE LA RN 193";"20136";"BOCOGNANO";"Pylône autostable"; 37.3;"TDF"
536956;9.27611;41.58722;"09° 16' 34.00'' Est, 41° 35' 14.00'' Nord";"2A247";;"R MARECHAL JUIN-IMM LE SPHINX";"20137";"PORTO-VECCHIO";"Immeuble"; 23.0;"Copropriété, Syndic, SCI"
545920;8.90722;42.07222;"08° 54' 26.00'' Est, 42° 04' 20.00'' Nord";"2A345";"BOCCA DI TARAVELLU";;"20172";"VERO";"Pylône autostable"; 44.0;"TDF"
552513;8.67667;42.11694;"08° 40' 36.00'' Est, 42° 07' 01.00'' Nord";"2A348";"LISCIA";"RES PLEIN SOLEIL";"20160";"VICO";"Pylône autostable"; 11.0;"BOUYGUES"
557590;9.39528;41.77806;"09° 23' 43.00'' Est, 41° 46' 41.00'' Nord";"2A269";"PANUZINA";"RN 198";"20145";"SARI-SOLENZARA";"Pylône tubulaire"; 15.0;"ORANGE Services Fixes"
559519;8.72806;41.91972;"08° 43' 41.00'' Est, 41° 55' 11.00'' Nord";"2A004";;"R ALBERT DECARIS RÉSIDENCE PLEIN CIEL";"20090";"AJACCIO";"Bâtiment"; 42.0;"Copropriété, Syndic, SCI"
562531;9.04944;42.00361;"09° 02' 58.00'' Est, 42° 00' 13.00'' Nord";"2A031";"CASTAGNETO";"ANCIEN CHEM DE BASTELICA À BOCOGNANO";"20119";"BASTELICA";"Pylône autostable"; 15.0;"ORANGE"
568284;8.82806;42.21056;"08° 49' 41.00'' Est, 42° 12' 38.00'' Nord";"2A258";"POGGIO";;"20160";"RENNO";"Bâtiment"; 30.0;"Commune, communauté de commune"
571949;8.73917;41.91917;"08° 44' 21.00'' Est, 41° 55' 09.00'' Nord";"2A004";;"PL FOCH MAIRIE";"20000";"AJACCIO";"Bâtiment"; 20.0;"Commune, communauté de commune"
573189;9.37083;41.83306;"09° 22' 15.00'' Est, 41° 49' 59.00'' Nord";"2A269";"MONTICELLO";"PYLÔNE SFR";"20145";"SARI-SOLENZARA";"Pylône autostable"; 27.0;"SFR"
573213;8.82639;42.22417;"08° 49' 35.00'' Est, 42° 13' 27.00'' Nord";"2A258";;"COL DE SEVI";"20160";"RENNO";"Pylône autostable"; 23.0;"ORANGE Services Fixes"
573220;9.31750;41.59889;"09° 19' 03.00'' Est, 41° 35' 56.00'' Nord";"2A247";"PUNTA DI A VARRA";;"20137";"PORTO-VECCHIO";"Pylône haubané"; 24.0;"Titulaire programme Radio/TV"
578230;9.27250;41.60139;"09° 16' 21.00'' Est, 41° 36' 05.00'' Nord";"2A247";;"RTE DE L'OSPELADE QUARTIER PORETTA";"20137";"PORTO-VECCHIO";"Pylône autostable"; 22.0;"Particulier"
579561;9.17889;41.37444;"09° 10' 44.00'' Est, 41° 22' 28.00'' Nord";"2A041";"SÉMAPHORE DE PERTUSATO";"PRÈS D.260";"20169";"BONIFACIO";"Pylône autostable"; 11.0;"ORANGE Services Fixes"
579851;8.89083;41.92528;"08° 53' 27.00'' Est, 41° 55' 31.00'' Nord";"2A104";;"RESERVOIR DE COTONE";"20117";"ECCICA-SUARELLA";"Château d'eau - réservoir"; 2.0;"Syndicat des eaux, Adduction"
586337;9.27889;41.63139;"09° 16' 44.00'' Est, 41° 37' 53.00'' Nord";"2A247";"PIANO";"PROCHE DU RÉSERVOIR";"20137";"PORTO-VECCHIO";"Pylône tubulaire"; 12.0;"ORANGE"
589312;8.91306;41.67583;"08° 54' 47.00'' Est, 41° 40' 33.00'' Nord";"2A249";"QUARTIER VIGNA MAÏO";"CPE";"20110";"PROPRIANO";"Pylône autostable"; 16.0;"ORANGE Services Fixes"
590337;8.96917;41.61806;"08° 58' 09.00'' Est, 41° 37' 05.00'' Nord";"2A272";"TOMBES";"COLLO - QUARTIER PALLAONE N 196";"20100";"SARTENE";"Pylône tubulaire"; 13.0;"SFR"
590757;8.76833;41.95278;"08° 46' 06.00'' Est, 41° 57' 10.00'' Nord";"2A004";"PORCELONE";"CHEM DE RANOCHIETTO PÉPINIÈRE DU BOIS FLEURI";"20000";"AJACCIO";"Pylône autostable"; 12.0;"SFR"
592323;9.16056;41.38778;"09° 09' 38.00'' Est, 41° 23' 16.00'' Nord";"2A041";;"PL GRANDVAL TDF";"20169";"BONIFACIO";"Ouvrage d'art (pont, viaduc)"; 7.0;"TDF"
595159;9.19111;41.96389;"09° 11' 28.00'' Est, 41° 57' 50.00'' Nord";"2A200";;"MAISON FORESTIERE DE ST ANTOINE";"20134";"PALNECA";"pylône arbre"; 33.0;"TDF"
599961;8.73778;41.92333;"08° 44' 16.00'' Est, 41° 55' 24.00'' Nord";"2A004";;"50 COURS NAPOLÉON";"20000";"AJACCIO";"Immeuble"; 26.0;"Copropriété, Syndic, SCI"
601322;8.91278;42.18944;"08° 54' 46.00'' Est, 42° 11' 22.00'' Nord";"2A282";;"VILLAGE ATELIER MUNICIPAL";"20125";"SOCCIA";"Bâtiment"; 10.0;"Commune, communauté de commune"
607011;8.84278;42.10444;"08° 50' 34.00'' Est, 42° 06' 16.00'' Nord";"2A144";"BIGLIANI";;"20139";"LOPIGNA";"Pylône autostable"; 12.0;"ORANGE Services Fixes"
607580;9.15028;41.94972;"09° 09' 01.00'' Est, 41° 56' 59.00'' Nord";"2A089";"CHAPELLE SANTA LUCIA";;"20134";"CIAMANNACCE";"Pylône tubulaire"; 8.0;"ORANGE Services Fixes"
609247;9.17194;41.38722;"09° 10' 19.00'' Est, 41° 23' 14.00'' Nord";"2A041";"MONTE LEONE";;"20169";"BONIFACIO";"Pylône autostable"; 18.0;"ORANGE Services Fixes"
609249;9.16056;41.57111;"09° 09' 38.00'' Est, 41° 34' 16.00'' Nord";"2A288";"BORIVOLI";;"20146";"SOTTA";"Mât"; 3.5;"ORANGE Services Fixes"
609326;9.13806;41.42333;"09° 08' 17.00'' Est, 41° 25' 24.00'' Nord";"2A041";"MONTE CORBU";;"20169";"BONIFACIO";"Pylône autostable"; 27.0;"ORANGE Services Fixes"
614444;9.03028;41.88639;"09° 01' 49.00'' Est, 41° 53' 11.00'' Nord";"2A026";"COL DE GRANACE";;"20190";"AZILONE-AMPAZA";"Pylône autostable"; 17.0;"ORANGE Services Fixes"
617721;8.77528;41.98417;"08° 46' 31.00'' Est, 41° 59' 03.00'' Nord";"2A006";;"ROUTE DE CALVI";"20167";"ALATA";"Bâtiment"; 10.0;"ORANGE Services Fixes"
617723;8.70944;41.96750;"08° 42' 34.00'' Est, 41° 58' 03.00'' Nord";"2A006";"COL DE PRUNO";;"20167";"ALATA";"Bâtiment"; 6.0;"ORANGE Services Fixes"
617725;8.76417;42.01639;"08° 45' 51.00'' Est, 42° 00' 59.00'' Nord";"2A017";"A TEPPA";;"20167";"APPIETTO";"Pylône autostable"; 9.0;"ORANGE Services Fixes"
620980;8.71167;41.92500;"08° 42' 42.00'' Est, 41° 55' 30.00'' Nord";"2A004";;"RTE DE ST ANTOINE VILLA ORCA";"20000";"AJACCIO";"Local technique"; 7.1;"SFR"
621085;9.12444;41.49778;"09° 07' 28.00'' Est, 41° 29' 52.00'' Nord";"2A114";"MUFRONE";;"20114";"FIGARI";"Pylône autostable"; 20.0;"SFR"
625782;8.90917;41.98861;"08° 54' 33.00'' Est, 41° 59' 19.00'' Nord";"2A103";"CASARIMACCIU";"HÔTEL 'SOL E MONTE'";"20167";"CUTTOLI-CORTICCHIATO";"Immeuble"; 24.0;"Particulier"
629970;9.24472;41.48278;"09° 14' 41.00'' Est, 41° 28' 58.00'' Nord";"2A041";"SUARTONE";"PRES DE LA RD158";"20169";"BONIFACIO";"Pylône autostable"; 27.0;"FPS TOWERS"
633106;9.14444;41.66861;"09° 08' 40.00'' Est, 41° 40' 07.00'' Nord";"2A061";"PIANTARELLA";"RD 59 - ORONE";"20170";"CARBINI";"Mât"; 6.1;"SFR"
633250;8.75222;41.93833;"08° 45' 08.00'' Est, 41° 56' 18.00'' Nord";"2A004";"STRETTE";"AV MARÉCHAL JUIN RÉSIDENCE-PARC AZUR IMM LE PELICAN,BAT A";"20000";"AJACCIO";"Immeuble"; 37.1;"Copropriété, Syndic, SCI"
633463;9.09694;41.71556;"09° 05' 49.00'' Est, 41° 42' 56.00'' Nord";"2A142";"CANAPALA";"RTE DU PIANU";"20170";"LEVIE";"Pylône autostable"; 15.0;"SFR"
649889;8.94389;42.16833;"08° 56' 38.00'' Est, 42° 10' 06.00'' Nord";"2A131";"GHIARGALU";;"20160";"GUAGNO";"Pylône tubulaire"; 8.0;"ORANGE Services Fixes"
650067;8.79306;42.17722;"08° 47' 35.00'' Est, 42° 10' 38.00'' Nord";"2A028";"PUNTA DI TRAGUNATU";;"20160";"BALOGNA";"Pylône tubulaire"; 40.0;"TDF"
651119;8.90833;41.66694;"08° 54' 30.00'' Est, 41° 40' 01.00'' Nord";"2A249";"TURICCIOLA";;"20110";"PROPRIANO";"Pylône autostable"; 15.0;"SFR"
651656;8.89194;42.09806;"08° 53' 31.00'' Est, 42° 05' 53.00'' Nord";"2A266";"VITRICU";;"20121";"SALICE";"Pylône autostable"; 15.0;"ORANGE Services Fixes"
654206;8.97889;41.61333;"08° 58' 44.00'' Est, 41° 36' 48.00'' Nord";"2A272";"PACONE";"RTE DE MOLA";"20100";"SARTENE";"Pylône autostable"; 17.0;"BOUYGUES"
664366;9.06583;41.69139;"09° 03' 57.00'' Est, 41° 41' 29.00'' Nord";"2A308";"MONTE PIANE MAGGIORE";"RÉEMETTEUR TDF STE LUCIE DE TALLANO";"20112";"SAINTE-LUCIE-DE-TALLANO";"Pylône autostable"; 24.0;"TDF"
666457;8.78806;41.95222;"08° 47' 17.00'' Est, 41° 57' 08.00'' Nord";"2A271";"MEZZAVIA";"PERNICAGGIO GARAGE  RN 194";"20167";"SARROLA-CARCOPINO";"Pylône autostable"; 16.0;"ORANGE"
666487;9.16111;41.57139;"09° 09' 40.00'' Est, 41° 34' 17.00'' Nord";"2A288";"TOMASCIO";;"20146";"SOTTA";"Pylône autostable"; 12.0;"FPS TOWERS"
671234;9.19778;41.37917;"09° 11' 52.00'' Est, 41° 22' 45.00'' Nord";"2A041";"GALLO";"COMPO LONGO RD 260";"20169";"BONIFACIO";"Pylône autostable"; 15.0;"SFR"
672397;8.90222;42.18028;"08° 54' 08.00'' Est, 42° 10' 49.00'' Nord";"2A282";"LIMITE POGGIOLLO";"CD 123";"20125";"SOCCIA";"Pylône autostable"; 12.0;"ORANGE Services Fixes"
672399;8.85972;42.17611;"08° 51' 35.00'' Est, 42° 10' 34.00'' Nord";"2A174";"BOCCA DI SORRU";;"20160";"MURZO";"Pylône autostable"; 10.0;"ORANGE Services Fixes"
673939;9.19194;41.65167;"09° 11' 31.00'' Est, 41° 39' 06.00'' Nord";"2A247";"CHIARELLA";;"20137";"PORTO-VECCHIO";"Pylône tubulaire"; 25.0;"SFR"
674287;9.31778;41.56028;"09° 19' 04.00'' Est, 41° 33' 37.00'' Nord";"2A247";"CUNCACCIA";"RTE DE PALOMBAGGIA";"20137";"PORTO-VECCHIO";"Bâtiment"; 7.0;"Particulier"
674868;9.25028;41.48444;"09° 15' 01.00'' Est, 41° 29' 04.00'' Nord";"2A041";"CRÊTE DE L'ARGENTALE";"RÉSERVOIR SUARTONE";"20169";"BONIFACIO";"Pylône autostable"; 15.0;"Particulier"
685554;8.67694;42.11722;"08° 40' 37.00'' Est, 42° 07' 02.00'' Nord";"2A348";"LISCIA";;"20160";"VICO";"Bâtiment"; 9.0;"SFR"
685778;8.74472;42.25778;"08° 44' 41.00'' Est, 42° 15' 28.00'' Nord";"2A198";"CAPO SOTTANO";"D.124";"20150";"OTA";"Monument religieux"; 22.8;"Commune, communauté de commune"
686541;9.22389;41.47139;"09° 13' 26.00'' Est, 41° 28' 17.00'' Nord";"2A041";;"AMNESIA RN 198 DISCOTHÈQUE";"20169";"BONIFACIO";"Pylône autostable"; 12.0;"Copropriété, Syndic, SCI"
687275;8.75194;42.02833;"08° 45' 07.00'' Est, 42° 01' 42.00'' Nord";"2A048";"MARIJANCA";;"20111";"CALCATOGGIO";"Pylône autostable"; 12.0;"SFR"
687887;9.21444;41.43222;"09° 12' 52.00'' Est, 41° 25' 56.00'' Nord";"2A041";"L'INSETUNI";;"20169";"BONIFACIO";"Immeuble"; 7.0;"Société Privée SA"
688872;8.96111;41.96694;"08° 57' 40.00'' Est, 41° 58' 01.00'' Nord";"2A326";"BOCCA DEL MERCUJO";;"20117";"TOLLA";"Mât"; 10.5;"FPS TOWERS"
694105;8.71389;41.96861;"08° 42' 50.00'' Est, 41° 58' 07.00'' Nord";"2A006";"MARCHESI -";"PRÉS D261";"20167";"ALATA";"Pylône tubulaire"; 12.0;"ORANGE"
695543;8.68806;41.97417;"08° 41' 17.00'' Est, 41° 58' 27.00'' Nord";"2A006";"L'ESCAJOLA";;"20167";"ALATA";"Pylône autostable"; 20.0;"SFR"
697700;9.22528;41.40472;"09° 13' 31.00'' Est, 41° 24' 17.00'' Nord";"2A041";"GURGAZO";"L'EPAVE";"20169";"BONIFACIO";"Pylône autostable"; 6.0;"SFR"
705872;8.73500;42.03889;"08° 44' 06.00'' Est, 42° 02' 20.00'' Nord";"2A048";"ORCINO";;"20111";"CALCATOGGIO";"Mât"; 12.0;"ORANGE"
714558;8.69639;42.26917;"08° 41' 47.00'' Est, 42° 16' 09.00'' Nord";"2A198";"MARINE DE PORTO";"RD 81 PYLONE TDF";"20150";"OTA";"Pylône autostable"; 33.0;"TDF"
726494;9.15500;41.93500;"09° 09' 18.00'' Est, 41° 56' 06.00'' Nord";"2A099";"LA POSTE";;"20148";"COZZANO";"Bâtiment"; 5.0;"Société Privée SA"
726496;9.19417;42.02778;"09° 11' 39.00'' Est, 42° 01' 40.00'' Nord";"2A200";"COL DE VERDE";;"20134";"PALNECA";"Bâtiment"; 3.0;"Particulier"
740058;8.72917;41.91500;"08° 43' 45.00'' Est, 41° 54' 54.00'' Nord";"2A004";;"ANNEXE HOP EUGÉNIE - BD  LANTIVY";"20000";"AJACCIO";"Bâtiment"; 24.0;"Etablissement de soins"
750079;8.67722;42.11667;"08° 40' 38.00'' Est, 42° 07' 00.00'' Nord";"2A348";"LISCIA";"CHEM RURAL";"20160";"VICO";"Pylône tubulaire"; 13.0;"ORANGE"
750813;9.36333;41.66639;"09° 21' 48.00'' Est, 41° 39' 59.00'' Nord";"2A362";"POZZONE";"PRÈS D.468";"20124";"ZONZA";"Pylône autostable"; 17.0;"ORANGE"
754375;8.96417;41.83583;"08° 57' 51.00'' Est, 41° 50' 09.00'' Nord";"2A360";"PINIA";"N.196";"20190";"ZIGLIARA";"Pylône autostable"; 26.3;"ORANGE"
755035;8.89278;41.97917;"08° 53' 34.00'' Est, 41° 58' 45.00'' Nord";"2A103";"PEDI MORELLA";"STATION TDF DE CUTTOLI CORTICCHIATO";"20167";"CUTTOLI-CORTICCHIATO";"Pylône autostable"; 20.0;"TDF"
756872;8.87083;41.88000;"08° 52' 15.00'' Est, 41° 52' 48.00'' Nord";"2A008";"MONTE ROSSO";;"20128";"ALBITRECCIA";"Bâtiment"; 4.0;"Commune, communauté de commune"
756874;8.79000;42.12361;"08° 47' 24.00'' Est, 42° 07' 25.00'' Nord";"2A019";"DRAGONE";;"20160";"ARBORI";"Bâtiment"; 3.0;"Particulier"
762317;8.92556;41.67278;"08° 55' 32.00'' Est, 41° 40' 22.00'' Nord";"2A349";"SANTA-JULIA";"D. 19 - CHEM RÉSERVOIR";"20110";"VIGGIANELLO";"Pylône autostable"; 17.0;"ORANGE"
772214;8.92472;41.71194;"08° 55' 29.00'' Est, 41° 42' 43.00'' Nord";"2A189";"SAN MICHELE";"PROCHE D257";"20113";"OLMETO";"Pylône tubulaire"; 20.0;"ORANGE"
773828;8.73639;41.92056;"08° 44' 11.00'' Est, 41° 55' 14.00'' Nord";"2A004";;"R OTTAVY PL DU 24 MAI HÔTEL DES POSTES";"20000";"AJACCIO";"Immeuble"; 35.0;"La Poste"
773837;8.97750;41.62389;"08° 58' 39.00'' Est, 41° 37' 26.00'' Nord";"2A272";"LES TROIS CHAPELLES";"D.65 - VC AUTOCOMMUTATEUR - CALDEREZZA";"20100";"SARTENE";"Pylône autostable"; 21.0;"ORANGE Services Fixes"
774659;8.92750;41.59972;"08° 55' 39.00'' Est, 41° 35' 59.00'' Nord";"2A272";"CACCIABELLO";"HAMEAU DE CACCIABELLO";"20100";"SARTENE";"Pylône autostable"; 17.0;"ORANGE"
774663;9.10528;41.88833;"09° 06' 19.00'' Est, 41° 53' 18.00'' Nord";"2A359";"CAVATELLO";"STATION TDF";"20132";"ZICAVO";"Pylône autostable"; 42.0;"TDF"
774669;9.23500;41.50833;"09° 14' 06.00'' Est, 41° 30' 30.00'' Nord";"2A288";"PIETRALONGA-SALVINI";"RÉSERVOIR DE PIETRALONGA-SALVINI";"20146";"SOTTA";"Pylône autostable"; 22.6;"SFR"
774674;9.27611;41.59056;"09° 16' 34.00'' Est, 41° 35' 26.00'' Nord";"2A247";;"R JEAN NICOLI HÔTEL MISTRAL";"20137";"PORTO-VECCHIO";"Immeuble"; 19.0;"Particulier"
774683;9.28028;41.58306;"09° 16' 49.00'' Est, 41° 34' 59.00'' Nord";"2A247";;"D.758 - R DU 9 SEPTEMBRE 1943 HLM PIFANO - BÂT.G";"20137";"PORTO-VECCHIO";"Immeuble"; 16.0;"Société HLM"
774685;9.27639;41.59417;"09° 16' 35.00'' Est, 41° 35' 39.00'' Nord";"2A247";"MATONARA";"R GIUDICE DE CINARCA CLASSE III";"20137";"PORTO-VECCHIO";"Pylône autostable"; 27.0;"ORANGE Services Fixes"
774687;8.77167;41.92889;"08° 46' 18.00'' Est, 41° 55' 44.00'' Nord";"2A004";"LE RICANTO";"D.503/N.193 - RTE DE RICANTO";"20000";"AJACCIO";"Immeuble"; 14.0;"Société Privée SA"
774690;8.74583;41.93472;"08° 44' 45.00'' Est, 41° 56' 05.00'' Nord";"2A004";"LES CANNES";"RTE F. PIÉTRI RÉS. PRINCE IMPÉRIAL";"20000";"AJACCIO";"Immeuble"; 33.0;"Copropriété, Syndic, SCI"
774695;9.31722;41.63222;"09° 19' 02.00'' Est, 41° 37' 56.00'' Nord";"2A247";"PIOBBA";"D.468 L'HIPPOCAMPE";"20137";"PORTO-VECCHIO";"Pylône haubané"; 13.0;"ORANGE"
774699;8.77111;41.94861;"08° 46' 16.00'' Est, 41° 56' 55.00'' Nord";"2A004";"BOCCA DI STILETO";;"20000";"AJACCIO";"Immeuble"; 11.0;"Société Privée SA"
774701;8.78472;41.92944;"08° 47' 05.00'' Est, 41° 55' 46.00'' Nord";"2A004";;"Z.I DU VAZZIO VERS LA N 193";"20000";"AJACCIO";"Pylône autostable"; 20.0;"ORANGE"
774703;8.83667;42.02306;"08° 50' 12.00'' Est, 42° 01' 23.00'' Nord";"2A271";"QUADRU BOSCI";"INTERSECTION D1 ET D161";"20167";"SARROLA-CARCOPINO";"Pylône tubulaire"; 12.0;"ORANGE Services Fixes"
774708;8.79444;41.91972;"08° 47' 40.00'' Est, 41° 55' 11.00'' Nord";"2A004";"CAMPO DELL'ORO";"AEROPORT D'AJACCIO";"20000";"AJACCIO";"Bâtiment"; 24.0;"CCI,Ch Metiers,Port Aut,Aérop"
774712;8.73889;41.91667;"08° 44' 20.00'' Est, 41° 54' 60.00'' Nord";"2A004";;"18 BD DANIELLE CASANOVA";"20000";"AJACCIO";"Bâtiment"; 25.0;"Copropriété, Syndic, SCI"
774716;8.75528;41.93500;"08° 45' 19.00'' Est, 41° 56' 06.00'' Nord";"2A004";;"2 AV NOËL FRANCHINI RÉS EUROPA";"20000";"AJACCIO";"Immeuble"; 31.0;"Copropriété, Syndic, SCI"
775205;8.73833;41.92722;"08° 44' 18.00'' Est, 41° 55' 38.00'' Nord";"2A004";;"75, COURS NAPOLÉON";"20000";"AJACCIO";"Immeuble"; 25.0;"Copropriété, Syndic, SCI"
775252;9.27944;41.53806;"09° 16' 46.00'' Est, 41° 32' 17.00'' Nord";"2A247";;"MARINA DE SANTA GIULIA";"20137";"PORTO-VECCHIO";"Mât"; 12.0;"ORANGE"
775275;9.04278;41.76333;"09° 02' 34.00'' Est, 41° 45' 48.00'' Nord";"2A357";"BOCA DI A TANA";"STATIONTDF";"20116";"ZERUBIA";"Pylône autostable"; 24.0;"TDF"
775299;8.72611;41.91611;"08° 43' 34.00'' Est, 41° 54' 58.00'' Nord";"2A004";;"2,4,6, R DE RIVOLI RÉSIDENCE NAPOLÉON BÂT B";"20000";"AJACCIO";"Bâtiment"; 21.0;"Copropriété, Syndic, SCI"
776421;9.29556;41.54639;"09° 17' 44.00'' Est, 41° 32' 47.00'' Nord";"2A247";"BOCCA DI L'ORU";;"20137";"PORTO-VECCHIO";"Local technique"; 6.0;
776423;8.80806;41.89111;"08° 48' 29.00'' Est, 41° 53' 28.00'' Nord";"2A130";"MARINA VIVA";;"20128";"GROSSETO-PRUGNA";"Pylône autostable"; 12.0;"ORANGE Services Fixes"
776434;8.72806;41.94083;"08° 43' 41.00'' Est, 41° 56' 27.00'' Nord";"2A004";;"RTE DES MILLELI DÉLÉGATION TDF CORSE";"20000";"AJACCIO";"Bâtiment"; 17.0;"TDF"
777180;9.26528;41.36444;"09° 15' 55.00'' Est, 41° 21' 52.00'' Nord";"2A041";"ILE DE CAVALLO";"PRES RESERVOIRS  PYLONE FRANCE TELECOM";"20169";"BONIFACIO";"Pylône tubulaire"; 12.0;"ORANGE Services Fixes"
779034;8.77278;41.76917;"08° 46' 22.00'' Est, 41° 46' 09.00'' Nord";"2A098";;"PUNTA DI PINSELLI SITE FRANCE TELECOM";"20138";"COTI-CHIAVARI";"Pylône autostable"; 29.0;"ORANGE Services Fixes"
785242;8.97333;41.78556;"08° 58' 24.00'' Est, 41° 47' 08.00'' Nord";"2A211";"SANTA BARBARA";;"20140";"PETRETO-BICCHISANO";"Pylône autostable"; 20.0;"ORANGE"
788687;8.94889;41.49889;"08° 56' 56.00'' Est, 41° 29' 56.00'' Nord";"2A272";"COL DE ROCCAPINA";"RN 196  L'OASIS DU LION";"20100";"SARTENE";"Immeuble"; 14.0;"Particulier"
795487;9.05000;42.08472;"09° 03' 00.00'' Est, 42° 05' 05.00'' Nord";"2A040";"STOLLO";"TERRAIN COMMUNAL";"20136";"BOCOGNANO";"Pylône tubulaire"; 25.0;"ORANGE"
796067;9.15583;41.93278;"09° 09' 21.00'' Est, 41° 55' 58.00'' Nord";"2A099";"PETRA PINZULA";"PRÈS RÉSERVOIR";"20148";"COZZANO";"Pylône autostable"; 30.0;"Commune, communauté de commune"
810098;8.69972;41.95389;"08° 41' 59.00'' Est, 41° 57' 14.00'' Nord";"2A006";"PUNTA POZZO DI BORGO";;"20167";"ALATA";"Pylône autostable"; 42.0;"ORANGE Services Fixes"
810102;8.70083;41.95333;"08° 42' 03.00'' Est, 41° 57' 12.00'' Nord";"2A006";"PUNTA POZZO DI BORGO";;"20167";"ALATA";"Bâtiment"; 12.0;"TDF"
810104;8.70028;41.95361;"08° 42' 01.00'' Est, 41° 57' 13.00'' Nord";"2A006";"PUNTA POZZO DI BORGO";;"20167";"ALATA";"Pylône autostable"; 37.0;"ORANGE Services Fixes"
814143;8.64222;42.21722;"08° 38' 32.00'' Est, 42° 13' 02.00'' Nord";"2A212";"SAN MARTINU";"D 81";"20115";"PIANA";"Pylône autostable"; 6.6;"SFR"
821648;9.03722;41.71889;"09° 02' 14.00'' Est, 41° 43' 08.00'' Nord";"2A146";"LORETO";;"20165";"LORETO-DI-TALLANO";"Pylône tubulaire"; 10.0;"ORANGE Services Fixes"
821650;9.06222;41.70306;"09° 03' 44.00'' Est, 41° 42' 11.00'' Nord";"2A011";"GUTUPATO";"ROUTE DE STE LUCIE DE TALLANO";"20112";"ALTAGENE";"Pylône tubulaire"; 12.0;"ORANGE Services Fixes"
825390;8.73306;41.92056;"08° 43' 59.00'' Est, 41° 55' 14.00'' Nord";"2A004";;"R SYLVESTRE FRASSETO RÉSIDENCE BELVEDERE PACCOSI";"20000";"AJACCIO";"Immeuble"; 19.0;"Copropriété, Syndic, SCI"
827937;9.16306;41.38944;"09° 09' 47.00'' Est, 41° 23' 22.00'' Nord";"2A041";"GIOVASOLE";"QUAI JÉRÔME COMPARETTI HÔTEL SOLEMARE";"20169";"BONIFACIO";"Immeuble"; 20.2;"Société Privée SA"
829166;8.73056;41.92111;"08° 43' 50.00'' Est, 41° 55' 16.00'' Nord";"2A004";;"9 AV DE LA LIBERATION IMM LE BELVEDERE";"20000";"AJACCIO";"Immeuble"; 57.0;"Copropriété, Syndic, SCI"
829193;8.82639;42.22556;"08° 49' 35.00'' Est, 42° 13' 32.00'' Nord";"2A100";"COL DE SEVI";"TDF EVISA";"20126";"CRISTINACCE";"Pylône autostable"; 41.0;"TDF"
829195;9.31944;41.64222;"09° 19' 10.00'' Est, 41° 38' 32.00'' Nord";"2A247";"HAMEAU DE TORRA ARGHIOLA";"COLONNA D'ISTRIA";"20137";"PORTO-VECCHIO";"Pylône autostable"; 12.0;"FPS TOWERS"
829199;8.79111;41.83972;"08° 47' 28.00'' Est, 41° 50' 23.00'' Nord";"2A228";"CASTELLO ROSSO";"CHEM DE TAMBONU";"20166";"PIETROSELLA";"Pylône autostable"; 9.0;"FPS TOWERS"
829202;8.96750;41.68194;"08° 58' 03.00'' Est, 41° 40' 55.00'' Nord";"2A118";"PUNTA SAVAZIGLIA";;"20143";"FOZZANO";"Pylône autostable"; 45.0;"TDF"
829208;9.25667;41.52194;"09° 15' 24.00'' Est, 41° 31' 19.00'' Nord";"2A247";"DURABILE";"RTE DE BONIFACIO - SANTA GIULIA";"20137";"PORTO-VECCHIO";"Pylône tubulaire"; 21.0;"FPS TOWERS"
829589;9.22417;41.96167;"09° 13' 27.00'' Est, 41° 57' 42.00'' Nord";"2A200";"COL DU LAPARO";;"20134";"PALNECA";"Pylône autostable"; 25.0;"ORANGE Services Fixes"
830882;8.77361;41.77000;"08° 46' 25.00'' Est, 41° 46' 12.00'' Nord";"2A098";;"PUNTA DI A SAINA SITE LVMC";"20138";"COTI-CHIAVARI";"Pylône haubané"; 12.0;"Société Privée SA"
830902;8.73472;41.93889;"08° 44' 05.00'' Est, 41° 56' 20.00'' Nord";"2A004";;"ROUTE D ALATA LA CROIX D ALEXANDRE";"20000";"AJACCIO";"Mât"; 8.0;"Société Privée SA"
830914;8.88778;41.85389;"08° 53' 16.00'' Est, 41° 51' 14.00'' Nord";"2A008";;"PUNTA COZZANICCIU";"20128";"ALBITRECCIA";"Pylône autostable"; 15.0;"Société Privée SA"
832499;8.95750;41.58972;"08° 57' 27.00'' Est, 41° 35' 23.00'' Nord";"2A127";"ACQUELLA";"RÉSERVOIR DE GIUNCHETTO";"20100";"GIUNCHETO";"Pylône autostable"; 20.0;"SFR"
832727;9.31889;41.59889;"09° 19' 08.00'' Est, 41° 35' 56.00'' Nord";"2A247";"PUNTA DI A VARRA";;"20137";"PORTO-VECCHIO";"Pylône autostable"; 44.0;"Titulaire programme Radio/TV"
836883;8.72944;41.91500;"08° 43' 46.00'' Est, 41° 54' 54.00'' Nord";"2A004";;"HOSPICE EUGENIE AV PASCAL ROSSINI";"20000";"AJACCIO";"Immeuble"; 26.0;"Etablissement de soins"
838109;9.24361;41.40389;"09° 14' 37.00'' Est, 41° 24' 14.00'' Nord";"2A041";;"DOMAINE MARINA DI FIORI";"20169";"BONIFACIO";"Pylône autostable"; 10.0;"BOUYGUES"
838377;8.71472;41.93694;"08° 42' 53.00'' Est, 41° 56' 13.00'' Nord";"2A004";;"HOP PSYCHIATRIQUE CASTELLUCCIO";"20000";"AJACCIO";"Bâtiment"; 13.0;"Conseil Général"
845317;9.31861;41.59889;"09° 19' 07.00'' Est, 41° 35' 56.00'' Nord";"2A247";"PUNTA DELL A VARRA";;"20137";"PORTO-VECCHIO";"Pylône haubané"; 26.0;"Towercast"
847176;8.79139;41.93222;"08° 47' 29.00'' Est, 41° 55' 56.00'' Nord";"2A004";"CAVONE";"ZI DU VAZZIO ZI DU VAZZIO";"20090";"AJACCIO";"Pylône autostable"; 25.4;"SFR"
848800;8.73028;41.92389;"08° 43' 49.00'' Est, 41° 55' 26.00'' Nord";"2A004";"LE BELVÉDÈRE";"LE BELVEDERE USINE DE SALARIO";"20000";"AJACCIO";"Pylône autostable"; 29.0;"SFR"
848803;8.75139;41.80556;"08° 45' 05.00'' Est, 41° 48' 20.00'' Nord";"2A098";"FERACIO";"TERRAIN BOYET";"20138";"COTI-CHIAVARI";"Pylône autostable"; 12.0;"Particulier"
848816;8.75361;41.93417;"08° 45' 13.00'' Est, 41° 56' 03.00'' Nord";"2A004";;"QUARTIER ST JOSEPH COURS PRINCE IMPÉRIAL";"20000";"AJACCIO";"Bâtiment"; 8.0;"Société Privée SA"
848846;8.79222;41.86278;"08° 47' 32.00'' Est, 41° 51' 46.00'' Nord";"2A008";"COLLETA DI BERALDINO";;"20128";"ALBITRECCIA";"Pylône autostable"; 12.0;"Particulier"
848860;9.26083;41.52194;"09° 15' 39.00'' Est, 41° 31' 19.00'' Nord";"2A247";;"RN 196 RTE DE BONIFACIO ANCIENNE COOPÉRATIVE";"20137";"PORTO-VECCHIO";"Bâtiment"; 16.0;"Particulier"
848870;8.73194;41.93722;"08° 43' 55.00'' Est, 41° 56' 14.00'' Nord";"2A004";"QUARTIER DES MILELLI";"AGENCE EDF/GDF";"20000";"AJACCIO";"Pylône autostable"; 12.0;"SFR"
848874;8.70472;41.91028;"08° 42' 17.00'' Est, 41° 54' 37.00'' Nord";"2A004";"CANICCIO";"ROUTE DES SANGUINAIRES";"20000";"AJACCIO";"Pylône autostable"; 12.0;"Commune, communauté de commune"
848876;8.81000;41.89444;"08° 48' 36.00'' Est, 41° 53' 40.00'' Nord";"2A130";;"MARINA VIVA GROSSETO PRUGNA CORALIA CLUB";"20128";"GROSSETO-PRUGNA";"Château d'eau - réservoir"; 6.4;"Commune, communauté de commune"
848884;8.73944;41.92972;"08° 44' 22.00'' Est, 41° 55' 47.00'' Nord";"2A004";;"PL DE LA GARE";"20000";"AJACCIO";"Bâtiment"; 9.0;"Commune, communauté de commune"
852190;8.97917;41.78583;"08° 58' 45.00'' Est, 41° 47' 09.00'' Nord";"2A211";"VALDO DI PETRETO";;"20140";"PETRETO-BICCHISANO";"Pylône autostable"; 12.0;"ORANGE Services Fixes"
857756;8.84556;41.87694;"08° 50' 44.00'' Est, 41° 52' 37.00'' Nord";"2A130";;"ZIZOLI";"20128";"GROSSETO-PRUGNA";"Pylône autostable"; 18.0;"Particulier"
857821;8.73444;41.92306;"08° 44' 04.00'' Est, 41° 55' 23.00'' Nord";"2A004";;"27 AV DE L' IMPÉRATRICE EUGÉNIE HOP DE LA MISÉRICORDE";"20000";"AJACCIO";"Immeuble"; 40.0;"Etablissement de soins"
859322;8.76917;42.01028;"08° 46' 09.00'' Est, 42° 00' 37.00'' Nord";"2A017";;"CHAPELLE SAN CHIRGU";"20167";"APPIETTO";"Pylône autostable"; 14.0;"TDF"
862117;9.10556;41.88861;"09° 06' 20.00'' Est, 41° 53' 19.00'' Nord";"2A359";"CAVATELLA";;"20132";"ZICAVO";"Pylône autostable"; 15.0;"ORANGE Services Fixes"
862119;9.12861;41.90806;"09° 07' 43.00'' Est, 41° 54' 29.00'' Nord";"2A359";;"ROUTE DU COLLÈGE AUTOCOM";"20132";"ZICAVO";"Bâtiment"; 9.0;"ORANGE Services Fixes"
862419;9.18611;41.97194;"09° 11' 10.00'' Est, 41° 58' 19.00'' Nord";"2A200";;"PRÈS ANCIENNE MAISON CANTONNIÈRE";"20134";"PALNECA";"Pylône tubulaire"; 11.0;"Commune, communauté de commune"
868751;8.90722;42.07222;"08° 54' 26.00'' Est, 42° 04' 20.00'' Nord";"2A345";"TAVOLA";"SITE ITAS TIM";"20172";"VERO";"Pylône autostable"; 48.0;"Itas Tim"
884138;8.91389;41.72972;"08° 54' 50.00'' Est, 41° 43' 47.00'' Nord";"2A189";"MILUCCIA";;"20113";"OLMETO";"Pylône haubané"; 35.0;"ORANGE Services Fixes"
892683;9.04528;41.89250;"09° 02' 43.00'' Est, 41° 53' 33.00'' Nord";"2A358";"VAL DI LA PILA";;"20173";"ZEVACO";"Pylône autostable"; 7.0;"ORANGE Services Fixes"
905180;8.74972;42.04556;"08° 44' 59.00'' Est, 42° 02' 44.00'' Nord";"2A048";"TIUCCIA";;"20111";"CALCATOGGIO";"Pylône autostable"; 13.0;"ORANGE Services Fixes"
916977;9.37111;41.83194;"09° 22' 16.00'' Est, 41° 49' 55.00'' Nord";"2A269";"MONTICELLO";;"20145";"SARI-SOLENZARA";"Pylône haubané"; 20.0;"Société Privée SA"
918090;9.05056;41.98250;"09° 03' 02.00'' Est, 41° 58' 57.00'' Nord";"2A031";"PUNTA DI A SARRINCACCIA";;"20119";"BASTELICA";"Pylône autostable"; 15.0;"ORANGE Services Fixes"
928288;8.75000;42.12361;"08° 45' 00.00'' Est, 42° 07' 25.00'' Nord";"2A090";"COL ST SAUVEUR";;"20118";"COGGIA";"Bâtiment"; 5.0;"ORANGE Services Fixes"
928539;8.82556;42.03889;"08° 49' 32.00'' Est, 42° 02' 20.00'' Nord";"2A336";"BOCCA DO SARZOGGIU";;"20167";"VALLE-DI-MEZZANA";"Pylône autostable"; 15.0;"ORANGE Services Fixes"
930819;9.00222;41.69972;"09° 00' 08.00'' Est, 41° 41' 59.00'' Nord";"2A118";"VOLPAJOLA";"ROUTE NATIONALE 196";"20143";"FOZZANO";"Pylône tubulaire"; 11.0;"ORANGE Services Fixes"
933500;8.90944;42.18667;"08° 54' 34.00'' Est, 42° 11' 12.00'' Nord";"2A282";;"RD 123";"20125";"SOCCIA";"Mât"; 6.0;"ORANGE"
936255;8.76528;41.76833;"08° 45' 55.00'' Est, 41° 46' 06.00'' Nord";"2A098";"PUNTA DI PINCELLI";"PUNTA DI PINCELLI";"20138";"COTI-CHIAVARI";"Bâtiment"; 20.7;"TDF"
940769;8.75639;41.93083;"08° 45' 23.00'' Est, 41° 55' 51.00'' Nord";"2A004";"ASPRETTO";;"20000";"AJACCIO";"Bâtiment"; 10.0;"EDF GDF"
941226;8.96028;41.96750;"08° 57' 37.00'' Est, 41° 58' 03.00'' Nord";"2A326";"COL DE MERCUJO";;"20117";"TOLLA";"Pylône autostable"; 12.0;"ORANGE Services Fixes"
947224;8.89861;41.67444;"08° 53' 55.00'' Est, 41° 40' 28.00'' Nord";"2A249";;"11, RUE DES LAURIERS";"20110";"PROPRIANO";"Bâtiment"; 6.0;"EDF GDF"
953756;8.75361;41.93611;"08° 45' 13.00'' Est, 41° 56' 10.00'' Nord";"2A004";"FRANCE 3";"AV NOEL FRANCHINI FRANCE 3";"20090";"AJACCIO";"Bâtiment"; 15.0;"Titulaire programme Radio/TV"
959164;9.19194;41.65194;"09° 11' 31.00'' Est, 41° 39' 07.00'' Nord";"2A247";"L'OSPEDALE";;"20137";"PORTO-VECCHIO";"Pylône autostable"; 20.0;"ORANGE Services Fixes"
972572;8.79472;41.91917;"08° 47' 41.00'' Est, 41° 55' 09.00'' Nord";"2A004";;"AEROPORT AJACCIO CAMPO DEL ORO";"20090";"AJACCIO";"Bâtiment"; 9.0;"Société Privée SA"
972574;8.79417;41.91944;"08° 47' 39.00'' Est, 41° 55' 10.00'' Nord";"2A004";;"AEROPORT AJACCIO CAMPO DELL ORO LOCAL AIR FRANCE RTE N193";"20000";"AJACCIO";"Bâtiment"; 29.0;"Société Privée SA"
989154;9.06778;41.62861;"09° 04' 04.00'' Est, 41° 37' 43.00'' Nord";"2A115";;"ROUTE DE VIGNALELLA D 265";"20100";"FOCE";"Pylône autostable"; 35.4;"Conseil Général"
997086;9.18444;41.66972;"09° 11' 04.00'' Est, 41° 40' 11.00'' Nord";"2A247";"COL DE MELA";;"20167";"PORTO-VECCHIO";"Pylône autostable"; 17.0;"Société Privée SA"
1003944;8.89472;42.03194;"08° 53' 41.00'' Est, 42° 01' 55.00'' Nord";"2A323";;"SITE LVMC";"20167";"TAVACO";"Pylône autostable"; 10.0;"Société Privée SA"
1012481;9.17139;41.74861;"09° 10' 17.00'' Est, 41° 44' 55.00'' Nord";"2A362";"PUNTA DI U PINZALONE";;"20124";"ZONZA";"Bâtiment"; 15.0;"Commune, communauté de commune"
1015257;9.09639;41.71694;"09° 05' 47.00'' Est, 41° 43' 01.00'' Nord";"2A011";"SERRADU";;"20112";"ALTAGENE";"Pylône autostable"; 10.4;"BOUYGUES"
1015267;8.63556;42.32694;"08° 38' 08.00'' Est, 42° 19' 37.00'' Nord";"2A197";"BOCCA CROCE";"PRÈS RN199 COL DE LA CROIX";"20147";"OSANI";"Mât métallique"; 8.0;"BOUYGUES"
1025428;8.95028;41.61639;"08° 57' 01.00'' Est, 41° 36' 59.00'' Nord";"2A272";;"RESERVOIR DE BOCCA ALBITRINA COL ALBITRINA";"20100";"SARTENE";"Château d'eau - réservoir"; 4.0;"Société Privée SA"
1025430;8.97639;41.62194;"08° 58' 35.00'' Est, 41° 37' 19.00'' Nord";"2A272";;"RESERVOIR SARTENE VILLE";"20100";"SARTENE";"Château d'eau - réservoir"; 6.0;"Société Privée SA"
1030897;8.97694;42.13056;"08° 58' 37.00'' Est, 42° 07' 50.00'' Nord";"2A204";"SPELONCA";;"20121";"PASTRICCIOLA";"Pylône tubulaire"; 11.0;"ORANGE Services Fixes"
1039192;8.92444;42.04611;"08° 55' 28.00'' Est, 42° 02' 46.00'' Nord";"2A345";"SUARICCHIO";;"20172";"VERO";"Pylône tubulaire"; 6.0;"ORANGE Services Fixes"
1041851;9.15611;41.38750;"09° 09' 22.00'' Est, 41° 23' 15.00'' Nord";"2A041";;"R PROSPER MÉRIMÉE HÔTEL GENOVESE TERRASSE DE L'HOTEL";"20169";"BONIFACIO";"Immeuble"; 5.0;"Société Privée SA"
1047242;9.18417;41.66944;"09° 11' 03.00'' Est, 41° 40' 10.00'' Nord";"2A061";"COL DE MELA";"PYLONE TDF";"20170";"CARBINI";"Pylône autostable"; 35.0;"TDF"
1063406;8.85889;41.93167;"08° 51' 32.00'' Est, 41° 55' 54.00'' Nord";"2A032";;"RESERVOIR DE MIGUATTAJA CHATEAU D EAU RESERVOIR";"20129";"BASTELICACCIA";"Château d'eau - réservoir"; 4.0;"Syndicat des eaux, Adduction"
1084165;8.84556;41.88306;"08° 50' 44.00'' Est, 41° 52' 59.00'' Nord";"2A130";;"ZIGOLI";"20128";"GROSSETO-PRUGNA";"Pylône autostable"; 20.0;"Commune, communauté de commune"
1084712;8.76944;41.76778;"08° 46' 10.00'' Est, 41° 46' 04.00'' Nord";"2A098";"BOCCA DI CIALONE";"CORSE FM DIFFUSION";"20138";"COTI-CHIAVARI";"Pylône autostable"; 30.0;"Société Privée SA"
1183840;9.09778;41.49889;"09° 05' 52.00'' Est, 41° 29' 56.00'' Nord";"2A114";;"AEROPORT FIGARI SUD CORSE";"20114";"FIGARI";"Bâtiment"; 11.0;"CCI,Ch Metiers,Port Aut,Aérop"
1194728;9.05306;42.08000;"09° 03' 11.00'' Est, 42° 04' 48.00'' Nord";"2A040";;"GARE DE BOCOGNANO";"20136";"BOCOGNANO";"Bâtiment"; 8.0;"Commune, communauté de commune"
1194730;8.73944;41.92750;"08° 44' 22.00'' Est, 41° 55' 39.00'' Nord";"2A004";;"BL CHARLES BONAPARTE GARE";"20000";"AJACCIO";"Bâtiment"; 8.0;"Commune, communauté de commune"
1202301;9.18750;41.42500;"09° 11' 15.00'' Est, 41° 25' 30.00'' Nord";"2A041";"SPINELLA";"N198 - PARMENTILE";"20169";"BONIFACIO";"Pylône autostable"; 22.0;"EDF GDF"
1203861;9.18444;41.36750;"09° 11' 04.00'' Est, 41° 22' 03.00'' Nord";"2A041";"CAP PERTUSATO";;"20169";"BONIFACIO";"Phare"; 23.0;"Phares et balises"
1237768;9.27778;41.59083;"09° 16' 40.00'' Est, 41° 35' 27.00'' Nord";"2A247";;"5 RUE DU GENERAL LECLERC";"20137";"PORTO-VECCHIO";"Bâtiment"; 20.0;"Copropriété, Syndic, SCI"
1238020;8.70000;41.95361;"08° 41' 60.00'' Est, 41° 57' 13.00'' Nord";"2A006";"LA PUNTA  PEZZO DI BORGO";;"20167";"ALATA";"Pylône autostable"; 35.0;"Towercast"
1263411;8.76861;41.76833;"08° 46' 07.00'' Est, 41° 46' 06.00'' Nord";"2A098";"BOCCA DI CIALONE";"SITE ITAS TIM";"20138";"COTI-CHIAVARI";"Pylône autostable"; 94.0;"Itas Tim"
1284306;9.31694;41.59806;"09° 19' 01.00'' Est, 41° 35' 53.00'' Nord";"2A247";"PUNTA DI A VARRA";"SITE ITAS TIM";"20137";"PORTO-VECCHIO";"Pylône autostable"; 48.0;"Itas Tim"
1293725;9.12528;41.48778;"09° 07' 31.00'' Est, 41° 29' 16.00'' Nord";"2A114";"CRUCELLA";"CENTRAL TÉLÉPHONIQUE DE FIGARI";"20114";"FIGARI";"Pylône autostable"; 21.0;"ORANGE"
1302226;9.27361;41.58972;"09° 16' 25.00'' Est, 41° 35' 23.00'' Nord";"2A247";;"BD AGOSTINI AGENCE EDF";"20137";"PORTO-VECCHIO";"Bâtiment"; 9.0;"EDF GDF"
1303419;8.97333;41.88111;"08° 58' 24.00'' Est, 41° 52' 52.00'' Nord";"2A312";"ACQUA D ARGENTE";"VAGANI";"20190";"SANTA-MARIA-SICHE";"Bâtiment"; 5.0;"EDF GDF"
1303429;8.93528;41.94583;"08° 56' 07.00'' Est, 41° 56' 45.00'' Nord";"2A181";"RIGNOSA";"ANGIATA";"20117";"OCANA";"Bâtiment"; 6.0;"EDF GDF"
1304866;8.78417;41.81583;"08° 47' 03.00'' Est, 41° 48' 57.00'' Nord";"2A228";"PASCIALELLA";"PASCIALELLA";"20166";"PIETROSELLA";"Bâtiment"; 4.0;"EDF GDF"
1304870;8.91750;41.66194;"08° 55' 03.00'' Est, 41° 39' 43.00'' Nord";"2A249";"SUARELLA";"N196";"20110";"PROPRIANO";"Bâtiment"; 2.5;"EDF GDF"
1304897;9.26667;41.59028;"09° 16' 00.00'' Est, 41° 35' 25.00'' Nord";"2A247";"LA MATONARA";"CHEMIN DE QUENZA";"20137";"PORTO-VECCHIO";"Bâtiment"; 3.0;"EDF GDF"
1304899;9.33667;41.70000;"09° 20' 12.00'' Est, 41° 42' 00.00'' Nord";"2A362";"FIURINU";"FIORINO";"20124";"ZONZA";"Bâtiment"; 4.0;"EDF GDF"
1304904;8.70389;42.12306;"08° 42' 14.00'' Est, 42° 07' 23.00'' Nord";"2A090";"SPUGNOLU";"D70 SPUGNOLO";"20118";"COGGIA";"Bâtiment"; 8.0;"EDF GDF"
1305079;8.95917;41.96361;"08° 57' 33.00'' Est, 41° 57' 49.00'' Nord";"2A326";"ACCES A LA CENTRALE SOUTERRAIN";"D 3 ACCES A LA CENTRALE SOUTERRAINE DE TOLLA";"20117";"TOLLA";"Bâtiment"; 4.0;"EDF GDF"
1305081;8.71889;41.93167;"08° 43' 08.00'' Est, 41° 55' 54.00'' Nord";"2A004";"CASTELLUCCIO1";"D11 CHEMIN DE SAINT-ANTOINE";"20000";"AJACCIO";"Bâtiment"; 6.0;"EDF GDF"
1305086;8.73278;41.93667;"08° 43' 58.00'' Est, 41° 56' 12.00'' Nord";"2A004";"LES MIMOSAS";"D61 ROUTE D'ALATA";"20000";"AJACCIO";"Bâtiment"; 6.0;"EDF GDF"
1305099;8.80667;41.95111;"08° 48' 24.00'' Est, 41° 57' 04.00'' Nord";"2A271";"CALDANICCIA";"D72";"20167";"SARROLA-CARCOPINO";"Bâtiment"; 6.0;"EDF GDF"
1305674;8.71750;41.93167;"08° 43' 03.00'' Est, 41° 55' 54.00'' Nord";"2A004";"CASTELLUCCIO";"D 11 CHEMIN DE SAINT-ANTOINE";"20000";"AJACCIO";"Bâtiment"; 4.0;"EDF GDF"
1305678;8.80500;41.95028;"08° 48' 18.00'' Est, 41° 57' 01.00'' Nord";"2A271";"CALDANICCIA1";"D72 LES HAMEAUX DE PERNICAGGIO";"20167";"SARROLA-CARCOPINO";"Bâtiment"; 4.0;"EDF GDF"
1331662;8.70028;41.95306;"08° 42' 01.00'' Est, 41° 57' 11.00'' Nord";"2A004";"LA PUNTA";;"20000";"AJACCIO";"Bâtiment"; 5.3;"Météo"
1405513;9.07111;41.71556;"09° 04' 16.00'' Est, 41° 42' 56.00'' Nord";"2A363";"CHERCHIAJA";"CHEMIN COMMUNAL  RÉSERVOIR D'EAU";"20112";"ZOZA";"Pylône autostable"; 23.0;"Conseil Général"
1415263;8.70083;41.95333;"08° 42' 03.00'' Est, 41° 57' 12.00'' Nord";"2A006";"PUNTA POZZO DI BORGO";;"20167";"ALATA";"Pylône autostable"; 41.0;"ORANGE Services Fixes"
1421366;8.84056;41.63361;"08° 50' 26.00'' Est, 41° 38' 01.00'' Nord";"2A035";"CHIRGHINELLO";"ROUTE DE BELVEDERE-CAMPOMORO";"20110";"BELVEDERE-CAMPOMORO";"Pylône tubulaire"; 12.0;"ORANGE Services Fixes"
1422595;8.90889;41.66694;"08° 54' 32.00'' Est, 41° 40' 01.00'' Nord";"2A249";"TURICIOLA FRUSTERU";"PYLONE CORSICA TELECOM";"20110";"PROPRIANO";"Pylône autostable"; 20.0;"Société Privée SA"
1426093;8.77250;41.95139;"08° 46' 21.00'' Est, 41° 57' 05.00'' Nord";"2A004";;"RTE MEZZAVIA";"20000";"AJACCIO";"Pylône autostable"; 27.5;"BOUYGUES"
1436697;8.82028;41.95611;"08° 49' 13.00'' Est, 41° 57' 22.00'' Nord";"2A271";"COMPAGNIE DES EAUX";"PLAINE DE PÉRI BALÉONE";"20167";"SARROLA-CARCOPINO";"Mât"; 4.0;"ORANGE Services Fixes"
1440676;9.28417;41.59194;"09° 17' 03.00'' Est, 41° 35' 31.00'' Nord";"2A247";;"PORT DE PLAISANCE";"20137";"PORTO-VECCHIO";"Mât"; 12.0;"ORANGE"
1441648;8.75833;41.93528;"08° 45' 30.00'' Est, 41° 56' 07.00'' Nord";"2A004";;"RUE ANDRÉ TOURANJON";"20090";"AJACCIO";"Bâtiment"; 15.0;"Titulaire programme Radio/TV"
1448940;8.78944;41.94417;"08° 47' 22.00'' Est, 41° 56' 39.00'' Nord";"2A004";"MONTE SANT ANGELO";"CONFINA";"20000";"AJACCIO";"Bâtiment"; 5.0;"Etat, Ministère"
1463977;8.81083;41.96722;"08° 48' 39.00'' Est, 41° 58' 02.00'' Nord";"2A271";"COLOMBINA";"ROUTE DES VIGNES";"20167";"SARROLA-CARCOPINO";"Pylône autostable"; 16.0;"ORANGE"
1473115;8.77278;41.76861;"08° 46' 22.00'' Est, 41° 46' 07.00'' Nord";"2A098";;"PUNTA DI PINSELLI SITE FRANCE TELECOM";"20138";"COTI-CHIAVARI";"Pylône autostable"; 13.0;"ORANGE Services Fixes"
1478916;8.59444;41.87861;"08° 35' 40.00'' Est, 41° 52' 43.00'' Nord";"2A004";"PHARE DES SANGUINAIRES";"SÉMAPHORE";"20000";"AJACCIO";"Phare"; 19.0;"Phares et balises"
1479269;8.75389;41.93611;"08° 45' 14.00'' Est, 41° 56' 10.00'' Nord";"2A004";;"RUE DES CIGALES";"20000";"AJACCIO";"Bâtiment"; 44.2;"Copropriété, Syndic, SCI"
1486795;9.06833;41.69944;"09° 04' 06.00'' Est, 41° 41' 58.00'' Nord";"2A308";"MONTE PIANE MAGGIORE";"CASTAGNETO SANT'ANDREA";"20112";"SAINTE-LUCIE-DE-TALLANO";"Pylône autostable"; 15.0;"SFR"
1495617;9.27833;41.59250;"09° 16' 42.00'' Est, 41° 35' 33.00'' Nord";"2A247";;"5 RUE  MARECHAL LECLERC POLICE MUNICIPALE";"20137";"PORTO-VECCHIO";"Immeuble"; 10.0;"Commune, communauté de commune"
1495619;9.19417;41.65139;"09° 11' 39.00'' Est, 41° 39' 05.00'' Nord";"2A247";;"RTE DE L OSPEDALE OSPEDALE";"20137";"PORTO-VECCHIO";"Bâtiment"; 6.0;"Commune, communauté de commune"
1525151;8.74972;41.94028;"08° 44' 59.00'' Est, 41° 56' 25.00'' Nord";"2A004";;"AVENUE DU MARECHAL JUIN RES LES DAHLIAS";"20000";"AJACCIO";"Immeuble"; 50.6;"Copropriété, Syndic, SCI"
1530853;9.27861;41.59194;"09° 16' 43.00'' Est, 41° 35' 31.00'' Nord";"2A247";;"RUE DU MARÉCHAL LECLERC";"20137";"PORTO-VECCHIO";"Bâtiment"; 17.6;"Commune, communauté de commune"
1542705;8.73722;41.92111;"08° 44' 14.00'' Est, 41° 55' 16.00'' Nord";"2A004";;"COURS NAPOLEON";"20000";"AJACCIO";"Immeuble"; 27.0;"Copropriété, Syndic, SCI"
1559039;9.18472;41.66917;"09° 11' 05.00'' Est, 41° 40' 09.00'' Nord";"2A247";"COL DE MELA";;"20137";"PORTO-VECCHIO";"Pylône autostable"; 15.0;"Société Privée SA"
1559056;9.13861;41.42333;"09° 08' 19.00'' Est, 41° 25' 24.00'' Nord";"2A041";"MONT CORBU";;"20169";"BONIFACIO";"Pylône autostable"; 15.0;"Société Privée SA"
1575727;9.13861;41.42333;"09° 08' 19.00'' Est, 41° 25' 24.00'' Nord";"2A041";"MONTE CORBU";;"20169";"BONIFACIO";"Pylône autostable"; 18.0;"Titulaire programme Radio/TV"
1575730;9.13861;41.42333;"09° 08' 19.00'' Est, 41° 25' 24.00'' Nord";"2A041";"MONTE CORBU";;"20169";"BONIFACIO";"Pylône autostable"; 18.0;"EDF GDF"
1580375;8.80667;41.95083;"08° 48' 24.00'' Est, 41° 57' 03.00'' Nord";"2A271";"CALDANICCIA - MAT TUBULAIRE";"D72";"20167";"SARROLA-CARCOPINO";"Mât métallique"; 12.0;"EDF GDF"
1581813;8.89556;42.03694;"08° 53' 44.00'' Est, 42° 02' 13.00'' Nord";"2A323";"FUMINICCIA";"CHÂTEAU D'EAU";"20167";"TAVACO";"Château d'eau - réservoir"; 18.0;"Commune, communauté de commune"
1582134;8.89556;42.03694;"08° 53' 44.00'' Est, 42° 02' 13.00'' Nord";"2A323";;"RÉSERVOIR FIUMINICCIA";"20167";"TAVACO";"Pylône autostable"; 18.0;"Société Privée SA"
