Numéro du support;Longitude;Latitude;"Position";"Insee";"Lieu dit";"Adresse";"Code postal";"Commune";"Nature du support";Hauteur en m;"Propriétaire"
10576;5.45278;46.50083;"05° 27' 10.00'' Est, 46° 30' 03.00'' Nord";"39295";"SUR LES FONTAINES";"LE BOIS DE BANC";"39320";"LOISIA";"Pylône autostable"; 35.0;"ORANGE Services Fixes"
10578;5.45389;46.39139;"05° 27' 14.00'' Est, 46° 23' 29.00'' Nord";"39485";"ST MAURICE";"RUE DES MARÉCHAUX";"39320";"SAINT-JULIEN";"Pylône autostable"; 14.0;"ORANGE Services Fixes"
10588;5.57972;46.38083;"05° 34' 47.00'' Est, 46° 22' 51.00'' Nord";"39016";"LES LEZINNES";;"39240";"ARINTHOD";"Pylône autostable"; 21.0;"ORANGE Services Fixes"
10604;6.02444;46.52583;"06° 01' 28.00'' Est, 46° 31' 33.00'' Nord";"39368";"SOUS LES CARRIÈRES";"DERRIÈRE AV CHARLES DE GAULLE";"39400";"MOREZ";"Pylône autostable"; 16.0;"ORANGE Services Fixes"
10610;5.33361;46.44194;"05° 20' 01.00'' Est, 46° 26' 31.00'' Nord";"39475";"SUR CARELET";;"39160";"SAINT-AMOUR";"Pylône autostable"; 8.0;"ORANGE Services Fixes"
10612;5.40000;46.80278;"05° 24' 00.00'' Est, 46° 48' 10.00'' Nord";"39104";;"LES GRANDES RIVIERES AUTOCOMMUTATEUR";"39140";"CHAPELLE-VOLAND";"Pylône autostable"; 12.0;"ORANGE Services Fixes"
10622;6.10333;46.80250;"06° 06' 12.00'' Est, 46° 48' 09.00'' Nord";"39331";"CHAMPS DE LA FENÊTRE";;"39250";"MIGNOVILLARD";"Pylône autostable"; 15.0;"ORANGE Services Fixes"
10642;5.76639;46.35528;"05° 45' 59.00'' Est, 46° 21' 19.00'' Nord";"39339";;"R DES ÉCOLES AUTOCOMMUTATEUR";"39360";"MOLINGES";"Pylône autostable"; 10.0;"ORANGE Services Fixes"
10644;5.84722;46.28250;"05° 50' 50.00'' Est, 46° 16' 57.00'' Nord";"39413";"RUE DE L'ÉPICÉA";"CHEM DÉPARTEMENTAL N° 25";"39370";"LA PESSE";"Pylône tubulaire"; 8.0;"ORANGE Services Fixes"
10646;5.84028;46.27639;"05° 50' 25.00'' Est, 46° 16' 35.00'' Nord";"39413";"LE CERNETROU";;"39370";"LA PESSE";"Pylône autostable"; 10.0;"ORANGE Services Fixes"
10648;5.41694;46.42833;"05° 25' 01.00'' Est, 46° 25' 42.00'' Nord";"39010";"AU VILLAGE";;"39320";"ANDELOT-MORVAL";"Bâtiment"; 5.0;"ORANGE Services Fixes"
10650;5.88861;46.32694;"05° 53' 19.00'' Est, 46° 19' 37.00'' Nord";"39373";;"R DE LA MAIRIE AU GOULET D'AVAL";"39310";"LES MOUSSIERES";"Bâtiment"; 5.0;"ORANGE Services Fixes"
10652;5.88806;46.34111;"05° 53' 17.00'' Est, 46° 20' 28.00'' Nord";"39510";"TRES LES CERNOIS";"A ECULA MILLET";"39310";"SEPTMONCEL";"Pylône autostable"; 15.0;"ORANGE Services Fixes"
10654;5.88972;46.47056;"05° 53' 23.00'' Est, 46° 28' 14.00'' Nord";"39460";"R DES CRÊTES";"CD 126";"39200";"LA RIXOUSE";"Bâtiment"; 6.0;"ORANGE Services Fixes"
60173;5.47528;47.12444;"05° 28' 31.00'' Est, 47° 07' 28.00'' Nord";"39270";"SANCTUAIRE DU MONT ROLAND";;"39100";"JOUHE";"Pylône autostable"; 50.0;"Titulaire programme Radio/TV"
60175;5.57528;46.65583;"05° 34' 31.00'' Est, 46° 39' 21.00'' Nord";"39348";;"SUR LES ABREUVOIRS";"39570";"MONTAIGU";"Pylône tubulaire"; 30.0;
94228;5.66167;47.15306;"05° 39' 42.00'' Est, 47° 09' 11.00'' Nord";"39396";"LES MEZIERES";"CHÂTEAU D'EAU";"39700";"ORCHAMPS";"Château d'eau - réservoir"; 29.0;"Commune, communauté de commune"
94230;5.86056;46.39639;"05° 51' 38.00'' Est, 46° 23' 47.00'' Nord";"39478";;"12 R DE FRANCHE-COMTÉ HLM LES AVIGNONNETS";"39200";"SAINT-CLAUDE";"Immeuble"; 36.0;"Société HLM"
94266;5.68111;46.32194;"05° 40' 52.00'' Est, 46° 19' 19.00'' Nord";"39283";"HAMEAU DE RHIEN";"R DE LA GARE";"01590";"LAVANCIA-EPERCY";"Pylône autostable"; 36.0;"ORANGE"
94274;5.90972;46.85917;"05° 54' 35.00'' Est, 46° 51' 33.00'' Nord";"39009";"BOIS MONTHAUTIER&CREUX DE FER";;"39110";"ANDELOT-EN-MONTAGNE";"Pylône autostable"; 35.0;"ORANGE"
94278;5.44056;46.65222;"05° 26' 26.00'' Est, 46° 39' 08.00'' Nord";"39162";"LE CHAMP JEAN";"CHÂTEAU D'EAU";"39570";"CONDAMINE";"Château d'eau - réservoir"; 39.0;"Commune, communauté de commune"
94294;5.96000;46.38139;"05° 57' 36.00'' Est, 46° 22' 53.00'' Nord";"39274";"BRAS DE LAJOUX";;"39310";"LAJOUX";"Pylône tubulaire"; 30.0;"ORANGE"
114639;6.08861;46.73611;"06° 05' 19.00'' Est, 46° 44' 10.00'' Nord";"39237";;"EGLISE DE FRAROZ";"39250";"FRAROZ";"Monument religieux"; 30.0;"Commune, communauté de commune"
115927;5.41222;46.38222;"05° 24' 44.00'' Est, 46° 22' 56.00'' Nord";"39209";"PETITES PLAGUES";;"39320";"VAL-D'EPY";"Pylône tubulaire"; 15.0;"ORANGE Services Fixes"
153863;5.62444;47.25167;"05° 37' 28.00'' Est, 47° 15' 06.00'' Nord";"39528";;"STATION DE POMPAGE";"39290";"THERVAY";"Support non décrit"; 5.0;
153865;5.54389;47.25528;"05° 32' 38.00'' Est, 47° 15' 19.00'' Nord";"39188";;"RUE DE L'EGLISE";"39290";"DAMMARTIN-MARPAIN";"Château d'eau - réservoir"; 25.0;"Syndicat des eaux, Adduction"
153867;5.53444;47.21139;"05° 32' 04.00'' Est, 47° 12' 41.00'' Nord";"39361";;"CHATEAU D'EAU";"39290";"MONTMIREY-LE-CHATEAU";"Support non décrit"; 8.0;
182127;5.40028;47.06000;"05° 24' 01.00'' Est, 47° 03' 36.00'' Nord";"39526";;"AV DE LA REPUBLIQUE";"39500";"TAVAUX";"Support non décrit"; 16.0;
182159;5.40306;47.05472;"05° 24' 11.00'' Est, 47° 03' 17.00'' Nord";"39526";;"AV DE LA REPUBLIQUE";"39500";"TAVAUX";"Support non décrit"; 40.0;
248258;5.89833;46.60417;"05° 53' 54.00'' Est, 46° 36' 15.00'' Nord";"39131";"LES SAILLARDS";"TERRAIN DE FOOTBALL";"39150";"LA CHAUX-DU-DOMBIEF";"Pylône tubulaire"; 30.0;"ORANGE"
249839;5.90806;46.74583;"05° 54' 29.00'' Est, 46° 44' 45.00'' Nord";"39097";;"HOTEL DE VILLE";"39300";"CHAMPAGNOLE";"Mât"; 12.0;"Commune, communauté de commune"
284044;5.42611;46.37694;"05° 25' 34.00'' Est, 46° 22' 37.00'' Nord";"39485";"LA COTE";;"39320";"SAINT-JULIEN";"Pylône autostable"; 30.0;"Commune, communauté de commune"
288597;5.40861;46.42722;"05° 24' 31.00'' Est, 46° 25' 38.00'' Nord";"39010";"SUR CURY";;"39320";"ANDELOT-MORVAL";"Pylône autostable"; 35.3;"Conseil Départemental"
306006;5.45833;46.52806;"05° 27' 30.00'' Est, 46° 31' 41.00'' Nord";"39180";"AU DESSUS DES BANS";;"39270";"CRESSIA";"Pylône autostable"; 35.3;"SFR"
306008;5.54278;46.55583;"05° 32' 34.00'' Est, 46° 33' 21.00'' Nord";"39021";"LA CÔTE";;"39270";"ARTHENAS";"Pylône autostable"; 35.3;"SFR"
306012;5.50861;46.50028;"05° 30' 31.00'' Est, 46° 30' 01.00'' Nord";"39420";"LA CÔTE";"CHEM DÉPARTEMENTAL 163";"39270";"PIMORIN";"Pylône autostable"; 30.4;"HIVORY"
361285;5.90389;46.46167;"05° 54' 14.00'' Est, 46° 27' 42.00'' Nord";"39297";"MONTS DE BIENNE D'AVAL";;"39400";"LONGCHAUMOIS";"Bâtiment"; 12.0;"Particulier"
362366;6.06250;46.65417;"06° 03' 45.00'' Est, 46° 39' 15.00'' Nord";"39228";"LE BAS DE LA VILLE";;"39460";"FONCINE-LE-HAUT";"Bâtiment"; 5.0;"ORANGE Services Fixes"
374246;6.04056;46.43306;"06° 02' 26.00'' Est, 46° 25' 59.00'' Nord";"39441";"LES LOGETTES DU BOULUT";;"39400";"PREMANON";"Bâtiment"; 8.0;"Particulier"
376614;6.12278;46.52389;"06° 07' 22.00'' Est, 46° 31' 26.00'' Nord";"39059";"LES LANDES D'AVAL";"AUTOCOM";"39220";"BOIS-D'AMONT";"Bâtiment"; 7.0;"ORANGE Services Fixes"
427667;5.53639;46.68361;"05° 32' 11.00'' Est, 46° 41' 01.00'' Nord";"39362";;"895 AV PASSAQUAY";"39570";"MONTMOROT";"Immeuble"; 14.0;"Commune, communauté de commune"
442747;5.49083;46.62000;"05° 29' 27.00'' Est, 46° 37' 12.00'' Nord";"39088";"LA FAYE";"CH RURAL N°17";"39570";"CESANCEY";"Pylône autostable"; 25.0;"HIVORY"
445087;5.55083;46.67194;"05° 33' 03.00'' Est, 46° 40' 19.00'' Nord";"39300";;"R ST DESIRE L'EGLISE";"39000";"LONS-LE-SAUNIER";"Monument religieux"; 38.0;"Commune, communauté de commune"
449454;5.56667;46.79556;"05° 33' 60.00'' Est, 46° 47' 44.00'' Nord";"39310";;"CHEM DU BOIS DE VAUX PYLONE SFR";"39230";"MANTRY";"Pylône autostable"; 36.0;"HIVORY"
450621;5.92194;46.75833;"05° 55' 19.00'' Est, 46° 45' 30.00'' Nord";"39210";"MONT RIVEL";"STATION TDF DE CHAMPAGNOLE";"39300";"EQUEVILLON";"Pylône autostable"; 45.7;"TDF"
452352;6.06500;46.44611;"06° 03' 54.00'' Est, 46° 26' 46.00'' Nord";"39441";"LES TUFFES";"SITE TDF LES ROUSSES BELVÉDÈRE DES DAPPES PYLÔNE SECTION TRIANGULAIRE";"39220";"PREMANON";"Pylône autostable"; 42.0;"TDF"
452514;5.72278;46.44167;"05° 43' 22.00'' Est, 46° 26' 30.00'' Nord";"39333";"LE MONT ST CHRISTOPHE";"BOIS BANAL";"39260";"MOIRANS-EN-MONTAGNE";"Pylône autostable"; 44.0;"TDF"
452888;5.85139;46.67222;"05° 51' 05.00'' Est, 46° 40' 20.00'' Nord";"39473";"BOIS DE LA SOURDE";"R SUR LES CURTILS";"39130";"SAFFLOZ";"Pylône autostable"; 38.4;"ORANGE"
456292;5.60167;46.66694;"05° 36' 06.00'' Est, 46° 40' 01.00'' Nord";"39411";"MONT CHENEVIÈRE";"TOUR DVRN HTZ PERRIGNY";"39570";"PERRIGNY";"Pylône autostable"; 47.0;"TDF"
457426;5.77833;46.89639;"05° 46' 42.00'' Est, 46° 53' 47.00'' Nord";"39013";"L'HERMITAGE";"CHEM DES BÊTES";"39600";"ARBOIS";"Pylône autostable"; 30.0;"TDF"
457852;5.60722;46.69417;"05° 36' 26.00'' Est, 46° 41' 39.00'' Nord";"39404";"LA CHAUMETTE";"PRÉS D471";"39570";"PANNESSIERES";"Pylône autostable"; 38.0;"HIVORY"
459469;5.98583;46.36944;"05° 59' 09.00'' Est, 46° 22' 10.00'' Nord";"39274";;"TRÈS COMBE RN 436";"39310";"LAJOUX";"Pylône autostable"; 38.0;"ORANGE Services Fixes"
459578;5.58167;46.65222;"05° 34' 54.00'' Est, 46° 39' 08.00'' Nord";"39348";"LES VERNES";"RÉSERVOIR DE L'IMPP RÉSERVOIR IMPP LES VERNES";"39570";"MONTAIGU";"Pylône autostable"; 45.0;"Towercast"
459614;5.83333;46.80278;"05° 49' 60.00'' Est, 46° 48' 10.00'' Nord";"39364";"LA BOIDE";"PRÈS N.5";"39300";"MONTROND";"Pylône autostable"; 38.0;"HIVORY"
463530;5.81194;46.87306;"05° 48' 43.00'' Est, 46° 52' 23.00'' Nord";"39116";"LES MONTS DENON";"CHEM FORESTIER";"39600";"LA CHATELAINE";"Pylône autostable"; 13.6;"ATC FRANCE"
468540;5.40361;46.55000;"05° 24' 13.00'' Est, 46° 32' 60.00'' Nord";"39025";"LE MORTALIER";"STATION TDF";"39190";"AUGEA";"Pylône autostable"; 34.0;"TDF"
470226;5.93472;46.45167;"05° 56' 05.00'' Est, 46° 27' 06.00'' Nord";"39297";"LES CHAMPS DE RAISSES";;"39400";"LONGCHAUMOIS";"Pylône autostable"; 23.0;"TDF"
470376;5.59111;46.60972;"05° 35' 28.00'' Est, 46° 36' 35.00'' Nord";"39492";"LA ROCHETTE";;"39570";"SAINT-MAUR";"Pylône autostable"; 30.0;"SDIS, secours, incendie"
471498;5.99500;46.54750;"05° 59' 42.00'' Est, 46° 32' 51.00'' Nord";"39367";"LOGE A FAYET";"CHALET MAYET";"39400";"MORBIER";"Pylône autostable"; 70.0;"ORANGE Services Fixes"
473390;5.46917;47.11583;"05° 28' 09.00'' Est, 47° 06' 57.00'' Nord";"39345";"MONT ROLAND";"D 354";"39100";"MONNIERES";"Pylône autostable"; 51.0;"TDF"
475170;6.01583;46.59444;"06° 00' 57.00'' Est, 46° 35' 40.00'' Nord";"39271";"LE MONT NOIR";"RTE FORESTIERE DU MONT NOIR LE LATHET";"39150";"LAC-DES-ROUGES-TRUITES";"Pylône autostable"; 82.0;"TDF"
478454;5.56972;46.66083;"05° 34' 11.00'' Est, 46° 39' 39.00'' Nord";"39348";"SUR LA PUTIÈRE";"RTE DE VATAGNA RÉÉMETTEUR TDF";"39570";"MONTAIGU";"Pylône autostable"; 35.0;"TDF"
483667;5.96444;46.57361;"05° 57' 52.00'' Est, 46° 34' 25.00'' Nord";"39487";"LES ROCHATS";"R DU CRÊT DES PESIÈRES ZI DE LA FONTANNETTE";"39150";"SAINT-LAURENT-EN-GRANDVAUX";"Pylône autostable"; 25.0;"HIVORY"
485158;5.79972;46.34833;"05° 47' 59.00'' Est, 46° 20' 54.00'' Nord";"39478";"RANCHETTE";"SUR LA RECLIAT";"39200";"SAINT-CLAUDE";"Pylône autostable"; 35.0;"TDF"
487159;5.50611;47.13611;"05° 30' 22.00'' Est, 47° 08' 10.00'' Nord";"39030";"LE RENVERS";;"39100";"AUTHUME";"Pylône autostable"; 32.0;"BOUYGUES"
490130;5.71917;46.83722;"05° 43' 09.00'' Est, 46° 50' 14.00'' Nord";"39094";"LES CRÊTS DE CHAMOLE";"RUE DES CHAMPS VAUTIERS - PÉNITENT";"39800";"CHAMOLE";"Pylône autostable"; 25.0;"TDF"
499340;6.03056;46.54500;"06° 01' 50.00'' Est, 46° 32' 42.00'' Nord";"39367";"ROCHE DES 3 COMMÈRES";"STATION TDF";"39400";"MORBIER";"Pylône autostable"; 41.0;"TDF"
499818;5.83806;46.38889;"05° 50' 17.00'' Est, 46° 23' 20.00'' Nord";"39032";"SUR LES BOUTONNIÈRES";;"39200";"AVIGNON-LES-SAINT-CLAUDE";"Pylône autostable"; 35.0;"TDF"
501173;5.86611;46.37278;"05° 51' 58.00'' Est, 46° 22' 22.00'' Nord";"39560";"LE MARTINET";"CHEM RURAL DU MARAIS AU RELAIS";"39200";"VILLARD-SAINT-SAUVEUR";"Pylône autostable"; 37.0;"TDF"
501458;5.87389;46.42556;"05° 52' 26.00'' Est, 46° 25' 32.00'' Nord";"39478";"LES CÔTES DE BIENNES";"CINQUENTRAL";"39200";"SAINT-CLAUDE";"Pylône autostable"; 25.0;"Towercast"
503963;6.02472;46.52250;"06° 01' 29.00'' Est, 46° 31' 21.00'' Nord";"39368";;"SUR LE PUITS";"39400";"MOREZ";"Pylône autostable"; 24.0;"TDF"
504305;5.87333;46.42556;"05° 52' 24.00'' Est, 46° 25' 32.00'' Nord";"39478";"CINQUÉTRAL";"HAMEAU DES VEYNES";"39200";"SAINT-CLAUDE";"Pylône autostable"; 30.0;"TDF"
506047;5.55417;46.93639;"05° 33' 15.00'' Est, 46° 56' 11.00'' Nord";"39570";"BOIS DES ESSARTS";"AUTOROUTE A39";"39120";"VILLERS-LES-BOIS";"Pylône autostable"; 40.0;"Sociétés d'Autoroutes"
506136;5.82000;46.46833;"05° 49' 12.00'' Est, 46° 28' 06.00'' Nord";"39293";"LES GRANDES CORDES";"BOIS DE LA SOURDE - FONTANETTE PYLÔNE TDF";"39170";"LESCHERES";"Pylône autostable"; 40.0;"TDF"
506141;5.49972;46.38972;"05° 29' 59.00'' Est, 46° 23' 23.00'' Nord";"39273";"SUR ZAMUR";;"39320";"LAINS";"Pylône autostable"; 45.0;"TDF"
506349;6.07167;46.43056;"06° 04' 18.00'' Est, 46° 25' 50.00'' Nord";"39441";"LE TABANOZ";"CHEM DU BOSSATON PRÉS D313";"39220";"PREMANON";"Pylône autostable"; 30.0;"HIVORY"
507545;5.88667;46.97222;"05° 53' 12.00'' Est, 46° 58' 20.00'' Nord";"39495";"MONT POUPET";"LE SIGNAL";"39110";"SAINT-THIEBAUD";"Pylône autostable"; 41.0;"ORANGE Services Fixes"
508893;5.49583;46.29250;"05° 29' 45.00'' Est, 46° 17' 33.00'' Nord";"39018";"AUX CHAMPS ROUGES";"ZONE ARTISANALE D'AROMAS";"39240";"AROMAS";"Pylône autostable"; 30.0;"Conseil Départemental"
508902;6.07861;46.77917;"06° 04' 43.00'' Est, 46° 46' 45.00'' Nord";"39331";"AUX ETARPOIS";"RESERVOIR D'ESSAVILLY";"39250";"MIGNOVILLARD";"Pylône autostable"; 36.0;"Conseil Départemental"
512414;6.03528;46.49583;"06° 02' 07.00'' Est, 46° 29' 45.00'' Nord";"39470";"MONTÉE DE GOULAND";"D.335";"39220";"LES ROUSSES";"pylône arbre"; 35.8;"ORANGE"
517184;5.79917;46.95750;"05° 47' 57.00'' Est, 46° 57' 27.00'' Nord";"39006";"LE BELU";;"39110";"AIGLEPIERRE";"Pylône autostable"; 44.0;"TDF"
520013;5.72694;46.68333;"05° 43' 37.00'' Est, 46° 40' 60.00'' Nord";"39122";"BOIS DE LA CÔTE DE L'HEUTE";;"39130";"CHATILLON";"Pylône autostable"; 55.0;"TDF"
522665;5.45833;46.66417;"05° 27' 30.00'' Est, 46° 39' 51.00'' Nord";"39171";;"ROUTE DE NILLY";"39570";"COURLAOUX";"Mât"; 12.0;"Société Privée SA"
522673;5.34417;46.93861;"05° 20' 39.00'' Est, 46° 56' 19.00'' Nord";"39415";;"R DES LOUVIÈRES";"39120";"PETIT-NOIR";"Mât métallique"; 20.0;"Société Privée SA"
522677;5.94278;46.45500;"05° 56' 34.00'' Est, 46° 27' 18.00'' Nord";"39297";"LES TAVAILLONNETTES";;"39400";"LONGCHAUMOIS";"Mât"; 12.0;"Société Privée SA"
522681;5.56417;46.39917;"05° 33' 51.00'' Est, 46° 23' 57.00'' Nord";"39016";"LA PALETTE";"RD 109 ROUTE DE LONS LE SAUNIER";"39240";"ARINTHOD";"Mât"; 8.0;"Société Privée SA"
522683;5.45361;46.39083;"05° 27' 13.00'' Est, 46° 23' 27.00'' Nord";"39485";"ST MAURICE";"R DES MARÉCHAUX";"39320";"SAINT-JULIEN";"Mât"; 12.0;"Société Privée SA"
522685;5.93028;46.84806;"05° 55' 49.00'' Est, 46° 50' 53.00'' Nord";"39009";;"R DES MARAIS";"39110";"ANDELOT-EN-MONTAGNE";"Mât métallique"; 12.0;"Société Privée SA"
522687;6.04472;46.77833;"06° 02' 41.00'' Est, 46° 46' 42.00'' Nord";"39391";;"R DU FAUBOURG RD 35";"39250";"NOZEROY";"Mât métallique"; 12.0;"Société Privée SA"
522693;5.63889;47.02611;"05° 38' 20.00'' Est, 47° 01' 34.00'' Nord";"39350";;"R DU CHÂTEAU D'EAU";"39380";"MONTBARREY";"Mât"; 12.0;"Société Privée SA"
522695;6.12278;46.52361;"06° 07' 22.00'' Est, 46° 31' 25.00'' Nord";"39059";"LES LANDES D'AVAL";"R DE L'AUVERGNE";"39220";"BOIS-D'AMONT";"Mât"; 8.0;"Société Privée SA"
522703;5.92833;46.45944;"05° 55' 42.00'' Est, 46° 27' 34.00'' Nord";"39297";;"R LACUZON";"39400";"LONGCHAUMOIS";"Mât métallique"; 10.0;"Société Privée SA"
522707;5.47167;46.84361;"05° 28' 18.00'' Est, 46° 50' 37.00'' Nord";"39124";"CHAMP DE MARS";"RD 211";"39230";"CHAUMERGY";"Mât métallique"; 20.0;"Société Privée SA"
522723;6.04222;46.45972;"06° 02' 32.00'' Est, 46° 27' 35.00'' Nord";"39441";"LE JOUX DESSUS";"RD 25";"39220";"PREMANON";"Bâtiment"; 5.0;"Commune, communauté de commune"
522729;5.97806;46.73417;"05° 58' 41.00'' Est, 46° 44' 03.00'' Nord";"39517";;"R DE L'AIN";"39300";"SIROD";"Mât"; 12.0;"Société Privée SA"
522733;5.72500;46.42667;"05° 43' 30.00'' Est, 46° 25' 36.00'' Nord";"39333";;"AV JEAN JAURÈS";"39260";"MOIRANS-EN-MONTAGNE";"Mât métallique"; 8.0;"Société Privée SA"
522880;5.70861;47.18389;"05° 42' 31.00'' Est, 47° 11' 02.00'' Nord";"39246";"PÉAGE DE GENDREY";"A36";"39350";"GENDREY";"Pylône autostable"; 43.0;"Sociétés d'Autoroutes"
522890;5.92639;46.36306;"05° 55' 35.00'' Est, 46° 21' 47.00'' Nord";"39510";"BÉVY";;"39310";"SEPTMONCEL";"Pylône autostable"; 40.0;"TDF"
524426;6.06444;46.44611;"06° 03' 52.00'' Est, 46° 26' 46.00'' Nord";"39441";"LES TUFFES";"PYLONE SECTION CARREE";"39220";"PREMANON";"Pylône autostable"; 40.0;"TDF"
524432;5.58222;46.65167;"05° 34' 56.00'' Est, 46° 39' 06.00'' Nord";"39348";"SUR LES BAUMES";"SUR LES MONTS";"39570";"MONTAIGU";"Pylône autostable"; 38.0;"TDF"
529988;5.48139;46.70861;"05° 28' 53.00'' Est, 46° 42' 31.00'' Nord";"39471";"LE GRAVIER";"A39 POINT KILOMÉTRIQUE 86.990";"39140";"RUFFEY-SUR-SEILLE";"Pylône autostable"; 40.0;"Sociétés d'Autoroutes"
530827;5.42167;46.66722;"05° 25' 18.00'' Est, 46° 40' 02.00'' Nord";"39171";"CHAMPS POLY";"PÉAGE A39 CTRE D'ENTRETIEN SAPRR";"39570";"COURLAOUX";"Pylône autostable"; 50.0;"Sociétés d'Autoroutes"
532814;5.82889;46.35778;"05° 49' 44.00'' Est, 46° 21' 28.00'' Nord";"39560";"FORÊT DU MONT";"STATION HERTZIENNE FRANCE TELECOM";"39200";"VILLARD-SAINT-SAUVEUR";"Pylône autostable"; 57.0;"ORANGE Services Fixes"
534067;5.57139;46.67833;"05° 34' 17.00'' Est, 46° 40' 42.00'' Nord";"39300";;"460 AV D'OFFENBOURG";"39000";"LONS-LE-SAUNIER";"Immeuble"; 38.3;"Société HLM"
538395;5.40917;47.04417;"05° 24' 33.00'' Est, 47° 02' 39.00'' Nord";"39526";;"RUE BOUDIER";"39500";"TAVAUX";"Château d'eau - réservoir"; 46.3;"Syndicat des eaux, Adduction"
541523;5.70000;46.32111;"05° 42' 00.00'' Est, 46° 19' 16.00'' Nord";"39579";"HAMEAU DES SIÈGES";"PYLÔNE TDF";"39360";"VIRY";"Pylône autostable"; 30.5;"TDF"
543343;5.58028;47.14639;"05° 34' 49.00'' Est, 47° 08' 47.00'' Nord";"39024";;"AIRE DE SERVICE DE DOLE-AUDELANGE A 36";"39700";"AUDELANGE";"Pylône autostable"; 41.0;"Sociétés d'Autoroutes"
543889;6.04306;46.67167;"06° 02' 35.00'' Est, 46° 40' 18.00'' Nord";"39228";"LE BULAY";"BOIS-DU-CROZ";"39460";"FONCINE-LE-HAUT";"Pylône haubané"; 133.0;"TDF"
543917;5.55694;46.84500;"05° 33' 25.00'' Est, 46° 50' 42.00'' Nord";"39110";"CHAMPS DEVANT";"PRÈS D.475E CHÂTEAU D'EAU";"39230";"LA CHARME";"Château d'eau - réservoir"; 39.0;"TDF"
544039;5.51083;46.97444;"05° 30' 39.00'' Est, 46° 58' 28.00'' Nord";"39571";"BOIS DE VILLERS ROBERT";"A39 PK 312,27";"39120";"VILLERS-ROBERT";"Pylône autostable"; 60.0;"Sociétés d'Autoroutes"
548277;5.46389;46.69583;"05° 27' 50.00'' Est, 46° 41' 45.00'' Nord";"39229";"LES FOULLETONS";;"39140";"FONTAINEBRUX";"Pylône autostable"; 47.3;"ATC FRANCE"
549858;5.50528;47.08139;"05° 30' 19.00'' Est, 47° 04' 53.00'' Nord";"39198";"LA BÉDUGUE";"R DU BIZARD-CHATEAU D'EAU";"39100";"DOLE";"Château d'eau - réservoir"; 20.0;"Commune, communauté de commune"
553259;5.49528;47.11000;"05° 29' 43.00'' Est, 47° 06' 36.00'' Nord";"39198";"BABYLONE";"R JACQUARD ZA DU DÉFOIS";"39100";"DOLE";"Pylône tubulaire"; 26.5;"TDF"
555068;6.02194;46.51750;"06° 01' 19.00'' Est, 46° 31' 03.00'' Nord";"39368";;"2, R LOUIS GRANDCHAVIN";"39400";"MOREZ";"Pylône tubulaire"; 15.0;"ORANGE"
555322;5.85444;46.28917;"05° 51' 16.00'' Est, 46° 17' 21.00'' Nord";"39413";"SUR LE REPLAT";;"39370";"LA PESSE";"Mât métallique"; 6.0;"ORANGE"
559319;5.76778;47.14528;"05° 46' 04.00'' Est, 47° 08' 43.00'' Nord";"39172";"FRAISANS";"FORÊT DE CHAUX CHATEAU D'EAU";"39700";"COURTEFONTAINE";"Château d'eau - réservoir"; 47.0;"Commune, communauté de commune"
559887;5.52444;46.77361;"05° 31' 28.00'' Est, 46° 46' 25.00'' Nord";"39017";"GRAND BOIS D'AMONT";"CHEM D'EXPLOITATION 7 A 39 AIRE DE SERVICE DU JURA";"39140";"ARLAY";"Pylône autostable"; 33.0;"ORANGE"
560245;5.49528;47.00694;"05° 29' 43.00'' Est, 47° 00' 25.00'' Nord";"39448";"L'AS DE PIQUE";"D.46 - RTE DE CHAUSSIN";"39120";"RAHON";"Pylône autostable"; 40.6;"ORANGE"
561938;5.87111;46.94167;"05° 52' 16.00'' Est, 46° 56' 30.00'' Nord";"39500";"FORT ST-ANDRÉ";"CHAPELLE";"39110";"SALINS-LES-BAINS";"Monument religieux"; 21.0;"Etat, Ministère"
563433;5.53417;46.28472;"05° 32' 03.00'' Est, 46° 17' 05.00'' Nord";"39166";"TURGON AU TUFFE";;"39240";"CORNOD";"Pylône autostable"; 35.0;"TDF"
564029;5.97833;46.73861;"05° 58' 42.00'' Est, 46° 44' 19.00'' Nord";"39292";;"R NAEGE";"39300";"LENT";"Mât métallique"; 18.0;"Société Privée SA"
567460;5.61111;46.97583;"05° 36' 40.00'' Est, 46° 58' 33.00'' Nord";"39546";"LE CLOS";"VOIE COMMUNALE";"39380";"VAUDREY";"Château d'eau - réservoir"; 32.0;"Syndicat des eaux, Adduction"
569572;5.74917;46.37917;"05° 44' 57.00'' Est, 46° 22' 45.00'' Nord";"39286";"SUR CHAMBLAY";"CHEM DES CARTONNERIES";"39170";"LAVANS-LES-SAINT-CLAUDE";"Pylône autostable"; 33.0;"HIVORY"
570447;5.90611;46.31333;"05° 54' 22.00'' Est, 46° 18' 48.00'' Nord";"39046";"LES GROSSES COUPES";"VC2 DITE DE BORNEVAL";"39310";"BELLECOMBE";"Pylône autostable"; 28.0;"ATC FRANCE"
570457;5.42056;46.50222;"05° 25' 14.00'' Est, 46° 30' 08.00'' Nord";"39142";;"GRANDS CHAMPS DE LA GUERRE TOUR TDF";"39190";"CHEVREAUX";"Tour hertzienne"; 50.0;"TDF"
573897;6.03028;46.65500;"06° 01' 49.00'' Est, 46° 39' 18.00'' Nord";"39228";"PATURE DES RUINES";"PYLÔNE TDF";"39460";"FONCINE-LE-HAUT";"Pylône autostable"; 29.0;"TDF"
582544;5.91056;46.74667;"05° 54' 38.00'' Est, 46° 44' 48.00'' Nord";"39097";;"ALLÉE GABRIEL RIPOTOT CENTRAL TÉLÉPHONIQUE";"39300";"CHAMPAGNOLE";"Pylône autostable"; 27.0;"ORANGE Services Fixes"
585135;5.57917;46.75583;"05° 34' 45.00'' Est, 46° 45' 21.00'' Nord";"39582";"LE BOIS VERNOIS";"CHEM RURAL DES BASSES USINE V33";"39210";"VOITEUR";"Pylône tubulaire"; 20.0;"ORANGE"
587113;6.05417;46.50528;"06° 03' 15.00'' Est, 46° 30' 19.00'' Nord";"39470";"GROS CRETET";"ROUTE DU GROS CRÉTET";"39220";"LES ROUSSES";"Pylône autostable"; 41.0;"Etat, Ministère"
588111;5.81083;47.03556;"05° 48' 39.00'' Est, 47° 02' 08.00'' Nord";"39095";"MONTAIN";;"39600";"CHAMPAGNE-SUR-LOUE";"Pylône autostable"; 31.0;"TDF"
597093;5.87306;46.51444;"05° 52' 23.00'' Est, 46° 30' 52.00'' Nord";"39258";"LES FAIVRES";;"39150";"GRANDE-RIVIERE";"Pylône autostable"; 30.0;"ORANGE Services Fixes"
600271;5.44694;47.06528;"05° 26' 49.00'' Est, 47° 03' 55.00'' Nord";"39150";"LES SABLONNIÈRES";"A39 CENTRE D'ENTRETIEN";"39100";"CHOISEY";"Pylône autostable"; 55.0;"Sociétés d'Autoroutes"
601075;5.75861;46.57000;"05° 45' 31.00'' Est, 46° 34' 12.00'' Nord";"39154";"SUR ST ROCH";"D.145 - PRÈS RÉSERVOIR";"39130";"CLAIRVAUX-LES-LACS";"Pylône autostable"; 43.0;"TDF"
602167;5.92222;46.75806;"05° 55' 20.00'' Est, 46° 45' 29.00'' Nord";"39210";"MONT RIVEL";;"39300";"EQUEVILLON";"Pylône haubané"; 20.0;"Titulaire programme Radio/TV"
605951;5.93972;46.65861;"05° 56' 23.00'' Est, 46° 39' 31.00'' Nord";"39129";"LES BELETTES";"PONT DE LA CHAUX RTE DE CHATELNEUF";"39150";"CHAUX-DES-CROTENAY";"Château d'eau - réservoir"; 38.7;"Commune, communauté de commune"
606260;5.47639;47.09000;"05° 28' 35.00'' Est, 47° 05' 24.00'' Nord";"39198";"LES HAUTS DE PLUMONT";"AV. A. BOULLOCHE LE RENVERS";"39100";"DOLE";"Pylône autostable"; 35.0;"TDF"
609900;5.47417;47.08750;"05° 28' 27.00'' Est, 47° 05' 15.00'' Nord";"39198";"LES HAUTS DE PLUMONT";"35 AV A. BOULLOCHE";"39100";"DOLE";"Château d'eau - réservoir"; 31.0;"Syndicat des eaux, Adduction"
614513;5.50778;46.93306;"05° 30' 28.00'' Est, 46° 55' 59.00'' Nord";"39525";"CHÂTEAU D'EAU";"CD N° 475 N DÉCOUVERTE DE LA RTE";"39120";"TASSENIERES";"Château d'eau - réservoir"; 42.0;"Syndicat des eaux, Adduction"
617348;5.58028;46.59139;"05° 34' 49.00'' Est, 46° 35' 29.00'' Nord";"39007";"SUR L'AUGE";;"39270";"ALIEZE";"Pylône autostable"; 36.9;"HIVORY"
619802;5.44556;46.74861;"05° 26' 44.00'' Est, 46° 44' 55.00'' Nord";"39056";"EN BOUTERNE";"R DES DRS DESBIEZ";"39140";"BLETTERANS";"Château d'eau - réservoir"; 36.0;"Commune, communauté de commune"
622057;5.61361;46.74806;"05° 36' 49.00'' Est, 46° 44' 53.00'' Nord";"39582";"CHAMP LOUVENT";"CHEM RURAL DU CHÂTEAU D'EAU BOIS DU CHARRAY";"39210";"VOITEUR";"Pylône autostable"; 29.0;"ORANGE"
623024;5.50000;46.38972;"05° 30' 00.00'' Est, 46° 23' 23.00'' Nord";"39273";"SUR ZAMUR";"SITE ITAS TIM";"39320";"LAINS";"Pylône autostable"; 36.0;"TDF"
623058;5.79917;46.95750;"05° 47' 57.00'' Est, 46° 57' 27.00'' Nord";"39006";"LE BÉLU";;"39110";"AIGLEPIERRE";"Pylône autostable"; 36.0;"TDF"
633234;5.59806;46.51250;"05° 35' 53.00'' Est, 46° 30' 45.00'' Nord";"39397";"SUR LES VERS";"CHEM RURAL";"39270";"ORGELET";"Pylône autostable"; 33.0;"ORANGE"
644152;5.93167;46.69222;"05° 55' 54.00'' Est, 46° 41' 32.00'' Nord";"39545";"LA LIÈGE PÂTURAGE";"PRÈS N5";"39300";"LE VAUDIOUX";"Pylône autostable"; 36.0;"ORANGE"
649192;5.87583;46.93417;"05° 52' 33.00'' Est, 46° 56' 03.00'' Nord";"39500";"ST NICOLAS";"R DE L'HÔPITAL CENTRAL TÉLÉPHONIQUE";"39110";"SALINS-LES-BAINS";"Pylône autostable"; 25.0;"ORANGE"
650001;5.69972;46.32111;"05° 41' 59.00'' Est, 46° 19' 16.00'' Nord";"39579";"SIÈGES";"SITE ITAS TIM";"39360";"VIRY";"Pylône autostable"; 36.0;"TDF"
651928;5.49667;47.15528;"05° 29' 48.00'' Est, 47° 09' 19.00'' Nord";"39323";"LES JOUPRANGES";"CHEM DE LA VIERGE";"39290";"MENOTEY";"Pylône autostable"; 43.0;"Sociétés d'Autoroutes"
653175;5.66861;46.98611;"05° 40' 07.00'' Est, 46° 59' 10.00'' Nord";"39399";;"R DU BOIS BOIS DES HERBUES";"39380";"OUNANS";"Château d'eau - réservoir"; 30.0;"Syndicat des eaux, Adduction"
666068;5.35500;46.45000;"05° 21' 18.00'' Est, 46° 27' 00.00'' Nord";"39035";"LES COMTESSES";;"39160";"BALANOD";"Pylône autostable"; 34.0;"ORANGE"
670550;5.70222;46.83472;"05° 42' 08.00'' Est, 46° 50' 05.00'' Nord";"39434";"PERCHÉES DES RONDINS";"R DES PERCHÉES";"39800";"POLIGNY";"Bâtiment"; 23.0;"ORANGE Services Fixes"
686945;5.96083;46.62556;"05° 57' 39.00'' Est, 46° 37' 32.00'' Nord";"39232";"SUR LES PÖNTETS";"V COMMUNALE N°5 DU BOURG DERRIÈRE";"39150";"FORT-DU-PLASNE";"Pylône autostable"; 43.0;"HIVORY"
693749;5.47333;47.08278;"05° 28' 24.00'' Est, 47° 04' 58.00'' Nord";"39198";;"HOP LOUIS PASTEUR";"39100";"DOLE";"Bâtiment"; 45.0;"Etablissement de soins"
696050;5.47000;47.11694;"05° 28' 12.00'' Est, 47° 07' 01.00'' Nord";"39345";"COLLINE DE MONT ROLAND";"PYL FRÉQUENCE PLUS";"39100";"MONNIERES";"Pylône autostable"; 52.0;"Société Privée SA"
707888;5.56944;46.88556;"05° 34' 10.00'' Est, 46° 53' 08.00'' Nord";"39159";"LES LOUVIÈRES";"V COMMUNALE DES EPARAYERS";"39800";"COLONNE";"Château d'eau - réservoir"; 40.0;"Syndicat des eaux, Adduction"
709170;5.81944;46.29694;"05° 49' 10.00'' Est, 46° 17' 49.00'' Nord";"39068";;"R DE L'ABATTOIR";"39370";"LES BOUCHOUX";"Mât"; 10.0;"Société Privée SA"
709172;5.89500;46.39583;"05° 53' 42.00'' Est, 46° 23' 45.00'' Nord";"39478";"HAMEAU LE PONTET CHAUMONT";"CHEM DE RANDONNÉE";"39200";"SAINT-CLAUDE";"Pylône tubulaire"; 18.0;"Société Privée SA"
722583;5.59889;46.65444;"05° 35' 56.00'' Est, 46° 39' 16.00'' Nord";"39164";;"PL DU 11 JUILLET 1944";"39570";"CONLIEGE";"Monument religieux"; 35.0;"Commune, communauté de commune"
722746;5.92722;46.36333;"05° 55' 38.00'' Est, 46° 21' 48.00'' Nord";"39510";"LE BÉVY";"SITE ITAS TIM";"39310";"SEPTMONCEL";"Pylône autostable"; 36.0;"TDF"
722774;5.53333;47.19278;"05° 31' 60.00'' Est, 47° 11' 34.00'' Nord";"39335";"AUX LOUVIÈRES";"D.37 - STADE";"39290";"MOISSEY";"Pylône tubulaire"; 30.0;"ORANGE"
723374;6.13389;46.54028;"06° 08' 02.00'' Est, 46° 32' 25.00'' Nord";"39059";"LES COMBETTES";;"39220";"BOIS-D'AMONT";"Pylône autostable"; 35.0;"TDF"
726274;5.69917;46.50972;"05° 41' 57.00'' Est, 46° 30' 35.00'' Nord";"39175";"AU CREUX";;"39260";"COYRON";"Pylône tubulaire"; 24.5;"TDF"
729429;5.96639;46.57750;"05° 57' 59.00'' Est, 46° 34' 39.00'' Nord";"39487";;"N 5 VERS LES CRETS";"39150";"SAINT-LAURENT-EN-GRANDVAUX";"Pylône haubané"; 20.0;"DDE"
732337;5.54528;46.66389;"05° 32' 43.00'' Est, 46° 39' 50.00'' Nord";"39300";;"LYCÉE AGRICOLE - CÔTE MANCY";"39000";"LONS-LE-SAUNIER";"Pylône autostable"; 30.0;"TDF"
732366;5.54778;46.65000;"05° 32' 52.00'' Est, 46° 38' 60.00'' Nord";"39306";"COTE DE MANCY";"LA BARONNE";"39570";"MACORNAY";"Pylône autostable"; 41.0;"TDF"
732414;5.49389;46.59167;"05° 29' 38.00'' Est, 46° 35' 30.00'' Nord";"39576";;"CÔTE D'EN HAUT";"39190";"VINCELLES";"Pylône autostable"; 33.0;"TDF"
737098;5.89083;46.92583;"05° 53' 27.00'' Est, 46° 55' 33.00'' Nord";"39500";"DERRIÈRE LES PETOZ-EST";"D.65 - RTE DE CENSEAU STATION DES EAUX";"39110";"SALINS-LES-BAINS";"Pylône autostable"; 22.0;"TDF"
738270;5.64000;47.24250;"05° 38' 24.00'' Est, 47° 14' 33.00'' Nord";"39528";"LA GRANDE ALLÉE";"EMPRISE LGV PK 26.799";"39290";"THERVAY";"Pylône autostable"; 30.0;"SNCF Réseau"
739654;6.07556;46.44833;"06° 04' 32.00'' Est, 46° 26' 54.00'' Nord";"39470";"LA PILE DESSOUS";"RD.1005 - RTE DE TABAGNOZ PARKING - TÉLÉSKI DU BALANCIER";"39220";"LES ROUSSES";"Pylône autostable"; 24.0;"ORANGE"
740178;5.64111;47.18694;"05° 38' 28.00'' Est, 47° 11' 13.00'' Nord";"39513";"LA MERCELOTTE";"D238 LA FORÊT";"39700";"SERMANGE";"Pylône autostable"; 36.0;"ORANGE"
744889;6.04222;46.46000;"06° 02' 32.00'' Est, 46° 27' 36.00'' Nord";"39441";"LA JOUE DESSUS - LE CREUX NOIR";"D. 25";"39220";"PREMANON";"Pylône autostable"; 43.0;"ORANGE Services Fixes"
748691;5.86583;46.39722;"05° 51' 57.00'' Est, 46° 23' 50.00'' Nord";"39478";;"20 R DES ARRIVOIRS USINE HYDRAULIQUE";"39200";"SAINT-CLAUDE";"Bâtiment"; 19.0;"Copropriété, Syndic, SCI"
749720;5.55389;46.84750;"05° 33' 14.00'' Est, 46° 50' 51.00'' Nord";"39110";"CHAMPS DEVANT";"RD 475";"39230";"LA CHARME";"Pylône autostable"; 55.0;"TDF"
751646;5.48333;47.22778;"05° 29' 00.00'' Est, 47° 13' 40.00'' Nord";"39432";"BOIS DE FLAMMERANS";"EMPRISE LGV PK 14.593";"39290";"POINTRE";"Pylône autostable"; 30.0;"SNCF Réseau"
752068;5.91417;46.37333;"05° 54' 51.00'' Est, 46° 22' 24.00'' Nord";"39510";"LE GITALET";"RTE DE LA VIE NEUVE";"39310";"SEPTMONCEL";"Pylône tubulaire"; 16.0;"ORANGE Services Fixes"
753304;5.51861;47.04639;"05° 31' 07.00'' Est, 47° 02' 47.00'' Nord";"39198";"FORÊT DE CHAUX";"D7";"39100";"DOLE";"Pylône autostable"; 30.4;"ORANGE"
755577;5.55167;47.24083;"05° 33' 06.00'' Est, 47° 14' 27.00'' Nord";"39361";"CHAMP GOURI";"EMPRISE LGV P.K 19.969";"39290";"MONTMIREY-LE-CHATEAU";"Pylône autostable"; 30.0;"SNCF Réseau"
775033;5.81583;46.33417;"05° 48' 57.00'' Est, 46° 20' 03.00'' Nord";"39157";;"CHEM DE LA FORÊT DES TAPETTES";"39200";"COISERETTE";"Pylône tubulaire"; 18.0;"Société Privée SA"
779885;5.98194;46.73000;"05° 58' 55.00'' Est, 46° 43' 48.00'' Nord";"39517";;"13 R. DU STADE STÉ DIMEP";"39300";"SIROD";"Pylône autostable"; 21.0;"ORANGE"
785214;5.96750;46.74972;"05° 58' 03.00'' Est, 46° 44' 59.00'' Nord";"39292";"LES MONLAISSUTS";"CHEM DES ETARPIERS";"39300";"LENT";"Pylône autostable"; 40.0;"TDF"
785263;5.49222;47.09472;"05° 29' 32.00'' Est, 47° 05' 41.00'' Nord";"39198";;"5, AV ARISTIDE BRIAND CT";"39100";"DOLE";"Bâtiment"; 21.0;"ORANGE Services Fixes"
785265;5.55944;46.67667;"05° 33' 34.00'' Est, 46° 40' 36.00'' Nord";"39300";;"395 AV. PAUL SEGUIN RÉSIDENCE LES CÔTEAUX DE RICHEBOURG";"39000";"LONS-LE-SAUNIER";"Immeuble"; 23.0;"Société HLM"
785267;5.57694;46.67806;"05° 34' 37.00'' Est, 46° 40' 41.00'' Nord";"39300";;"R VICTOR BÉRARD";"39000";"LONS-LE-SAUNIER";"Bâtiment"; 42.0;"Commune, communauté de commune"
785275;5.49278;47.07861;"05° 29' 34.00'' Est, 47° 04' 43.00'' Nord";"39198";;"65 R DE CRISSEY USINE IDÉAL STANDARD";"39100";"DOLE";"Bâtiment"; 42.0;"Société Privée SA"
785277;5.70083;46.36583;"05° 42' 03.00'' Est, 46° 21' 57.00'' Nord";"39269";"SUR TAPET";"CHEM DE DOUVRE";"39360";"JEURRE";"Pylône autostable"; 24.0;"ORANGE"
785283;6.05944;46.48278;"06° 03' 34.00'' Est, 46° 28' 58.00'' Nord";"39470";"LE FORT DES ROUSSES";"RTE BLANCHE";"39220";"LES ROUSSES";"Mât"; 20.0;"Commune, communauté de commune"
785295;5.54194;46.67306;"05° 32' 31.00'' Est, 46° 40' 23.00'' Nord";"39300";;"70 R DES SALINES";"39000";"LONS-LE-SAUNIER";"Immeuble"; 22.0;"Particulier"
785297;5.50778;47.14306;"05° 30' 28.00'' Est, 47° 08' 35.00'' Nord";"39014";"BOIS DU MONT CHATAIN";;"39290";"ARCHELANGE";"Tour hertzienne"; 59.0;"TDF"
785302;5.57056;46.67194;"05° 34' 14.00'' Est, 46° 40' 19.00'' Nord";"39300";;"22 AV HENRI GRENAT";"39000";"LONS-LE-SAUNIER";"Immeuble"; 26.0;"Société HLM"
785304;5.52694;46.67556;"05° 31' 37.00'' Est, 46° 40' 32.00'' Nord";"39362";;"20 R LÉON ET CÉCILE MATHY COPROPRIÉTÉ LE MONT D'OR";"39570";"MONTMOROT";"Immeuble"; 19.0;"Copropriété, Syndic, SCI"
785535;5.64806;46.34806;"05° 38' 53.00'' Est, 46° 20' 53.00'' Nord";"39102";"LE BELVÉDÈRE";"CHEM DE NEZAN BOIS DE CHANAIS";"01590";"CHANCIA";"Pylône tubulaire"; 20.0;"Conseil Départemental"
785718;5.87806;46.37750;"05° 52' 41.00'' Est, 46° 22' 39.00'' Nord";"39478";"CITÉ DE SERGER";"R DE LA FONTAINE AUX OISEAUX CITÉ DE SERGER";"39200";"SAINT-CLAUDE";"Pylône autostable"; 21.0;"ORANGE"
785722;5.84806;46.37778;"05° 50' 53.00'' Est, 46° 22' 40.00'' Nord";"39478";"SOUS ST BLAISE";"D436";"39200";"SAINT-CLAUDE";"Pylône tubulaire"; 20.0;"ORANGE"
785726;5.45611;47.07139;"05° 27' 22.00'' Est, 47° 04' 17.00'' Nord";"39198";"CHS";"CHÂTEAU D'EAU DU C.H.S.";"39100";"DOLE";"Château d'eau - réservoir"; 36.0;"Syndicat des eaux, Adduction"
785730;5.49111;47.09944;"05° 29' 28.00'' Est, 47° 05' 58.00'' Nord";"39198";"BAS DES PERRIÈRES";"4 R CLAUDE LOMBARD ENCEINTE SNCF";"39100";"DOLE";"Pylône autostable"; 20.0;"SNCF Réseau"
785732;5.86278;46.39000;"05° 51' 46.00'' Est, 46° 23' 24.00'' Nord";"39478";;"8 R REYBERT";"39200";"SAINT-CLAUDE";"Immeuble"; 23.0;"ORANGE Services Fixes"
785736;5.56528;46.68528;"05° 33' 55.00'' Est, 46° 41' 07.00'' Nord";"39300";;"805 BD DE L'EUROPE";"39000";"LONS-LE-SAUNIER";"Bâtiment"; 13.0;"Société Privée SA"
785738;5.50778;47.09722;"05° 30' 28.00'' Est, 47° 05' 50.00'' Nord";"39198";;"27 R JEAN HEBERLING POLYCLINIQUE DU PARC";"39100";"DOLE";"Bâtiment"; 21.0;"Etablissement de soins"
786792;5.69222;47.19889;"05° 41' 32.00'' Est, 47° 11' 56.00'' Nord";"39246";"LA PAULE";"CHEMIN DE LA CROIX DES CHANDELIERS";"39350";"GENDREY";"Château d'eau - réservoir"; 35.0;"Syndicat des eaux, Adduction"
795586;5.87500;46.42639;"05° 52' 30.00'' Est, 46° 25' 35.00'' Nord";"39478";"VERS LE RELAIS";;"39200";"SAINT-CLAUDE";"Pylône autostable"; 28.0;"Titulaire programme Radio/TV"
796981;5.71806;46.82278;"05° 43' 05.00'' Est, 46° 49' 22.00'' Nord";"39040";"LE GRAND RESSARD";;"39800";"BARRETAINE";"Pylône autostable"; 31.0;"Titulaire programme Radio/TV"
806646;6.17028;46.76444;"06° 10' 13.00'' Est, 46° 45' 52.00'' Nord";"39331";;"CHALET DE LA BOURRE LE CHALEMET";"39250";"MIGNOVILLARD";"Bâtiment"; 10.0;"Commune, communauté de commune"
817323;5.80750;46.27111;"05° 48' 27.00'' Est, 46° 16' 16.00'' Nord";"39068";"SUR LA ROCHE";;"39370";"LES BOUCHOUX";"Pylône autostable"; 32.5;"ATC FRANCE"
851797;5.54333;46.67278;"05° 32' 36.00'' Est, 46° 40' 22.00'' Nord";"39300";;"62 B   R DES SALINES";"39000";"LONS-LE-SAUNIER";"Immeuble"; 20.7;"Copropriété, Syndic, SCI"
851799;5.58056;46.68528;"05° 34' 50.00'' Est, 46° 41' 07.00'' Nord";"39300";;"215 R RENE MAIRE";"39000";"LONS-LE-SAUNIER";"Pylône autostable"; 20.0;"Société Privée SA"
851801;5.52833;46.67389;"05° 31' 42.00'' Est, 46° 40' 26.00'' Nord";"39362";;"RÉSIDENCE LES CHENES SISE BOIS DE NANCE 5A R LEON ET CECILE MATHY";"39570";"MONTMOROT";"Immeuble"; 20.1;"Copropriété, Syndic, SCI"
853738;5.68750;47.22667;"05° 41' 15.00'' Est, 47° 13' 36.00'' Nord";"39527";"BOIS DU MONT";;"39350";"TAXENNE";"Pylône autostable"; 30.3;"ATC FRANCE"
856279;5.83889;46.46028;"05° 50' 20.00'' Est, 46° 27' 37.00'' Nord";"39293";"A LA COTE";;"39170";"LESCHERES";"Pylône autostable"; 20.0;"TDF"
856283;5.52889;46.46583;"05° 31' 44.00'' Est, 46° 27' 57.00'' Nord";"39380";"AUX RTES ET LA VIE MESSIERE";;"39270";"NANCUISE";"Pylône autostable"; 42.3;"TDF"
864615;5.66500;47.24778;"05° 39' 54.00'' Est, 47° 14' 52.00'' Nord";"39398";"COMBE D'AGRA";"RTE DE BRESILLEY - D.12";"39350";"OUGNEY";"Pylône autostable"; 30.0;"ORANGE"
865254;5.47000;47.11694;"05° 28' 12.00'' Est, 47° 07' 01.00'' Nord";"39345";"LE MONT ROLAND";;"39100";"MONNIERES";"Pylône autostable"; 50.0;"Société Privée SA"
865371;5.52250;47.23528;"05° 31' 21.00'' Est, 47° 14' 07.00'' Nord";"39361";"AUX VERNES DU BREUIL";"RTE DE MONTMIREY";"39290";"MONTMIREY-LE-CHATEAU";"Pylône autostable"; 33.0;"ORANGE"
871816;5.50056;46.62750;"05° 30' 02.00'' Est, 46° 37' 39.00'' Nord";"39088";;"VOIE COMMUNALE N°4 DIT LA ROCHETTE VERS GEVINGEY";"39570";"CESANCEY";"Mât métallique"; 18.0;"Altitude Telecom"
871832;5.53250;46.86750;"05° 31' 57.00'' Est, 46° 52' 03.00'' Nord";"39136";;"R DE L'ECOLE";"39230";"CHEMENOT";"Mât"; 20.0;"Altitude Telecom"
871862;5.68500;47.25306;"05° 41' 06.00'' Est, 47° 15' 11.00'' Nord";"39581";"SUR L'ABÎME";"CHEM RURAL DES CHAMPS ROUGES";"39350";"VITREUX";"Pylône autostable"; 25.0;"ORANGE"
898129;5.81944;46.29722;"05° 49' 10.00'' Est, 46° 17' 50.00'' Nord";"39068";;"R DE L'ABATTOIR";"39370";"LES BOUCHOUX";"Bâtiment"; 5.0;"ORANGE Services Fixes"
901094;5.36000;46.39833;"05° 21' 36.00'' Est, 46° 23' 54.00'' Nord";"39378";"COMBE BOUREE";;"39160";"NANC-LES-SAINT-AMOUR";"Pylône autostable"; 25.0;"HIVORY"
908296;5.91556;46.75444;"05° 54' 56.00'' Est, 46° 45' 16.00'' Nord";"39097";;"R MONT RIVEL";"39300";"CHAMPAGNOLE";"Pylône autostable"; 12.0;"TDF"
910824;5.49500;47.11056;"05° 29' 42.00'' Est, 47° 06' 38.00'' Nord";"39198";;"PYLONE RTE N°218 ZI  LE LONG DE LA RN73";"39100";"DOLE";"Pylône autostable"; 30.0;"RTE"
911189;5.55944;46.67583;"05° 33' 34.00'' Est, 46° 40' 33.00'' Nord";"39300";;"325 AV PAUL SEGUIN";"39000";"LONS-LE-SAUNIER";"Bâtiment"; 22.2;"Société HLM"
912391;5.66944;46.35250;"05° 40' 10.00'' Est, 46° 21' 09.00'' Nord";"39351";"LES BARMETTES";"RÉSERVOIR DE GRAND SERVE";"39260";"MONTCUSEL";"Pylône autostable"; 30.4;"Commune, communauté de commune"
917055;5.50222;47.11028;"05° 30' 08.00'' Est, 47° 06' 37.00'' Nord";"39198";"LA CORNE AU VERJUS";"R. ALEXANDRE VIALATTE PRÈS RD.673 ZI LES EPENOTTES PYLÔNE RTE 220";"39100";"DOLE";"Pylône tubulaire"; 29.0;"RTE"
918338;5.40000;46.80278;"05° 24' 00.00'' Est, 46° 48' 10.00'' Nord";"39104";"LES RIVIÈRES";"ROUTE DE LA BRESSE";"39140";"CHAPELLE-VOLAND";"Mât métallique"; 15.0;"Société Privée SA"
918833;5.57472;46.84972;"05° 34' 29.00'' Est, 46° 50' 59.00'' Nord";"39049";"LES MORTAILLIÈRES";"A 39 BARRIERE DE PEAGE";"39800";"BERSAILLIN";"Pylône autostable"; 21.0;"Sociétés d'Autoroutes"
921130;5.43472;47.12972;"05° 26' 05.00'' Est, 47° 07' 47.00'' Nord";"39501";"AIRE DE REPOS DE SAMPANS";"A36 PR 172 1";"39100";"SAMPANS";"Pylône autostable"; 30.0;"Sociétés d'Autoroutes"
923096;5.51944;46.34000;"05° 31' 10.00'' Est, 46° 20' 24.00'' Nord";"39583";"SUR COMBE MELON";"CHEM RURAL DE MONGEFOND À VOSLES";"39240";"VOSBLES";"Pylône autostable"; 30.0;"ORANGE"
934202;5.61333;47.23722;"05° 36' 48.00'' Est, 47° 14' 14.00'' Nord";"39528";"AUX PIERRES";"CHEM RURAL DE LA VERTOYÈRE";"39290";"THERVAY";"Pylône autostable"; 25.0;"ORANGE"
940498;5.60694;46.93444;"05° 36' 25.00'' Est, 46° 56' 04.00'' Nord";"39401";"BOIS DU NAVOIS";"N5 - BORNE DES 4 SEIGNEURS";"39800";"OUSSIERES";"Pylône autostable"; 30.0;"ORANGE"
947309;5.48917;47.09222;"05° 29' 21.00'' Est, 47° 05' 32.00'' Nord";"39198";;"15 COURS GEORGES CLÉMENCEAU AGENCE D'EXPLOITATION";"39100";"DOLE";"Bâtiment"; 10.0;"EDF ou GDF"
947331;5.38500;47.02194;"05° 23' 06.00'' Est, 47° 01' 19.00'' Nord";"39099";"LA ROUTURE";"NATIONALE 73";"39500";"CHAMPDIVERS";"Bâtiment"; 5.0;"EDF ou GDF"
947374;5.60056;46.83389;"05° 36' 02.00'' Est, 46° 50' 02.00'' Nord";"39342";"DARBONNAY";"D179";"39230";"MONAY";"pylône arbre"; 10.0;"EDF ou GDF"
947412;5.87444;46.94778;"05° 52' 28.00'' Est, 46° 56' 52.00'' Nord";"39500";"FAUBOURG ST PIERRE";"R ARISTIDE BRIAND";"39110";"SALINS-LES-BAINS";"Bâtiment"; 8.0;"EDF ou GDF"
947474;5.75333;46.90083;"05° 45' 12.00'' Est, 46° 54' 03.00'' Nord";"39013";"LA MALADRERIE";;"39600";"ARBOIS";"Mât métallique"; 4.0;"EDF ou GDF"
947787;5.92028;46.73778;"05° 55' 13.00'' Est, 46° 44' 16.00'' Nord";"39097";;"AV JEAN JAURÈS";"39300";"CHAMPAGNOLE";"Bâtiment"; 10.0;"EDF ou GDF"
948715;5.42528;46.46750;"05° 25' 31.00'' Est, 46° 28' 03.00'' Nord";"39551";;"MONT CHARVET";"39160";"VERIA";"Pylône autostable"; 20.0;"EDF ou GDF"
950048;5.82861;46.38389;"05° 49' 43.00'' Est, 46° 23' 02.00'' Nord";"39478";"PLAN D'ACIER";"Z.I. PLAN D'ACIER";"39200";"SAINT-CLAUDE";"Bâtiment"; 10.0;"EDF ou GDF"
950059;5.80278;46.36611;"05° 48' 10.00'' Est, 46° 21' 58.00'' Nord";"39286";"PORTE SACHET";"D436";"39170";"LAVANS-LES-SAINT-CLAUDE";"Mât béton"; 5.0;"EDF ou GDF"
950074;5.69306;46.58000;"05° 41' 35.00'' Est, 46° 34' 48.00'' Nord";"39435";"BLAISNAY";"ROUTE DE POITTE";"39130";"PONT-DE-POITTE";"Bâtiment"; 6.0;"EDF ou GDF"
950092;5.33222;46.44000;"05° 19' 56.00'' Est, 46° 26' 24.00'' Nord";"39475";"GRAND CHENE";"D3, LE GRAND CHÊNE";"39160";"SAINT-AMOUR";"Bâtiment"; 6.0;"EDF ou GDF"
961288;5.54389;46.68639;"05° 32' 38.00'' Est, 46° 41' 11.00'' Nord";"39567";;"CHEMIN DU PARADIS LES GOURS";"39570";"VILLENEUVE-SOUS-PYMONT";"Pylône autostable"; 20.0;"EDF ou GDF"
961323;5.54389;46.67583;"05° 32' 38.00'' Est, 46° 40' 33.00'' Nord";"39300";;"90 PLACE DU MARÉCHAL JUIN AGENCE D'EXPLOITATION";"39000";"LONS-LE-SAUNIER";"Bâtiment"; 15.0;"EDF ou GDF"
974905;5.56306;46.69222;"05° 33' 47.00'' Est, 46° 41' 32.00'' Nord";"39567";"LE COQUENOT";"D70 RTE DE VOITEUR";"39570";"VILLENEUVE-SOUS-PYMONT";"Bâtiment"; 10.0;"EDF ou GDF"
976148;5.73833;46.28306;"05° 44' 18.00'' Est, 46° 16' 59.00'' Nord";"39579";"SUR LE MUR";;"39360";"VIRY";"Pylône autostable"; 32.0;"ATC FRANCE"
977053;5.81583;46.96389;"05° 48' 57.00'' Est, 46° 57' 50.00'' Nord";"39006";;"LE VIEUX MOULIN";"39110";"AIGLEPIERRE";"Pylône autostable"; 30.0;"SNCF Réseau"
982098;5.51250;47.10750;"05° 30' 45.00'' Est, 47° 06' 27.00'' Nord";"39078";;"PIERRAILLES";"39100";"BREVANS";"Pylône autostable"; 30.0;"SNCF Réseau"
982106;5.69333;47.15306;"05° 41' 36.00'' Est, 47° 09' 11.00'' Nord";"39039";;"DEVANT LA GARE RUE DES CHARMOIS";"39700";"LA BARRE";"Pylône autostable"; 25.0;"SNCF Réseau"
986535;5.39972;47.05583;"05° 23' 59.00'' Est, 47° 03' 21.00'' Nord";"39001";;"USINE SOLVAY SERVICE MP IXANS D221";"39500";"ABERGEMENT-LA-RONCE";"Bâtiment"; 10.0;"Société Privée SA"
986537;5.39944;47.05556;"05° 23' 58.00'' Est, 47° 03' 20.00'' Nord";"39001";;"USINE SOLVAY D 221";"39500";"ABERGEMENT-LA-RONCE";"Bâtiment"; 20.0;"Société Privée SA"
990725;5.46167;47.09944;"05° 27' 42.00'' Est, 47° 05' 58.00'' Nord";"39198";;"LES BASSINOTS";"39100";"DOLE";"Pylône autostable"; 30.0;"SNCF Réseau"
990727;5.79139;47.00472;"05° 47' 29.00'' Est, 47° 00' 17.00'' Nord";"39176";;"DESSUS DES TIGNOTS GAUTHIE BOIS DE VERNES";"39600";"CRAMANS";"Pylône autostable"; 30.0;"SNCF Réseau"
990729;5.60500;47.14250;"05° 36' 18.00'' Est, 47° 08' 33.00'' Nord";"39284";;"ETANG DU MOULIN ROUGE";"39700";"LAVANGEOT";"Pylône autostable"; 30.0;"SNCF Réseau"
990731;5.80083;46.97306;"05° 48' 03.00'' Est, 46° 58' 23.00'' Nord";"39370";;"LES CARRIÈRES";"39330";"MOUCHARD";"Pylône autostable"; 12.0;"SNCF Réseau"
997549;5.62778;46.80611;"05° 37' 40.00'' Est, 46° 48' 22.00'' Nord";"39407";"LES CHAUMOIS";"D 43 LES CHAUMOIS";"39230";"PASSENANS";"Pylône autostable"; 24.0;"Société Privée SA"
1016366;5.72278;46.44194;"05° 43' 22.00'' Est, 46° 26' 31.00'' Nord";"39333";"MONT ST-CHRISTOPHE";"SITE ITAS TIM";"39260";"MOIRANS-EN-MONTAGNE";"Pylône autostable"; 36.0;"TDF"
1017895;5.85444;46.28917;"05° 51' 16.00'' Est, 46° 17' 21.00'' Nord";"39413";"SUR LE REPLAT";;"39370";"LA PESSE";"Pylône tubulaire"; 14.0;"CELLNEX"
1018688;5.33278;46.44972;"05° 19' 58.00'' Est, 46° 26' 59.00'' Nord";"39475";;"LA TUILERIE";"39160";"SAINT-AMOUR";"Pylône autostable"; 30.0;"SNCF Réseau"
1035977;5.56639;47.14028;"05° 33' 59.00'' Est, 47° 08' 25.00'' Nord";"39462";;"LE BLANCHARD";"39700";"ROCHEFORT-SUR-NENON";"Pylône autostable"; 12.0;"SNCF Réseau"
1035981;5.44944;47.10917;"05° 26' 58.00'' Est, 47° 06' 33.00'' Nord";"39101";"LA CARRIÈRE";"SORTIE TUNNEL DE CHAMPVANS LES DÔLES";"39100";"CHAMPVANS";"Mât métallique"; 12.0;"SNCF Réseau"
1035983;5.45444;47.10556;"05° 27' 16.00'' Est, 47° 06' 20.00'' Nord";"39101";"AUX BARREAUX";"TUNNEL DE CHAMPVANS LES DÔLES";"39100";"CHAMPVANS";"Tunnel"; 6.0;"SNCF Réseau"
1035989;5.79861;46.97750;"05° 47' 55.00'' Est, 46° 58' 39.00'' Nord";"39370";;"LA GARE";"39330";"MOUCHARD";"Bâtiment"; 11.0;"SNCF Réseau"
1060517;6.01194;46.40972;"06° 00' 43.00'' Est, 46° 24' 35.00'' Nord";"39275";"CRÊT PELA";"LA SERRA";"39310";"LAMOURA";"Pylône autostable"; 80.0;"EDF ou GDF"
1203273;5.54528;46.99944;"05° 32' 43.00'' Est, 46° 59' 58.00'' Nord";"39520";"MOULIN ST ETIENNE";"RUE DE LA GARE";"39380";"SOUVANS";"Pylône autostable"; 30.0;"ORANGE"
1283143;5.80194;46.34944;"05° 48' 07.00'' Est, 46° 20' 58.00'' Nord";"39478";"COMBE BIÈRE";"SITE ITAS TIM";"39200";"SAINT-CLAUDE";"Pylône autostable"; 37.0;"TDF"
1318944;5.81833;46.34667;"05° 49' 06.00'' Est, 46° 20' 48.00'' Nord";"39157";"FORÊT DU MONT";;"39200";"COISERETTE";"Pylône autostable"; 37.5;"CELLNEX"
1348432;5.39583;47.05278;"05° 23' 45.00'' Est, 47° 03' 10.00'' Nord";"39001";;"USINE DE TAVAUX CHAMBRE A VANNE";"39500";"ABERGEMENT-LA-RONCE";"Pylône autostable"; 20.0;"Société Privée SA"
1353274;5.68028;46.76222;"05° 40' 49.00'' Est, 46° 45' 44.00'' Nord";"39272";"CÔTE PETOT";"CHEM RURAL D.204";"39210";"LADOYE-SUR-SEILLE";"Mât"; 9.0;"ORANGE"
1353292;5.68028;46.76222;"05° 40' 49.00'' Est, 46° 45' 44.00'' Nord";"39272";"CÔTE PETOT";"CHEM RURAL D.204";"39210";"LADOYE-SUR-SEILLE";"Mât"; 9.0;"BOUYGUES"
1353879;5.79306;46.50083;"05° 47' 35.00'' Est, 46° 30' 03.00'' Nord";"39216";"AU TREMBLE";"CHEMIN D'EXPLOITATION N°7";"39130";"ETIVAL";"Pylône autostable"; 20.0;"HIVORY"
1417714;5.55472;46.84722;"05° 33' 17.00'' Est, 46° 50' 50.00'' Nord";"39110";"CHAMPS DEVANT";"ROUTE DEPARTEMENTALE 475";"39230";"LA CHARME";"Pylône autostable"; 40.0;"TDF"
1426904;5.52222;47.00111;"05° 31' 20.00'' Est, 47° 00' 04.00'' Nord";"39387";;"CHEM DE DESSERTE DERRIERE L'EGLISE";"39380";"NEVY-LES-DOLE";"Pylône autostable"; 33.0;"TDF"
1433488;5.51528;46.64000;"05° 30' 55.00'' Est, 46° 38' 24.00'' Nord";"39251";"SUR LA CÔTE";"SUR LA COTE";"39570";"GEVINGEY";"Pylône autostable"; 26.0;"TDF"
1439181;5.86556;46.38889;"05° 51' 56.00'' Est, 46° 23' 20.00'' Nord";"39478";;"8 R DU COLLEGE POLICE MUNICIPALE";"39200";"SAINT-CLAUDE";"Bâtiment"; 12.0;"Commune, communauté de commune"
1446621;5.37806;46.44056;"05° 22' 41.00'' Est, 46° 26' 26.00'' Nord";"39378";;"BOIS A LA JEANNE";"39160";"NANC-LES-SAINT-AMOUR";"Pylône autostable"; 30.0;"TDF"
1450575;5.42667;47.08500;"05° 25' 36.00'' Est, 47° 05' 06.00'' Nord";"39233";"BOIS DE LA COMBE DE ARCHERS";"BOIS DE LA COMBE DE ARCHERS";"39100";"FOUCHERANS";"Pylône autostable"; 30.0;"HIVORY"
1455087;5.49667;47.09806;"05° 29' 48.00'' Est, 47° 05' 53.00'' Nord";"39198";;"BOULEVARD DU PRÉSIDENT WILSON CODIFRANCE";"39100";"DOLE";"Bâtiment"; 8.0;"Société Privée SA"
1455090;5.55306;47.12972;"05° 33' 11.00'' Est, 47° 07' 47.00'' Nord";"39462";;"4 RUE DES ENTREPOTS CODIFRANCE";"39700";"ROCHEFORT-SUR-NENON";"Bâtiment"; 12.0;"Société Privée SA"
1455092;5.49389;47.11333;"05° 29' 38.00'' Est, 47° 06' 48.00'' Nord";"39198";;"1 RUE MONGE";"39100";"DOLE";"Bâtiment"; 8.0;"Société Privée SA"
1455094;5.55194;47.13444;"05° 33' 07.00'' Est, 47° 08' 04.00'' Nord";"39462";"HOLCIM";"ZONE INDUSTRIELLE";"39700";"ROCHEFORT-SUR-NENON";"Bâtiment"; 70.0;"Société Privée SA"
1470423;5.55167;46.58639;"05° 33' 06.00'' Est, 46° 35' 11.00'' Nord";"39021";"EN TARRAGNE";"VC N°4";"39270";"ARTHENAS";"Pylône autostable"; 21.3;"HIVORY"
1473128;5.49333;47.05778;"05° 29' 36.00'' Est, 47° 03' 28.00'' Nord";"39182";"AUX ARGILLES";;"39100";"CRISSEY";"Pylône autostable"; 24.0;"IFW-FREE"
1495370;6.04500;46.77861;"06° 02' 42.00'' Est, 46° 46' 43.00'' Nord";"39391";"D119";"RUE GILBERT COUSIN";"39250";"NOZEROY";"Bâtiment"; 6.0;"ORANGE"
1495707;6.00389;46.79611;"06° 00' 14.00'' Est, 46° 47' 46.00'' Nord";"39393";"LES FRÊCHES";"RÉSERVPIR D'EAU";"39250";"ONGLIERES";"Pylône tubulaire"; 21.0;"ORANGE"
1502196;5.86722;46.39500;"05° 52' 02.00'' Est, 46° 23' 42.00'' Nord";"39478";;"UNITE CENTRALE DU HAUT JURA 11 RUE LACUZON";"39200";"SAINT-CLAUDE";"Bâtiment"; 7.0;"Commune, communauté de commune"
1502399;5.92278;46.34472;"05° 55' 22.00'' Est, 46° 20' 41.00'' Nord";"39510";"LA VIE NEUVE";"MAIRIE LES MOLUNES VERS LA VIE NEUVE D 29 E1";"39310";"SEPTMONCEL";"Bâtiment"; 6.0;"Commune, communauté de commune"
1502561;5.57833;46.65250;"05° 34' 42.00'' Est, 46° 39' 09.00'' Nord";"39348";;"INSTITUT LES CENTS TILLEUL AVENUE DE LA SOLIDARITE";"39570";"MONTAIGU";"Immeuble"; 12.0;"Société Privée SA"
1513937;5.72889;47.13694;"05° 43' 44.00'' Est, 47° 08' 13.00'' Nord";"39452";;"RUE DES PLANCHES DERRIERE LES CHENES";"39700";"RANS";"Pylône autostable"; 26.0;"ATC FRANCE"
1523353;5.33528;47.02028;"05° 20' 07.00'' Est, 47° 01' 13.00'' Nord";"39476";"LA PLATIERE";"R DE FRAGNOT";"39410";"SAINT-AUBIN";"Pylône autostable"; 27.5;"ATC FRANCE"
1537946;5.81556;46.39722;"05° 48' 56.00'' Est, 46° 23' 50.00'' Nord";"39286";"SUR LA COMBALE";"CHEM DE LA BATAILLE/VC N°2";"39170";"LAVANS-LES-SAINT-CLAUDE";"Bâtiment"; 9.0;"ORANGE"
1537966;5.77694;46.38583;"05° 46' 37.00'' Est, 46° 23' 09.00'' Nord";"39286";"LE MONNET";"CHEMIN DU PLAN CHAMP";"39170";"LAVANS-LES-SAINT-CLAUDE";"Pylône autostable"; 25.0;"ORANGE"
1548083;5.76250;46.88028;"05° 45' 45.00'' Est, 46° 52' 49.00'' Nord";"39446";"LES 7 SERGENTS";"PYLÔNE CG39";"39600";"PUPILLIN";"Pylône autostable"; 24.0;"Conseil Départemental"
1552605;6.03083;46.54556;"06° 01' 51.00'' Est, 46° 32' 44.00'' Nord";"39367";"ROCHE DES 3 COMMÈRES";"STATION TDF";"39400";"MORBIER";"Pylône autostable"; 10.0;"Société Privée SA"
1572219;5.49306;47.09722;"05° 29' 35.00'' Est, 47° 05' 50.00'' Nord";"39198";;"IMPASSE FAGOT";"39100";"DOLE";"Pylône autostable"; 20.6;"IFW-FREE"
1580684;5.77889;46.89611;"05° 46' 44.00'' Est, 46° 53' 46.00'' Nord";"39013";"L'ERMITAGE";"SITE ITAS TIM";"39600";"ARBOIS";"Pylône autostable"; 31.0;"TDF"
1607073;5.53444;46.87417;"05° 32' 04.00'' Est, 46° 52' 27.00'' Nord";"39100";"LE CHATELEY";"RUE DES ETANGS";"39230";"CHAMPROUGIER";"Mât"; 12.0;"ORANGE Services Fixes"
1620418;5.94417;46.79444;"05° 56' 39.00'' Est, 46° 47' 40.00'' Nord";"39376";"AU DESSUS DES CREUX";"CHEM FORESTIER";"39300";"MOUTOUX";"Pylône autostable"; 22.0;"ATC FRANCE"
1620442;5.39722;46.53167;"05° 23' 50.00'' Est, 46° 31' 54.00'' Nord";"39173";"PÂTURE DE DAJEON";;"39190";"COUSANCE";"Pylône autostable"; 29.0;"ATC FRANCE"
1620510;5.35000;46.43750;"05° 20' 60.00'' Est, 46° 26' 15.00'' Nord";"39475";"LES GRANDES PÊLES";;"39160";"SAINT-AMOUR";"Pylône autostable"; 28.0;"ATC FRANCE"
1621531;5.97111;46.79167;"05° 58' 16.00'' Est, 46° 47' 30.00'' Nord";"39381";"CÔTE DE CHANTENIOUX";;"39300";"LES NANS";"Pylône autostable"; 19.0;"ATC FRANCE"
1628773;5.41500;46.35167;"05° 24' 54.00'' Est, 46° 21' 06.00'' Nord";"39485";"LES VIGNES";"LA BOISSIÈRE";"39320";"SAINT-JULIEN";"Pylône autostable"; 34.0;"Particulier"
1628797;5.49139;47.09194;"05° 29' 29.00'' Est, 47° 05' 31.00'' Nord";"39198";;"5 R MONT ROLAND";"39100";"DOLE";"Immeuble"; 21.0;"Particulier"
1629702;5.69333;46.47528;"05° 41' 36.00'' Est, 46° 28' 31.00'' Nord";"39307";"LE RONGÉ";;"39260";"MAISOD";"Mât béton"; 12.0;"ORANGE"
1648147;5.65556;46.52611;"05° 39' 20.00'' Est, 46° 31' 34.00'' Nord";"39534";"LA VYE D'ORGELET";;"39270";"LA TOUR-DU-MEIX";"Pylône autostable"; 25.3;"ATC FRANCE"
1648162;6.02667;46.52111;"06° 01' 36.00'' Est, 46° 31' 16.00'' Nord";"39368";;"3 IMPASSE DES SORBIERS";"39400";"MOREZ";"Immeuble"; 27.3;"Copropriété, Syndic, SCI"
1648166;5.60972;46.33556;"05° 36' 35.00'' Est, 46° 20' 08.00'' Nord";"39557";"TRES LES ROCHERS";;"39240";"VESCLES";"Pylône autostable"; 20.4;"CELLNEX"
1648204;5.67972;46.76444;"05° 40' 47.00'' Est, 46° 45' 52.00'' Nord";"39272";"SUR L'ANCELLE";"HAMEAU DE GRANGES DE LADOYE";"39210";"LADOYE-SUR-SEILLE";"Pylône autostable"; 37.0;"Conseil Départemental"
1648208;5.55417;46.71917;"05° 33' 15.00'' Est, 46° 43' 09.00'' Nord";"39422";"LA CITADELLE";;"39210";"PLAINOISEAU";"Pylône autostable"; 23.0;"ATC FRANCE"
1652880;6.04333;46.71278;"06° 02' 36.00'' Est, 46° 42' 46.00'' Nord";"39052";"LES COMMUNAUX DU BIEF";;"39150";"BIEF-DES-MAISONS";"Pylône autostable"; 30.6;"HIVORY"
1653640;5.57333;46.83000;"05° 34' 24.00'' Est, 46° 49' 48.00'' Nord";"39508";"LES COMBES";;"39230";"SELLIERES";"pylône arbre"; 14.0;"Particulier"
1653929;5.81694;46.29333;"05° 49' 01.00'' Est, 46° 17' 36.00'' Nord";"39068";;"7 R DE TRÈS LA VILLE";"39370";"LES BOUCHOUX";"Bâtiment"; 17.3;"Société Privée SA"
1661749;6.06139;46.48639;"06° 03' 41.00'' Est, 46° 29' 11.00'' Nord";"39470";;"RUE DE L'EGLISE";"39220";"LES ROUSSES";"Monument religieux"; 26.3;"Commune, communauté de commune"
1662324;5.86500;46.37222;"05° 51' 54.00'' Est, 46° 22' 20.00'' Nord";"39560";"VERS LE RELAIS";"SITE ITAS TIM";"39200";"VILLARD-SAINT-SAUVEUR";"Pylône autostable"; 43.0;"TDF"
1662640;5.64917;46.89694;"05° 38' 57.00'' Est, 46° 53' 49.00'' Nord";"39354";;"CHEM DU CHATEAU PROCHE DU RÉSERVOIR";"39800";"MONTHOLIER";"Local technique"; 12.0;"Copropriété, Syndic, SCI"
1665740;5.77861;46.40111;"05° 46' 43.00'' Est, 46° 24' 04.00'' Nord";"39491";"SUR LE PARC";"ROUTE FORESTIÈRE DE LA RAGEA HAMEAU LE PATEY";"39170";"SAINT-LUPICIN";"Pylône autostable"; 27.0;"HIVORY"
1666054;5.65167;46.70972;"05° 39' 06.00'' Est, 46° 42' 35.00'' Nord";"39177";"SUR LA ROCHE";"LE CHÊNOIS PRÈS D210";"39210";"CRANCOT";"Mât métallique"; 6.0;"Conseil Départemental"
1667876;5.48806;47.18250;"05° 29' 17.00'' Est, 47° 10' 57.00'' Nord";"39141";"BOIS DE LA FAYETTE";"CHEM DE PARADIS";"39290";"CHEVIGNY";"Pylône autostable"; 42.4;"ATC FRANCE"
1670104;5.41306;46.96083;"05° 24' 47.00'' Est, 46° 57' 39.00'' Nord";"39128";"LA FONDEURE";;"39120";"CHAUSSIN";"Pylône autostable"; 32.4;"HIVORY"
1674267;5.79972;46.95694;"05° 47' 59.00'' Est, 46° 57' 25.00'' Nord";"39006";"LE BÉLU";;"39110";"AIGLEPIERRE";"Pylône autostable"; 37.7;"BOUYGUES"
1674818;5.62833;46.67111;"05° 37' 42.00'' Est, 46° 40' 16.00'' Nord";"39079";"CHAMP DE L'ABBAYE";;"39570";"BRIOD";"Pylône autostable"; 22.0;"HIVORY"
1674833;5.73750;46.69500;"05° 44' 15.00'' Est, 46° 41' 42.00'' Nord";"39177";"LE FLASH";"BOIS COMMUNAL";"39570";"CRANCOT";"Pylône autostable"; 32.0;"HIVORY"
1674862;5.68667;46.69250;"05° 41' 12.00'' Est, 46° 41' 33.00'' Nord";"39177";"AU CHAMP PENDU";;"39570";"CRANCOT";"Pylône autostable"; 22.0;"HIVORY"
1675175;5.58028;46.68194;"05° 34' 49.00'' Est, 46° 40' 55.00'' Nord";"39411";;"RUE DE LA CHANIÈRE ZI DE PERRIGNY";"39570";"PERRIGNY";"Pylône autostable"; 21.5;"SFR"
1678612;5.63861;46.40333;"05° 38' 19.00'' Est, 46° 24' 12.00'' Nord";"39086";"A LA CÔTE DE LA SAUGE";;"39240";"CERNON";"Pylône autostable"; 22.0;"HIVORY"
1678629;5.89861;46.51722;"05° 53' 55.00'' Est, 46° 31' 02.00'' Nord";"39258";"SUR LE SÉCHET";;"39150";"GRANDE-RIVIERE";"Pylône autostable"; 35.2;"HIVORY"
1679204;5.72444;46.35889;"05° 43' 28.00'' Est, 46° 21' 32.00'' Nord";"39547";"SUR LE HAUT DE LA CROIX";;"39360";"VAUX-LES-SAINT-CLAUDE";"Pylône autostable"; 25.3;"HIVORY"
1679219;5.40611;46.94250;"05° 24' 22.00'' Est, 46° 56' 33.00'' Nord";"39022";"LE CLOS BERTHOT";"RUE DU CHATEAU D'EAU";"39120";"ASNANS-BEAUVOISIN";"Château d'eau - réservoir"; 44.0;"Syndicat des eaux, Adduction"
1679839;5.52944;46.67806;"05° 31' 46.00'' Est, 46° 40' 41.00'' Nord";"39362";"EGLISE ST GREGOIRE";"PRÈS DE LA N78";"39570";"MONTMOROT";"Monument religieux"; 30.0;"Commune, communauté de commune"
1685765;5.80806;46.61944;"05° 48' 29.00'' Est, 46° 37' 10.00'' Nord";"39192";"SOUS LES BORDEZ";"CARRIÈRE COMMUNALE";"39130";"DENEZIERES";"Pylône autostable"; 30.0;"HIVORY"
1690482;5.61417;46.63056;"05° 36' 51.00'' Est, 46° 37' 50.00'' Nord";"39458";"LES ESSARTS";"STATION TDF";"39570";"REVIGNY";"Pylône autostable"; 38.0;"TDF"
1705574;5.80722;46.55583;"05° 48' 26.00'' Est, 46° 33' 21.00'' Nord";"39239";"LE GITES DES CHENES";;"39130";"LA FRASNEE";"Pylône autostable"; 35.3;"SFR"
1708947;5.78139;46.35944;"05° 46' 53.00'' Est, 46° 21' 34.00'' Nord";"39339";"LA BOUSSIÈRE";"LA PRA";"39360";"MOLINGES";"Pylône autostable"; 17.7;"TDF"
1710696;5.45222;47.06833;"05° 27' 08.00'' Est, 47° 04' 06.00'' Nord";"39150";"AUX NICOLES";"D 905 BAS JEANNOT";"39100";"CHOISEY";"Pylône autostable"; 26.0;"ATC FRANCE"
1723980;5.72167;46.40556;"05° 43' 18.00'' Est, 46° 24' 20.00'' Nord";"39561";"PRÉ VERT";"CHEMIN DE DESSERTE DE PRÉ VERT ACCÈS PAR D299 DEPUIS LE BOIS DE MUSSE";"39260";"VILLARDS-D'HERIA";"Pylône autostable"; 35.0;"HIVORY"
1724897;5.98917;46.76917;"05° 59' 21.00'' Est, 46° 46' 09.00'' Nord";"39108";"CLOS LIÉGON";"CHEM D'EXPLOITATION DIT DE GRAND CHAMP";"39250";"CHARENCY";"Pylône autostable"; 21.0;"HIVORY"
1724905;5.90444;46.87167;"05° 54' 16.00'' Est, 46° 52' 18.00'' Nord";"39436";"CÔTE FOURNIER";;"39110";"PONT-D'HERY";"Pylône autostable"; 32.5;"HIVORY"
1725452;5.94806;46.85806;"05° 56' 53.00'' Est, 46° 51' 29.00'' Nord";"39009";"COMBES AUX LOUPS";"RD 307 MOTOCROSS";"39110";"ANDELOT-EN-MONTAGNE";"Pylône autostable"; 26.6;"HIVORY"
1725495;5.63778;47.03056;"05° 38' 16.00'' Est, 47° 01' 50.00'' Nord";"39350";"FORÊT DE CHAUX";"RTE DÉPART. N° 240- R DU CH D'EAU";"39380";"MONTBARREY";"Château d'eau - réservoir"; 38.2;"Syndicat des eaux, Adduction"
1731064;6.10333;46.83639;"06° 06' 12.00'' Est, 46° 50' 11.00'' Nord";"39053";"AU DÉLIVRET";;"39250";"BIEF-DU-FOURG";"Pylône autostable"; 28.0;"HIVORY"
1733850;5.83056;46.72944;"05° 49' 50.00'' Est, 46° 43' 46.00'' Nord";"39344";"LA GRANDE PLAINE";"RD 471";"39300";"MONNET-LA-VILLE";"Pylône autostable"; 30.3;"HIVORY"
1733858;5.90333;46.60444;"05° 54' 12.00'' Est, 46° 36' 16.00'' Nord";"39131";;"GRANDE RUE EGLISE";"39150";"LA CHAUX-DU-DOMBIEF";"Monument religieux"; 30.0;"Commune, communauté de commune"
1733869;6.00417;46.78389;"06° 00' 15.00'' Est, 46° 47' 02.00'' Nord";"39372";"DERRIÈRE LE TARTRE";;"39250";"MOURNANS-CHARBONNY";"Pylône autostable"; 23.0;"HIVORY"
1735295;5.88694;46.97222;"05° 53' 13.00'' Est, 46° 58' 20.00'' Nord";"39495";"LE SIGNAL";"FORÊT DE CHAUDREUX";"39110";"SAINT-THIEBAUD";"Pylône autostable"; 50.0;"HIVORY"
1751278;5.83111;46.57611;"05° 49' 52.00'' Est, 46° 34' 34.00'' Nord";"39493";"LA CÔTE";;"39130";"SAINT-MAURICE-CRILLAT";"Pylône autostable"; 17.0;"HIVORY"
1751960;5.79472;46.52611;"05° 47' 41.00'' Est, 46° 31' 34.00'' Nord";"39118";"MILIERE BOURGEOISE";"ANCIENNE ROUTE DE SAINT-CLAUDE";"39130";"CHATEL-DE-JOUX";"Pylône autostable"; 25.4;"HIVORY"
1756285;5.85833;46.60139;"05° 51' 30.00'' Est, 46° 36' 05.00'' Nord";"39063";"LES CÔTARDS";"CHEM DE LA MADONE";"39130";"BONLIEU";"Mât"; 21.0;"ORANGE"
1759188;5.54250;47.20417;"05° 32' 33.00'' Est, 47° 12' 15.00'' Nord";"39392";"AUX TOPPES";;"39290";"OFFLANGES";"Pylône autostable"; 26.5;"HIVORY"
1781730;5.47528;46.33528;"05° 28' 31.00'' Est, 46° 20' 07.00'' Nord";"39018";"AU LAGREFUT";"CHEM RURAL PYLÔNE";"39240";"AROMAS";"Pylône autostable"; 30.0;"ORANGE"
1784936;5.70333;47.03361;"05° 42' 12.00'' Est, 47° 02' 01.00'' Nord";"39117";"ESSARD DESSUS";"CHE DU CHATEAU D'EAU";"39380";"CHATELAY";"Château d'eau - réservoir"; 26.9;"SFR"
1785652;6.05056;46.81000;"06° 03' 02.00'' Est, 46° 48' 36.00'' Nord";"39214";"PRÉ DOMPARON";"R DU CHATEAU D'EAU V.C. N° 8";"39250";"ESSERVAL-TARTRE";"Château d'eau - réservoir"; 19.0;"Commune, communauté de commune"
1791466;5.56417;46.29972;"05° 33' 51.00'' Est, 46° 17' 59.00'' Nord";"39530";"SUR CURY";"D.109";"39240";"THOIRETTE";"Pylône tubulaire"; 20.0;"ORANGE"
1794312;5.65167;46.70972;"05° 39' 06.00'' Est, 46° 42' 35.00'' Nord";"39177";"SUR LA ROCHE";"LE CHÊNOIS PRÈS D210";"39210";"CRANCOT";"Mât"; 6.0;"BOUYGUES"
1795630;5.48833;47.09750;"05° 29' 18.00'' Est, 47° 05' 51.00'' Nord";"39198";;"AV DE LANDON GARE SNCF";"39100";"DOLE";"Pylône tubulaire"; 26.0;"HIVORY"
1814508;5.48611;47.09306;"05° 29' 10.00'' Est, 47° 05' 35.00'' Nord";"39198";;"114, 116, 118 BOULEVARD DU PRÉSIDENT WILSON RÉSIDENCE BEL AIR";"39100";"DOLE";"Immeuble"; 29.5;"Copropriété, Syndic, SCI"
1814920;5.52361;46.36972;"05° 31' 25.00'' Est, 46° 22' 11.00'' Nord";"39583";"MIMONTOU";"CHEM DU DEVIAU D 56";"39240";"VOSBLES";"Pylône autostable"; 37.0;"Conseil Départemental"
1822366;5.68472;47.14944;"05° 41' 05.00'' Est, 47° 08' 58.00'' Nord";"39039";"AUX EFFONDREUX";"ANGLE R DES FOUGERETS ET DES CHARMOIS CHÂTEAU D'EAU";"39700";"LA BARRE";"Château d'eau - réservoir"; 27.0;"Commune, communauté de commune"
1822815;5.74333;46.33111;"05° 44' 36.00'' Est, 46° 19' 52.00'' Nord";"39463";"CABANE DES CHASSEURS";"RUE DU CHATEAU D'EAU";"39360";"ROGNA";"Pylône autostable"; 27.5;"BOUYGUES"
1828091;5.97472;46.77583;"05° 58' 29.00'' Est, 46° 46' 33.00'' Nord";"39372";"MOURNANS";"A LA SENTINELLE";"39250";"MOURNANS-CHARBONNY";"Pylône autostable"; 25.5;"BOUYGUES"
1857940;5.95750;46.58056;"05° 57' 27.00'' Est, 46° 34' 50.00'' Nord";"39487";"VERS LE COIN DE AMONT";"39 RUE DU COIN DE AMONT";"39150";"SAINT-LAURENT-EN-GRANDVAUX";"Immeuble"; 17.2;"Commune, communauté de commune"
1859989;5.89944;46.51722;"05° 53' 58.00'' Est, 46° 31' 02.00'' Nord";"39258";"SUR LE SECHET";;"39150";"GRANDE-RIVIERE";"Pylône autostable"; 42.0;"IFW-FREE"
1866751;5.36028;46.39889;"05° 21' 37.00'' Est, 46° 23' 56.00'' Nord";"39378";;"COMBE BOUREE";"39160";"NANC-LES-SAINT-AMOUR";"Pylône autostable"; 32.3;"IFW-FREE"
1874330;5.85972;46.39389;"05° 51' 35.00'' Est, 46° 23' 38.00'' Nord";"39478";;"41 RUE DES PERRIÈRES";"39200";"SAINT-CLAUDE";"Immeuble"; 30.0;"Société HLM"
1881696;5.82500;46.37889;"05° 49' 30.00'' Est, 46° 22' 44.00'' Nord";"39478";"LE CHATEAU DE CHEVRY";"ETABLES";"39200";"SAINT-CLAUDE";"Pylône autostable"; 21.0;"ATC FRANCE"
1882763;5.80833;46.61917;"05° 48' 30.00'' Est, 46° 37' 09.00'' Nord";"39192";"SOUS LES BORDEZ";"CARRIERE COMMUNALE";"39130";"DENEZIERES";"Pylône autostable"; 35.0;"IFW-FREE"
1882765;5.63750;47.03083;"05° 38' 15.00'' Est, 47° 01' 51.00'' Nord";"39350";"FORET DE CHAUX";"RUE DU CHATEAU D EAU RD 11";"39380";"MONTBARREY";"Pylône autostable"; 42.0;"IFW-FREE"
1900729;5.58611;47.23417;"05° 35' 10.00'' Est, 47° 14' 03.00'' Nord";"39528";"LA CORVÉE";"PROCHE RD15";"39290";"THERVAY";"Pylône autostable"; 32.8;"TDF"
1901335;6.05722;46.48389;"06° 03' 26.00'' Est, 46° 29' 02.00'' Nord";"39470";"PORTE DE FRANCE";"128 RUE DES ECOLES JURA SPORT ET FORME";"39220";"LES ROUSSES";"Immeuble"; 15.4;"Commune, communauté de commune"
1906962;5.56722;46.79611;"05° 34' 02.00'' Est, 46° 47' 46.00'' Nord";"39310";"BOIS DE VAUX";"RUE FRANCOIS MITTERAND";"39230";"MANTRY";"Pylône autostable"; 28.0;"ATC FRANCE"
1927025;6.05333;46.55472;"06° 03' 12.00'' Est, 46° 33' 17.00'' Nord";"39047";"CHEZ LES GUYONS";"CHEMIN DES CHAUMELLES";"39400";"BELLEFONTAINE";"Pylône autostable"; 24.0;"ORANGE"
1938892;5.49111;47.07861;"05° 29' 28.00'' Est, 47° 04' 43.00'' Nord";"39198";;"55 RUE DU GÉNÉRAL BETHOUART DOLEXPO";"39100";"DOLE";"Bâtiment"; 12.0;"Commune, communauté de commune"
1944550;5.59778;46.51250;"05° 35' 52.00'' Est, 46° 30' 45.00'' Nord";"39397";"SUR LES VERS";;"39270";"ORGELET";"Pylône autostable"; 37.8;"IFW-FREE"
1944917;5.39472;46.53472;"05° 23' 41.00'' Est, 46° 32' 05.00'' Nord";"39173";;"118 GRANDE RUE";"39190";"COUSANCE";"Bâtiment"; 16.0;"Société Privée SA"
1948282;6.05056;46.81028;"06° 03' 02.00'' Est, 46° 48' 37.00'' Nord";"39214";"PRE DOMPARON";"RUE DU CHATEAU D EAU";"39250";"ESSERVAL-TARTRE";"Pylône autostable"; 32.0;"IFW-FREE"
1948284;5.83028;46.72917;"05° 49' 49.00'' Est, 46° 43' 45.00'' Nord";"39344";;"LA GRANDE PLAINE";"39300";"MONNET-LA-VILLE";"Pylône autostable"; 42.0;"IFW-FREE"
1957349;5.60722;46.69417;"05° 36' 26.00'' Est, 46° 41' 39.00'' Nord";"39404";"LA CHAUMETTE";"PRÉS D471";"39570";"PANNESSIERES";"Pylône autostable"; 42.0;"IFW-FREE"
1959173;5.73722;46.69472;"05° 44' 14.00'' Est, 46° 41' 41.00'' Nord";"39177";;"RUE DU MARAIS D471";"39570";"CRANCOT";"Pylône autostable"; 37.0;"IFW-FREE"
1960498;5.90444;46.87194;"05° 54' 16.00'' Est, 46° 52' 19.00'' Nord";"39436";"COTE FOURNIER";;"39110";"PONT-D'HERY";"Pylône autostable"; 42.0;"IFW-FREE"
1964945;5.49389;47.09222;"05° 29' 38.00'' Est, 47° 05' 32.00'' Nord";"39198";;"16 PLACE NATIONALE CHARLES DE GAULLE COLLÉGIALE";"39100";"DOLE";"Immeuble"; 74.0;"Société Privée SA"
1968357;5.52333;47.23528;"05° 31' 24.00'' Est, 47° 14' 07.00'' Nord";"39361";"A LA CROIX BLINE";;"39290";"MONTMIREY-LE-CHATEAU";"Pylône autostable"; 30.0;"TDF"
1974014;5.49694;47.09389;"05° 29' 49.00'' Est, 47° 05' 38.00'' Nord";"39198";;"1 RUE BESANCON PARKING DES TERREAUX";"39100";"DOLE";"Mât"; 16.0;"Commune, communauté de commune"
2003007;5.57222;46.88083;"05° 34' 20.00'' Est, 46° 52' 51.00'' Nord";"39159";"LES PLANCHETTES";;"39800";"COLONNE";"Pylône autostable"; 42.0;"IFW-FREE"
2007958;5.62306;46.84333;"05° 37' 23.00'' Est, 46° 50' 36.00'' Nord";"39489";"LES PRÉS PERDUS";"RN 83";"39230";"SAINT-LOTHAIN";"Pylône autostable"; 27.0;"TDF"
2008303;5.68500;47.25250;"05° 41' 06.00'' Est, 47° 15' 09.00'' Nord";"39581";"BRUYERE";;"39350";"VITREUX";"Pylône autostable"; 37.8;"TDF"
2011458;5.96750;46.57806;"05° 58' 03.00'' Est, 46° 34' 41.00'' Nord";"39487";"LES COMBETTES";"ENTRE D437 ET N5 CEI";"39150";"SAINT-LAURENT-EN-GRANDVAUX";"Pylône autostable"; 15.0;"DDE"
2011460;6.06500;46.47778;"06° 03' 54.00'' Est, 46° 28' 40.00'' Nord";"39470";;"ROUTE BLANCHE ANNEXE LES ROUSSES";"39220";"LES ROUSSES";"Bâtiment"; 13.0;"DDE"
2011462;5.69333;46.84389;"05° 41' 36.00'' Est, 46° 50' 38.00'' Nord";"39434";"LA FONTAINE JEAN GRANDVAUX";"RUE ROGER THIRODE CEI POLIGNY";"39800";"POLIGNY";"Bâtiment"; 15.0;"DDE"
2013532;5.50000;47.23139;"05° 30' 00.00'' Est, 47° 13' 53.00'' Nord";"39432";"LA FORTERESSE";"PRÉS D87";"39290";"POINTRE";"Pylône autostable"; 22.0;"ORANGE"
2049321;5.44556;46.80528;"05° 26' 44.00'' Est, 46° 48' 19.00'' Nord";"39160";;"CHEMIN RURAL DU CHAMP DE FOIRE";"39140";"COMMENAILLES";"Pylône autostable"; 27.0;"ORANGE"
2056729;5.55500;47.24250;"05° 33' 18.00'' Est, 47° 14' 33.00'' Nord";"39074";"BOIS DES RUPPES";;"39290";"BRANS";"Pylône autostable"; 42.5;"IFW-FREE"
2060111;5.64722;46.59972;"05° 38' 50.00'' Est, 46° 35' 59.00'' Nord";"39390";"SUR LE MONTCEL";"PRÈS RÉSERVOIR";"39570";"NOGNA";"Pylône autostable"; 38.0;"ORANGE"
2062046;5.86194;46.39750;"05° 51' 43.00'' Est, 46° 23' 51.00'' Nord";"39478";;"1 RUE DU GENERAL DE GAULLE";"39200";"SAINT-CLAUDE";"Immeuble"; 37.0;"Société HLM"
2067482;5.64556;46.89778;"05° 38' 44.00'' Est, 46° 53' 52.00'' Nord";"39354";;"R DE LA ROCHETTE";"39800";"MONTHOLIER";"Monument religieux"; 32.4;"Commune, communauté de commune"
2085315;5.33417;46.88889;"05° 20' 03.00'' Est, 46° 53' 20.00'' Nord";"39385";;"24 RUE DE LA FORET CHAMBRE A VANNE";"39120";"NEUBLANS-ABERGEMENT";"Mât métallique"; 7.0;"Société Privée SA"
2102019;5.43111;46.67722;"05° 25' 52.00'' Est, 46° 40' 38.00'' Nord";"39171";;"ROUTE DE FONTAINEBRUX";"39570";"COURLAOUX";"Pylône autostable"; 37.0;"IFW-FREE"
2104232;5.59389;47.12306;"05° 35' 38.00'' Est, 47° 07' 23.00'' Nord";"39205";"SOUS LA COTE";"CHEMIN DE LA JACQUETTE";"39700";"ECLANS-NENON";"Pylône autostable"; 46.9;"Commune, communauté de commune"
2110345;5.51861;47.04639;"05° 31' 07.00'' Est, 47° 02' 47.00'' Nord";"39198";;"RUE DES GENETRES D 7";"39100";"DOLE";"Pylône autostable"; 37.9;"IFW-FREE"
2114119;5.88722;46.95472;"05° 53' 14.00'' Est, 46° 57' 17.00'' Nord";"39500";"ROUTE DE SAIZENAY";"D 492";"39110";"SALINS-LES-BAINS";"Pylône autostable"; 42.9;"IFW-FREE"
2121634;5.49750;47.08472;"05° 29' 51.00'' Est, 47° 05' 05.00'' Nord";"39198";;"26, AVENUE MARÉCHAL JUIN";"39100";"DOLE";"Pylône tubulaire"; 16.0;"Particulier"
2130043;5.90667;46.94556;"05° 54' 24.00'' Est, 46° 56' 44.00'' Nord";"39155";;"ROUTE DE TARTRE TERRAIN COMMUNAL";"39110";"CLUCY";"Pylône autostable"; 30.0;"ORANGE"
2131539;5.89250;46.59583;"05° 53' 33.00'' Est, 46° 35' 45.00'' Nord";"39131";;"ROUTE FORESTIERE DE MAGUENAY";"39150";"LA CHAUX-DU-DOMBIEF";"Pylône autostable"; 37.8;"IFW-FREE"
2136878;5.46389;47.08000;"05° 27' 50.00'' Est, 47° 04' 48.00'' Nord";"39198";;"AVENUS CHARLES THOUVEREY CHEMINÉE";"39100";"DOLE";"Bâtiment"; 33.0;"Commune, communauté de commune"
2138226;5.73861;46.32167;"05° 44' 19.00'' Est, 46° 19' 18.00'' Nord";"39463";"LE MELIE";;"39360";"ROGNA";"Pylône autostable"; 43.0;"IFW-FREE"
2156114;5.75500;46.35250;"05° 45' 18.00'' Est, 46° 21' 09.00'' Nord";"39339";"VERS LE MURGER";"DÉPARTEMENTALE 436 TERRAIN MULTISPORTS";"39360";"MOLINGES";"Pylône autostable"; 32.0;"TDF"
2159261;5.42556;47.07917;"05° 25' 32.00'' Est, 47° 04' 45.00'' Nord";"39189";"LES VIGNES";"TERRAIN COMMUNAL";"39500";"DAMPARIS";"Pylône autostable"; 30.0;"ORANGE"
2159267;5.32028;47.02861;"05° 19' 13.00'' Est, 47° 01' 43.00'' Nord";"39476";"LA GRANDE CORVÉE";"CHEMIN RURAL DE ST AUBIN À ST LOUP";"39410";"SAINT-AUBIN";"Pylône autostable"; 30.0;"Commune, communauté de commune"
2162866;5.58583;47.23417;"05° 35' 09.00'' Est, 47° 14' 03.00'' Nord";"39528";"LA CORVÉE";"D15";"39290";"THERVAY";"Pylône autostable"; 36.0;"ORANGE"
2173000;5.65806;47.17167;"05° 39' 29.00'' Est, 47° 10' 18.00'' Nord";"39031";"LES PETITS BOIS";"AUTOROUTE A 36";"39700";"AUXANGE";"Pylône autostable"; 44.0;"IFW-FREE"
2178438;5.55667;46.67417;"05° 33' 24.00'' Est, 46° 40' 27.00'' Nord";"39300";;"2 RUE DE LA CHEVALERIE";"39000";"LONS-LE-SAUNIER";"Immeuble"; 12.0;"Etat, Ministère"
2183120;5.54361;46.71306;"05° 32' 37.00'' Est, 46° 42' 47.00'' Nord";"39217";;"CHEMIN DES GRUCETS";"39570";"L'ETOILE";"Pylône autostable"; 45.0;"SFR"
2187113;5.63111;47.04194;"05° 37' 52.00'' Est, 47° 02' 31.00'' Nord";"39559";;"RUE DES CLIATS CLIATS";"39380";"LA VIEILLE-LOYE";"Pylône autostable"; 36.0;"ORANGE"
2195152;5.81056;46.74806;"05° 48' 38.00'' Est, 46° 44' 53.00'' Nord";"39183";"LE VERNOIS";;"39300";"CROTENAY";"Pylône autostable"; 36.0;"ORANGE"
2201115;5.55500;47.12639;"05° 33' 18.00'' Est, 47° 07' 35.00'' Nord";"39462";"LA CROIX BLANCHE OUEST";"2 IMP DES MASSOTTES";"39700";"ROCHEFORT-SUR-NENON";"Pylône autostable"; 30.0;"TDF"
2201117;5.60444;47.14306;"05° 36' 16.00'' Est, 47° 08' 35.00'' Nord";"39284";"BOIS DE BOUCOT";"39 ETNG DU MOULIN ROUGE";"39700";"LAVANGEOT";"Pylône autostable"; 36.0;"TDF"
2210918;5.79167;46.46111;"05° 47' 30.00'' Est, 46° 27' 40.00'' Nord";"39184";;"6 LE CRET AUX FOURMIS";"39260";"LES CROZETS";"Pylône autostable"; 33.3;"TDF"
2229903;5.93806;46.76472;"05° 56' 17.00'' Est, 46° 45' 53.00'' Nord";"39210";;"24 ROUTE DE SAINT-GERMAIN SOCIÉTÉ « BOIS39 » D 251";"39300";"EQUEVILLON";"Pylône autostable"; 36.0;"Copropriété, Syndic, SCI"
2232423;5.40167;46.95361;"05° 24' 06.00'' Est, 46° 57' 13.00'' Nord";"39022";"LE CHAMP DU CHIEN";;"39120";"ASNANS-BEAUVOISIN";"Pylône autostable"; 36.0;"Particulier"
2242074;5.76833;47.16972;"05° 46' 06.00'' Est, 47° 10' 11.00'' Nord";"39219";"LA BRULANDERIE";"RUE DE LA BRULANDERIE";"39700";"EVANS";"Pylône autostable"; 39.0;"TDF"
2248105;5.42639;46.54056;"05° 25' 35.00'' Est, 46° 32' 26.00'' Nord";"39185";"SUR LA GUETTE";"LA GRANDE BIOLEE";"39190";"CUISIA";"Pylône autostable"; 36.0;"SFR"
2248783;5.39278;46.46028;"05° 23' 34.00'' Est, 46° 27' 37.00'' Nord";"39346";"LA SAUGE";"CHEMIN DE DESSERTE BOIS DE MONTFALCON";"39160";"MONTAGNA-LE-RECONDUIT";"Pylône autostable"; 36.0;"SFR"
2254212;5.62778;47.14917;"05° 37' 40.00'' Est, 47° 08' 57.00'' Nord";"39285";"IMPASSE DE LAVOIR";"5 IMP DU LAVOIR";"39700";"LAVANS-LES-DOLE";"Pylône autostable"; 36.0;"TDF"
2266878;5.85083;46.37694;"05° 51' 03.00'' Est, 46° 22' 37.00'' Nord";"39478";;"MOUTON EN HAUT";"39200";"SAINT-CLAUDE";"Pylône autostable"; 33.0;"BOUYGUES"
2274757;5.63444;46.74167;"05° 38' 04.00'' Est, 46° 44' 30.00'' Nord";"39388";"BAS DE L'ANGEVRÉ";;"39210";"NEVY-SUR-SEILLE";"Pylône autostable"; 30.0;"SFR"
2274759;5.62444;46.79722;"05° 37' 28.00'' Est, 46° 47' 50.00'' Nord";"39407";;"ROUTE DE L'ECOUVETTE CHEMIN DU RÉSERVOIR D'EAU";"39230";"PASSENANS";"Pylône autostable"; 32.0;"SFR"
2279862;5.43472;46.58111;"05° 26' 05.00'' Est, 46° 34' 52.00'' Nord";"39043";;"RUE DE L ETENDONNE D34 E1";"39190";"BEAUFORT";"Pylône autostable"; 38.0;"ORANGE"
2280745;5.50778;46.72750;"05° 30' 28.00'' Est, 46° 43' 39.00'' Nord";"39471";;"RTE DE RUFFEY PONT D38/A39";"39140";"RUFFEY-SUR-SEILLE";"Pylône autostable"; 30.0;"Sociétés d'Autoroutes"
2286879;5.69750;47.15389;"05° 41' 51.00'' Est, 47° 09' 14.00'' Nord";"39039";"DEVANT LA GARE";;"39700";"LA BARRE";"Pylône autostable"; 39.0;"TDF"
2286883;5.47556;47.08222;"05° 28' 32.00'' Est, 47° 04' 56.00'' Nord";"39198";;"4 RUE DU SOUVENIR FRANCAIS";"39100";"DOLE";"Pylône autostable"; 30.2;"ORANGE"
2287237;5.63972;46.90250;"05° 38' 23.00'' Est, 46° 54' 09.00'' Nord";"39354";;"ROUTE DE GENÈVE RD 905";"39800";"MONTHOLIER";"Pylône autostable"; 30.0;"ORANGE"
2287379;5.65444;46.52611;"05° 39' 16.00'' Est, 46° 31' 34.00'' Nord";"39534";"LA VYE D'ORGELET";;"39270";"LA TOUR-DU-MEIX";"Pylône autostable"; 36.0;"ORANGE"
2288406;5.64556;46.72083;"05° 38' 44.00'' Est, 46° 43' 15.00'' Nord";"39177";"PETITE COMBE AU BO";"67 ROUTE DE LA MILLE";"39210";"CRANCOT";"Pylône autostable"; 30.0;"SFR"
2294804;6.02972;46.54472;"06° 01' 47.00'' Est, 46° 32' 41.00'' Nord";"39367";;"ROUTE DES TROIS COMMÈRES";"39400";"MORBIER";"Pylône autostable"; 48.0;"Towercast"
2298473;5.75083;47.16111;"05° 45' 03.00'' Est, 47° 09' 40.00'' Nord";"39190";"LES PERRIERES";;"39700";"DAMPIERRE";"Pylône autostable"; 25.0;"TDF"
2304477;5.94583;46.77806;"05° 56' 45.00'' Est, 46° 46' 41.00'' Nord";"39481";"EN CHALAMOND";"D 21";"39300";"SAINT-GERMAIN-EN-MONTAGNE";"Pylône autostable"; 38.8;"Commune, communauté de commune"
2308097;5.71278;47.15278;"05° 42' 46.00'' Est, 47° 09' 10.00'' Nord";"39451";"AUX VAUX D'AMANGE";;"39700";"RANCHOT";"Pylône autostable"; 39.0;"TDF"
2320278;5.73417;46.99389;"05° 44' 03.00'' Est, 46° 59' 38.00'' Nord";"39206";"BOIS DE BAUD";;"39600";"ECLEUX";"Pylône autostable"; 44.8;"IFW-FREE"
2322290;5.66278;46.68083;"05° 39' 46.00'' Est, 46° 40' 51.00'' Nord";"39177";"LE POUGET";"STATION ÉPURATION";"39570";"CRANCOT";"Pylône autostable"; 44.9;"IFW-FREE"
2325978;5.87639;46.92861;"05° 52' 35.00'' Est, 46° 55' 43.00'' Nord";"39072";"CHAMPS DE CHAUCHE";"CHEMIN COMMUNAL";"39110";"BRACON";"Pylône autostable"; 13.0;"TDF"
2339304;5.87056;46.38361;"05° 52' 14.00'' Est, 46° 23' 01.00'' Nord";"39478";;"3 PL ST HUBERT";"39200";"SAINT-CLAUDE";"Bâtiment"; 24.4;"Société Privée SA"
2345754;5.79306;46.92722;"05° 47' 35.00'' Est, 46° 55' 38.00'' Nord";"39355";;"CHEMIN RURAL DIT CHEMIN DE DESSERTE";"39600";"MONTIGNY-LES-ARSURES";"Pylône autostable"; 30.1;"ORANGE"
2349279;5.97389;46.86028;"05° 58' 26.00'' Est, 46° 51' 37.00'' Nord";"39522";"LE BIOLET";"FORÊT DOMANIALE DE LA JOUX";"39300";"SUPT";"Pylône autostable"; 45.5;"ORANGE"
2352211;5.49750;46.55250;"05° 29' 51.00'' Est, 46° 33' 09.00'' Nord";"39027";;"LA RIPPE";"39270";"AUGISEY";"Pylône autostable"; 38.8;"IFW-FREE"
2356277;5.69917;46.51222;"05° 41' 57.00'' Est, 46° 30' 44.00'' Nord";"39175";"LES CYCLAMENS";"ROUTE DEPARTEMENTALE N°470";"39260";"COYRON";"Pylône autostable"; 35.9;"ORANGE"
2356356;6.00444;46.84222;"06° 00' 16.00'' Est, 46° 50' 32.00'' Nord";"39522";;"FORET DOMANIALE DE LA JOUX TERRAIN ONF";"39300";"SUPT";"Pylône autostable"; 45.5;"ORANGE"
2363335;6.07306;46.43083;"06° 04' 23.00'' Est, 46° 25' 51.00'' Nord";"39441";"LE TABAGNOZ";"PROCHE DE LA D1005";"39220";"PREMANON";"Pylône autostable"; 30.3;"IFW-FREE"
2365917;5.92222;46.75778;"05° 55' 20.00'' Est, 46° 45' 28.00'' Nord";"39210";"FERME DU MONT RIVEL";;"39300";"EQUEVILLON";"Pylône autostable"; 35.0;"Titulaire programme Radio/TV"
2368572;5.38917;46.51778;"05° 23' 21.00'' Est, 46° 31' 04.00'' Nord";"39197";"CHAMP DE LA CROIX";"40 RUE FLEURIE GARAGE GREVOT";"39190";"DIGNA";"Pylône autostable"; 39.0;"ORANGE"
2368618;5.50528;46.78333;"05° 30' 19.00'' Est, 46° 46' 60.00'' Nord";"39296";;"RUE DES MONTS CHEMIN COMMUNAL N°2";"39230";"LOMBARD";"Château d'eau - réservoir"; 30.0;"Syndicat des eaux, Adduction"
2370706;5.86111;46.39778;"05° 51' 40.00'' Est, 46° 23' 52.00'' Nord";"39478";;"5, RUE DE FRANCHE COMTÉ";"39200";"SAINT-CLAUDE";"Immeuble"; 29.8;"Société HLM"
2378954;5.31306;46.91528;"05° 18' 47.00'' Est, 46° 54' 55.00'' Nord";"39385";"LA GRANDE CORVEE";"D118 D13E1";"39120";"NEUBLANS-ABERGEMENT";"Pylône autostable"; 44.9;"IFW-FREE"
2382341;5.76111;46.93250;"05° 45' 40.00'' Est, 46° 55' 57.00'' Nord";"39013";;"LA CLÉMENCETTE";"39600";"ARBOIS";"Pylône autostable"; 30.0;"SNCF Réseau"
2384243;5.66556;46.38917;"05° 39' 56.00'' Est, 46° 23' 21.00'' Nord";"39289";;"ROUTE DU BELVÉDÈRE";"39260";"LECT";"Pylône autostable"; 36.0;"ORANGE"
2410154;5.84639;46.78528;"05° 50' 47.00'' Est, 46° 47' 07.00'' Nord";"39364";;"RUE DES CHAMPS MALIN RN5";"39300";"MONTROND";"Pylône autostable"; 36.0;"SFR"
2420163;5.92222;46.75806;"05° 55' 20.00'' Est, 46° 45' 29.00'' Nord";"39210";"FERME DU MONT RIVEL";;"39300";"EQUEVILLON";"Pylône autostable"; 30.0;"Towercast"
2420705;5.61194;46.97556;"05° 36' 43.00'' Est, 46° 58' 32.00'' Nord";"39546";"SUR L'ÉTANG";"CHAMP DE LA SENSÉ";"39380";"VAUDREY";"Pylône autostable"; 41.0;"IFW-FREE"
2422323;5.73389;46.74722;"05° 44' 02.00'' Est, 46° 44' 50.00'' Nord";"39222";;"ROUTE DE BONNEFONTAIRE D260";"39800";"FAY-EN-MONTAGNE";"Pylône autostable"; 26.6;"SFR"
2430846;5.82389;47.00722;"05° 49' 26.00'' Est, 47° 00' 26.00'' Nord";"39439";;"CHEMIN DE BOUQUET";"39330";"PORT-LESNEY";"Pylône autostable"; 32.5;"TDF"
2432414;5.36583;46.92083;"05° 21' 57.00'' Est, 46° 55' 15.00'' Nord";"39415";"BOIS DE PETIT NOIR";"ROUTE D 219";"39120";"PETIT-NOIR";"Pylône autostable"; 36.0;"ORANGE"
2453595;5.35222;47.06750;"05° 21' 08.00'' Est, 47° 04' 03.00'' Nord";"39001";"BUISSON SEUILLE";"CHEMIN DU VIEUX PONT";"39500";"ABERGEMENT-LA-RONCE";"Pylône autostable"; 36.0;"ORANGE"
