Numéro du support;Longitude;Latitude;"Position";"Insee";"Lieu dit";"Adresse";"Code postal";"Commune";"Nature du support";Hauteur en m;"Propriétaire"
10840;1.58000;47.72083;"01° 34' 48.00'' Est, 47° 43' 15.00'' Nord";"41220";;"CENTRALE NUCLEAIRE EDF";"41220";"SAINT-LAURENT-NOUAN";"Bâtiment"; 20.0;"EDF ou GDF"
78581;1.29444;47.49444;"01° 17' 40.00'' Est, 47° 29' 40.00'' Nord";"41147";;"PL L'EGLISE";"41120";"LES MONTILS";"Monument religieux"; 30.0;"Commune, communauté de commune"
78585;1.85750;47.23444;"01° 51' 27.00'' Est, 47° 14' 04.00'' Nord";"41122";"LES PONTIEAUX";;"41320";"MARAY";"Pylône autostable"; 48.0;"ATC FRANCE"
96218;1.60833;47.41333;"01° 36' 30.00'' Est, 47° 24' 48.00'' Nord";"41157";;"R PAUL BESNARD D 63";"41230";"MUR-DE-SOLOGNE";"Pylône tubulaire"; 41.0;"DDE"
96248;1.30500;47.51750;"01° 18' 18.00'' Est, 47° 31' 03.00'' Nord";"41032";"VILLELOUET";"R DU CHÂTEAU D'EAU";"41120";"CHAILLES";"Château d'eau - réservoir"; 39.0;"Commune, communauté de commune"
96296;1.31194;47.43972;"01° 18' 43.00'' Est, 47° 26' 23.00'' Nord";"41233";;"CHÂTEAU D'EAU PRUNAY";"41120";"SAMBIN";"Château d'eau - réservoir"; 44.0;"Syndicat des eaux, Adduction"
96298;1.12861;47.51444;"01° 07' 43.00'' Est, 47° 30' 52.00'' Nord";"41137";"LA GITONNIÈRE";"RTE DE SEILLAC";"41150";"MESLAND";"Pylône autostable"; 34.0;"ORANGE"
152685;1.35639;47.57028;"01° 21' 23.00'' Est, 47° 34' 13.00'' Nord";"41212";;"13 R DES PETITS CHAMPS";"41350";"SAINT-GERVAIS-LA-FORET";"Support non décrit"; 10.0;
156869;1.52472;47.41278;"01° 31' 29.00'' Est, 47° 24' 46.00'' Nord";"41247";;"R DE SELLES";"41230";"SOINGS-EN-SOLOGNE";"Support non décrit"; 10.0;
157017;1.75056;47.35806;"01° 45' 02.00'' Est, 47° 21' 29.00'' Nord";"41194";;"FAUBOURG ST ROCH";"41200";"ROMORANTIN-LANTHENAY";"Support non décrit"; 17.0;
159111;1.65778;47.58972;"01° 39' 28.00'' Est, 47° 35' 23.00'' Nord";"41074";;"1 PLACE SAINT-PIERRE MAIRIE";"41220";"DHUIZON";"Bâtiment"; 15.0;"Commune, communauté de commune"
166656;1.45722;47.56389;"01° 27' 26.00'' Est, 47° 33' 50.00'' Nord";"41150";;"4 PLACE DU HUIT MAI 1945 MAIRIE";"41250";"MONT-PRES-CHAMBORD";"Bâtiment"; 15.0;"Commune, communauté de commune"
166968;1.52278;47.79722;"01° 31' 22.00'' Est, 47° 47' 50.00'' Nord";"41105";;"LE BOURG";"41370";"JOSNES";"Support non décrit"; 14.0;
169882;1.93417;47.52083;"01° 56' 03.00'' Est, 47° 31' 15.00'' Nord";"41231";;"20 R DE LA PAIX";"41210";"SAINT-VIATRE";"Support non décrit"; 15.0;
169904;1.45333;47.59306;"01° 27' 12.00'' Est, 47° 35' 35.00'' Nord";"41104";;"PLACE DE LA MAIRIE MAIRIE";"41350";"HUISSEAU-SUR-COSSON";"Bâtiment"; 15.0;"Commune, communauté de commune"
170792;1.92444;47.38583;"01° 55' 28.00'' Est, 47° 23' 09.00'' Nord";"41241";;"4 R DE BOURGOGNE";"41300";"SELLES-SAINT-DENIS";"Support non décrit"; 11.0;
173869;1.28333;47.63167;"01° 16' 60.00'' Est, 47° 37' 54.00'' Nord";"41091";;"20 RUE DE SAINT-SULPICE MAIRIE";"41330";"FOSSE";"Bâtiment"; 15.0;"Commune, communauté de commune"
192750;1.54361;47.62444;"01° 32' 37.00'' Est, 47° 37' 28.00'' Nord";"41034";;"LA GUILLONNIERE DOMAINE DE CHAMBORD";"41250";"CHAMBORD";"Support non décrit";;
244555;1.67667;47.74361;"01° 40' 36.00'' Est, 47° 44' 37.00'' Nord";"41220";"LES BORDES";"LES PETITS RONDS LE GOLF INTERNATIONAL";"41220";"SAINT-LAURENT-NOUAN";"Immeuble"; 15.0;"Particulier"
252537;1.87139;47.29778;"01° 52' 17.00'' Est, 47° 17' 52.00'' Nord";"41135";"LA BOULAIE";"PK 193/A85";"41320";"MENNETOU-SUR-CHER";"Pylône tubulaire"; 18.0;"Sociétés d'Autoroutes"
252853;1.49972;47.32583;"01° 29' 59.00'' Est, 47° 19' 33.00'' Nord";"41049";;"PK 163/A85";"41700";"CHEMERY";"Pylône autostable"; 18.0;"Sociétés d'Autoroutes"
252999;1.58889;47.33556;"01° 35' 20.00'' Est, 47° 20' 08.00'' Nord";"41099";;"PK 170/A85";"41230";"GY-EN-SOLOGNE";"Pylône autostable"; 18.0;"Sociétés d'Autoroutes"
265742;1.13722;47.73306;"01° 08' 14.00'' Est, 47° 43' 59.00'' Nord";"41290";"LA MONGEOIS";;"41100";"VILLEROMAIN";"Pylône autostable"; 52.0;
277690;1.30167;47.59333;"01° 18' 06.00'' Est, 47° 35' 36.00'' Nord";"41018";;"30 R JEAN-BAPTISTE CHARCOT";"41000";"BLOIS";"Immeuble"; 33.0;"Société HLM"
291955;1.37750;47.56861;"01° 22' 39.00'' Est, 47° 34' 07.00'' Nord";"41295";;"R LAENNEC";"41350";"VINEUIL";"Pylône tubulaire"; 25.0;"ORANGE"
318368;1.33694;47.57611;"01° 20' 13.00'' Est, 47° 34' 34.00'' Nord";"41018";;"1 R DES PAPILLONS";"41000";"BLOIS";"Immeuble"; 19.0;"Société HLM"
363705;0.92556;47.89750;"00° 55' 32.00'' Est, 47° 53' 51.00'' Nord";"41078";"LA MÉTAIRIE";"CHEM DÉPARTEMENTAL 53";"41360";"EPUISAY";"Pylône autostable"; 35.0;"HIVORY"
397264;1.02778;47.84944;"01° 01' 40.00'' Est, 47° 50' 58.00'' Nord";"41010";"LES BELLEZEVERIES";"CHEM RURAL N° 40";"41100";"AZE";"Pylône autostable"; 37.0;"ORANGE"
399238;1.20056;47.33278;"01° 12' 02.00'' Est, 47° 19' 58.00'' Nord";"41217";;"23 R DE TOURS";"41400";"SAINT-JULIEN-DE-CHEDON";"Bâtiment"; 17.0;"Société Privée SA"
399240;1.18028;47.35500;"01° 10' 49.00'' Est, 47° 21' 18.00'' Nord";"41151";;"R LUCIEN LHOTELIER";"41400";"MONTRICHARD";"Bâtiment"; 31.0;"Société Privée SA"
437551;1.51083;47.23917;"01° 30' 39.00'' Est, 47° 14' 21.00'' Nord";"41139";"LA CAMPAGNETTE";"R DES CAILLOUTEUX CHÂTEAU D'EAU";"41130";"MEUSNES";"Château d'eau - réservoir"; 33.0;"Syndicat des eaux, Adduction"
437743;2.04000;47.47528;"02° 02' 24.00'' Est, 47° 28' 31.00'' Nord";"41161";"LA BOURDINIÈRE";"RN20";"41600";"NOUAN-LE-FUZELIER";"Pylône autostable"; 43.0;"TDF"
437746;1.37500;47.53556;"01° 22' 30.00'' Est, 47° 32' 08.00'' Nord";"41031";"L'ARCHERIE";"CHÂTEAU D'EAU";"41120";"CELLETTES";"Château d'eau - réservoir"; 56.3;"Syndicat des eaux, Adduction"
437923;0.99361;47.74639;"00° 59' 37.00'' Est, 47° 44' 47.00'' Nord";"41293";"NOUES POULIN - LA FONTAINE";"PRES DE LE PERRET DES BORDES";"41100";"VILLIERSFAUX";"Pylône autostable"; 36.0;"ATC FRANCE"
438022;1.15278;47.85861;"01° 09' 10.00'' Est, 47° 51' 31.00'' Nord";"41175";"LA THIBAUDIÈRE";"VOIE COMMUNALE N°6";"41100";"PEZOU";"Pylône autostable"; 32.0;"TDF"
439207;1.32389;47.58306;"01° 19' 26.00'' Est, 47° 34' 59.00'' Nord";"41018";;"R AUGUSTE POULAIN";"41000";"BLOIS";"Pylône autostable"; 46.0;"TDF"
440796;1.94333;47.38722;"01° 56' 36.00'' Est, 47° 23' 14.00'' Nord";"41084";"LES PELLOUETS";"PRÈS D 724";"41300";"LA FERTE-IMBAULT";"Pylône autostable"; 35.0;"ORANGE"
441133;1.12083;47.36722;"01° 07' 15.00'' Est, 47° 22' 02.00'' Nord";"41051";"LES CHAUFFAUDS-MARCHAIS ROUX";"LA PERNOTIÈRE ROUTE D'AMBOISE";"41400";"CHISSAY-EN-TOURAINE";"Pylône haubané"; 205.0;"TDF"
444565;1.94000;47.62111;"01° 56' 24.00'' Est, 47° 37' 16.00'' Nord";"41046";"DOMAINE DES HAUTS DE BRUYÈRES";"RD 35";"41600";"CHAUMONT-SUR-THARONNE";"Pylône tubulaire"; 44.0;"BOUYGUES"
445552;1.44278;47.66583;"01° 26' 34.00'' Est, 47° 39' 57.00'' Nord";"41252";"LES GRÉLIERS";"V.C. N°9 - R DU CHÂTEAU D'EAU";"41500";"SUEVRES";"Château d'eau - réservoir"; 46.0;"Syndicat des eaux, Adduction"
454778;1.37861;47.65583;"01° 22' 43.00'' Est, 47° 39' 21.00'' Nord";"41288";"LES VALLÉES";"A A10 - PK 144,5 SENS PARIS - PROVINCE R DU PARC";"41000";"VILLERBON";"Pylône autostable"; 45.0;"HIVORY"
454801;1.33694;47.60556;"01° 20' 13.00'' Est, 47° 36' 20.00'' Nord";"41018";;"43 R LAPLACE ZI ERIGNY";"41000";"BLOIS";"Pylône tubulaire"; 62.0;"Towercast"
455085;1.31083;47.57889;"01° 18' 39.00'' Est, 47° 34' 44.00'' Nord";"41018";;"37 AV DU MARÉCHAL FOCH CHÂTEAU D'EAU";"41000";"BLOIS";"Château d'eau - réservoir"; 52.0;"Commune, communauté de commune"
455918;1.39639;47.57194;"01° 23' 47.00'' Est, 47° 34' 19.00'' Nord";"41295";"LA TÊTE HUARD";"R DES ÉGLANTIERS";"41350";"VINEUIL";"Pylône autostable"; 30.0;"ORANGE"
456447;1.00139;48.08056;"01° 00' 05.00'' Est, 48° 04' 50.00'' Nord";"41096";"LA PELLETERIE";"LE PREAU";"41270";"LE GAULT-PERCHE";"Pylône autostable"; 42.0;"HIVORY"
459234;1.73750;47.60778;"01° 44' 15.00'' Est, 47° 36' 28.00'' Nord";"41285";"LE HAUT POIRIER";;"41220";"VILLENY";"Tour hertzienne"; 63.0;"TDF"
462635;2.13250;47.44667;"02° 07' 57.00'' Est, 47° 26' 48.00'' Nord";"41249";"LES BOIS DE VERNON";"D 724 LA PRÉE";"41300";"SOUESMES";"Pylône autostable"; 30.0;"ORANGE"
464695;1.37444;47.56278;"01° 22' 28.00'' Est, 47° 33' 46.00'' Nord";"41212";"LA PATTE D'OIE";"CHATEAU D'EAU";"41350";"SAINT-GERVAIS-LA-FORET";"Château d'eau - réservoir"; 65.0;"Syndicat des eaux, Adduction"
464709;1.08778;47.79083;"01° 05' 16.00'' Est, 47° 47' 27.00'' Nord";"41269";"LA POTERIE";;"41100";"VENDOME";"Pylône autostable"; 47.0;"TDF"
467990;2.05333;47.41889;"02° 03' 12.00'' Est, 47° 25' 08.00'' Nord";"41232";;"2 RTE DE MENNETOU CHAPELLE N20";"41300";"SALBRIS";"Pylône autostable"; 45.0;"ORANGE Services Fixes"
470303;2.05167;47.61361;"02° 03' 06.00'' Est, 47° 36' 49.00'' Nord";"41106";"LES BOIS";"RTE DE SOUVIGNY";"41600";"LAMOTTE-BEUVRON";"Tour hertzienne"; 74.0;"ORANGE Services Fixes"
470614;1.51306;47.71500;"01° 30' 47.00'' Est, 47° 42' 54.00'' Nord";"41136";"BURAY";"CHEM RURAL DES BROSSILLONS FERME DE BURAY STATION HERTZIENNE";"41500";"MER";"Pylône autostable"; 38.0;"ORANGE Services Fixes"
475305;1.60167;47.71111;"01° 36' 06.00'' Est, 47° 42' 40.00'' Nord";"41220";"LES COUTURES";"CTEL";"41220";"SAINT-LAURENT-NOUAN";"Pylône autostable"; 24.0;"ORANGE Services Fixes"
476303;1.27389;47.65167;"01° 16' 26.00'' Est, 47° 39' 06.00'' Nord";"41091";"BEL AIR";"COTEAU DE SUDON PRÈS DE LA D.957";"41330";"FOSSE";"Pylône autostable"; 38.0;"ORANGE"
480775;1.30306;47.60833;"01° 18' 11.00'' Est, 47° 36' 30.00'' Nord";"41276";"LA GARGOTIÈRE";"21 R JULES BERTHONNEAU PRÈS D.203 - ZI STATION HERTZIENNE F.T.";"41000";"VILLEBAROU";"Pylône autostable"; 65.0;"TDF"
485502;1.97583;47.40889;"01° 58' 33.00'' Est, 47° 24' 32.00'' Nord";"41232";"LA BOULIÈRE";"D.89 - CHEM RURAL";"41300";"SALBRIS";"Pylône tubulaire"; 35.0;"HIVORY"
485767;1.56444;47.43139;"01° 33' 52.00'' Est, 47° 25' 53.00'' Nord";"41157";"LES BOURQUETIÈRES";"D.765";"41230";"MUR-DE-SOLOGNE";"Pylône autostable"; 30.0;"ORANGE"
492102;1.44639;47.60250;"01° 26' 47.00'' Est, 47° 36' 09.00'' Nord";"41104";"LES EBZETTES";"CHEM RURAL N°1 DÉCHETTERIE MUNICIPALE";"41350";"HUISSEAU-SUR-COSSON";"Pylône autostable"; 37.0;"HIVORY"
492130;1.05222;47.81250;"01° 03' 08.00'' Est, 47° 48' 45.00'' Nord";"41269";;"R DES CHAMPLES";"41100";"VENDOME";"Pylône autostable"; 65.0;"TDF"
492615;1.19361;47.49028;"01° 11' 37.00'' Est, 47° 29' 25.00'' Nord";"41167";"ZI DE LA GARE";"R DU STADE";"41150";"ONZAIN";"Pylône autostable"; 33.1;"TDF"
496017;2.08250;47.43639;"02° 04' 57.00'' Est, 47° 26' 11.00'' Nord";"41232";"LE GRAND VIGNAULT";"D.724 ANGLE CHEM RURAL DU BA ET CHEM DU GRAND VIGNAULT";"41300";"SALBRIS";"Pylône tubulaire"; 30.0;"ORANGE"
497964;1.01444;47.80889;"01° 00' 52.00'' Est, 47° 48' 32.00'' Nord";"41294";;"VILLECHATAIN";"41100";"VILLIERS-SUR-LOIR";"Pylône tubulaire"; 38.0;"HIVORY"
500628;2.04361;47.28306;"02° 02' 37.00'' Est, 47° 16' 59.00'' Nord";"41256";"LES RELAUDIÈRES";"AIRE COFIROUTE PK 172 SENS PARIS-PROVINCE";"41300";"THEILLAY";"Pylône autostable"; 42.0;"Sociétés d'Autoroutes"
503739;1.74444;47.38194;"01° 44' 40.00'' Est, 47° 22' 55.00'' Nord";"41194";"LES BRUYÈRES";"R DU MOULIN ROUGE";"41200";"ROMORANTIN-LANTHENAY";"Pylône autostable"; 62.5;"TDF"
507159;1.39083;47.58722;"01° 23' 27.00'' Est, 47° 35' 14.00'' Nord";"41295";"LES GALVINETTES";;"41350";"VINEUIL";"Pylône autostable"; 39.0;"TDF"
507742;1.61361;47.41389;"01° 36' 49.00'' Est, 47° 24' 50.00'' Nord";"41157";"LA JAVONIÈRE";"D 122 ROUTE DE VEILLEINS CHÂTEAU D'EAU";"41230";"MUR-DE-SOLOGNE";"Château d'eau - réservoir"; 37.0;"Commune, communauté de commune"
508113;1.87167;47.29944;"01° 52' 18.00'' Est, 47° 17' 58.00'' Nord";"41135";"LE CARROIR";;"41320";"MENNETOU-SUR-CHER";"Pylône autostable"; 43.0;"TDF"
508510;1.74417;47.34500;"01° 44' 39.00'' Est, 47° 20' 42.00'' Nord";"41194";"LES CHEMETS";"38B R DES CHEMETS QUARTIER DU BOURGEAU";"41200";"ROMORANTIN-LANTHENAY";"Château d'eau - réservoir"; 59.0;"Syndicat des eaux, Adduction"
510733;1.09917;47.32167;"01° 05' 57.00'' Est, 47° 19' 18.00'' Nord";"41211";"LES CAVES";"V COMMUNALE 60 VERS LES COUDRAIES";"41400";"SAINT-GEORGES-SUR-CHER";"Pylône autostable"; 42.0;"TDF"
515523;1.66500;47.38472;"01° 39' 54.00'' Est, 47° 23' 05.00'' Nord";"41185";"LA PETITE CHÂTRE";"RD 765";"41200";"PRUNIERS-EN-SOLOGNE";"Pylône autostable"; 33.0;"ORANGE"
515610;1.44722;47.87722;"01° 26' 50.00'' Est, 47° 52' 38.00'' Nord";"41006";"LE VERGER";"LES SOIXANTES MINES RD 42 A";"41240";"AUTAINVILLE";"Château d'eau - réservoir"; 46.0;"Syndicat des eaux, Adduction"
515725;1.36556;47.56833;"01° 21' 56.00'' Est, 47° 34' 06.00'' Nord";"41212";"LES CLOUSEAUX";"ALLÉE GUSTAVE EIFFEL ZAC LES PERRIERES";"41350";"SAINT-GERVAIS-LA-FORET";"Pylône autostable"; 30.0;"ORANGE"
516252;1.14194;47.89194;"01° 08' 31.00'' Est, 47° 53' 31.00'' Nord";"41028";"LA HAIE AUX BICHES";"N.157 - CHEM RURAL N°35";"41160";"BUSLOUP";"Pylône tubulaire"; 40.6;"HIVORY"
517105;1.35139;47.57917;"01° 21' 05.00'' Est, 47° 34' 45.00'' Nord";"41212";"LEVÉE DES PINGRES";"STADE VÉLODROME LA FOULERAIE";"41350";"SAINT-GERVAIS-LA-FORET";"Pylône autostable"; 36.0;"ATC FRANCE"
536993;0.89833;47.74750;"00° 53' 54.00'' Est, 47° 44' 51.00'' Nord";"41274";"LES TESSERIES";"V COMMUNALE N°5";"41800";"VILLAVARD";"Pylône autostable"; 56.0;"TDF"
540155;1.51056;47.70806;"01° 30' 38.00'' Est, 47° 42' 29.00'' Nord";"41136";;"R DU CHATEAU D'EAU";"41500";"MER";"Château d'eau - réservoir"; 46.1;"Syndicat des eaux, Adduction"
540191;2.01917;47.60361;"02° 01' 09.00'' Est, 47° 36' 13.00'' Nord";"41106";"LA GARENNE";"D.35";"41600";"LAMOTTE-BEUVRON";"Pylône autostable"; 36.0;"HIVORY"
541424;1.60389;47.71111;"01° 36' 14.00'' Est, 47° 42' 40.00'' Nord";"41220";"LE PETIT FOUR";"R DE LA NOUE BIDET";"41220";"SAINT-LAURENT-NOUAN";"Pylône autostable"; 44.0;"TDF"
548244;1.58333;47.33583;"01° 35' 00.00'' Est, 47° 20' 09.00'' Nord";"41099";;"R DU STADE";"41230";"GY-EN-SOLOGNE";"Pylône tubulaire"; 45.0;"TDF"
550999;2.04556;47.43528;"02° 02' 44.00'' Est, 47° 26' 07.00'' Nord";"41232";;"R DES PITINQUES ANCIEN PASSAGE À NIVEAU";"41300";"SALBRIS";"Pylône autostable"; 30.0;"ORANGE"
557234;1.76028;47.34361;"01° 45' 37.00'' Est, 47° 20' 37.00'' Nord";"41194";;"93 R DES PAPILLONS CENTRE DE LOISIRS";"41200";"ROMORANTIN-LANTHENAY";"Pylône tubulaire"; 25.0;"ORANGE"
557240;2.17167;47.64611;"02° 10' 18.00'' Est, 47° 38' 46.00'' Nord";"41251";;"ROUTE D'ISDES ATELIERS MUNICIPAUX";"41600";"SOUVIGNY-EN-SOLOGNE";"Pylône autostable"; 30.0;"HIVORY"
560097;1.94417;47.52667;"01° 56' 39.00'' Est, 47° 31' 36.00'' Nord";"41231";"LE GROS CHÊNE";"D 49";"41210";"SAINT-VIATRE";"Pylône autostable"; 35.0;"ATC FRANCE"
562020;1.05472;48.03167;"01° 03' 17.00'' Est, 48° 01' 54.00'' Nord";"41075";;"LA ROBINERIE BRUYÈRES DES HAIES";"41270";"DROUE";"Pylône autostable"; 30.0;"ORANGE"
562538;1.04694;47.97472;"01° 02' 49.00'' Est, 47° 58' 29.00'' Nord";"41041";"LA BEAUGENDRERIE";"ANGLE D 141/CHEM DE LA BEAUGENDRERIE";"41270";"LA CHAPELLE-VICOMTESSE";"Pylône autostable"; 30.0;"HIVORY"
564188;1.96861;47.29028;"01° 58' 07.00'' Est, 47° 17' 25.00'' Nord";"41044";"LES CHÂTEAUX";"D. 76";"41320";"CHATRES-SUR-CHER";"Pylône autostable"; 43.0;"TDF"
568439;1.26306;47.61306;"01° 15' 47.00'' Est, 47° 36' 47.00'' Nord";"41230";"LES TERRES BLANCHES - LE HÊTRE";"CHEM RURAL DIT DE L'ARDOISE";"41000";"SAINT-SULPICE";"Pylône autostable"; 26.0;"ORANGE"
571676;1.70778;47.36472;"01° 42' 28.00'' Est, 47° 21' 53.00'' Nord";"41185";"LE PATUREAU DE LA GRANGE";"PROCHE D59 ET LIGNE HAUTE TENSION";"41200";"PRUNIERS-EN-SOLOGNE";"Pylône autostable"; 24.0;"ORANGE"
575179;0.76139;47.82639;"00° 45' 41.00'' Est, 47° 49' 35.00'' Nord";"41020";;"LES AUDERIES PYLONE TDF";"41800";"BONNEVEAU";"Pylône autostable"; 38.0;"TDF"
577176;1.00333;47.78667;"01° 00' 12.00'' Est, 47° 47' 12.00'' Nord";"41158";"RIOTTE";"ROUTE DE LA VALLÉE (DE VILLEPOUPIN À PRÉPATOUR) PROCHE PASSAGE SOUS LIGNE TGV ATLANTIQUE";"41100";"NAVEIL";"Pylône autostable"; 30.0;"ORANGE"
577695;1.01528;47.69639;"01° 00' 55.00'' Est, 47° 41' 47.00'' Nord";"41199";"LE MOULIN DU PLESSIS";"CHEM RURAL N° 8 DIT DE LA GARE PROCHE GARE";"41310";"SAINT-AMAND-LONGPRE";"Pylône autostable"; 40.0;"HIVORY"
586356;1.79361;47.36889;"01° 47' 37.00'' Est, 47° 22' 08.00'' Nord";"41282";"CHAMPVIOUX";"CHEM RURAL LE LONG DE LA VOIE FERRÉE PROCHE ANGLE D49 LORIEUX VILLEHERVIERS - VOIE FERR";"41200";"VILLEHERVIERS";"Pylône autostable"; 30.0;"ATC FRANCE"
588719;2.17028;47.61639;"02° 10' 13.00'' Est, 47° 36' 59.00'' Nord";"41036";"LA VARENNE";"RD 126 RTE DE SENNELY LA DÉCHETTERIE";"41600";"CHAON";"Pylône autostable"; 40.4;"HIVORY"
592367;1.19056;47.34806;"01° 11' 26.00'' Est, 47° 20' 53.00'' Nord";"41151";"LES BÉLITRES";"R VIEILLE DE BLOIS R DU DONJON";"41400";"MONTRICHARD";"Château d'eau - réservoir"; 37.0;"Syndicat des eaux, Adduction"
593068;1.29472;47.30556;"01° 17' 41.00'' Est, 47° 18' 20.00'' Nord";"41181";"LA TESNIÈRE";"CHÂTEAU D'EAU";"41110";"POUILLE";"Château d'eau - réservoir"; 60.0;"Syndicat des eaux, Adduction"
599383;1.53333;47.34250;"01° 31' 60.00'' Est, 47° 20' 33.00'' Nord";"41016";"LA TAILLE DU BOIS";"PRÉS D119";"41130";"BILLY";"Pylône autostable"; 30.0;"ORANGE"
603566;1.68389;47.57722;"01° 41' 02.00'' Est, 47° 34' 38.00'' Nord";"41074";;"L'ETANG DES OUCHES";"41220";"DHUIZON";"Pylône autostable"; 32.0;"ATC FRANCE"
603576;1.57806;47.28222;"01° 34' 41.00'' Est, 47° 16' 56.00'' Nord";"41242";"LE CAMP";"R ROBERT LEROY";"41130";"SELLES-SUR-CHER";"Pylône autostable"; 33.0;"ORANGE Services Fixes"
605266;1.39861;47.30861;"01° 23' 55.00'' Est, 47° 18' 31.00'' Nord";"41229";"LA TAILLE BERTIN";"INTERSECTION A.85 ET D.675";"41140";"SAINT-ROMAIN-SUR-CHER";"Pylône autostable"; 54.0;"Sociétés d'Autoroutes"
605278;0.97278;47.78861;"00° 58' 22.00'' Est, 47° 47' 19.00'' Nord";"41259";"CHADEU";"CHEM RURAL DU BOIS VELAUDIN";"41100";"THORE-LA-ROCHETTE";"Château d'eau - réservoir"; 27.0;"Commune, communauté de commune"
605286;0.98333;47.75528;"00° 59' 00.00'' Est, 47° 45' 19.00'' Nord";"41293";"LES VALLÉES";"D82 PRÈS COOPÉRATIVE";"41100";"VILLIERSFAUX";"Pylône autostable"; 37.0;"HIVORY"
605331;1.24861;47.52111;"01° 14' 55.00'' Est, 47° 31' 16.00'' Nord";"41055";;"R DE LA GARE";"41150";"CHOUZY-SUR-CISSE";"Pylône tubulaire"; 33.0;"CELLNEX"
605335;1.78306;47.53611;"01° 46' 59.00'' Est, 47° 32' 10.00'' Nord";"41159";"BOUCHAULT";;"41210";"NEUNG-SUR-BEUVRON";"Pylône autostable"; 30.0;"HIVORY"
613343;1.74083;47.36333;"01° 44' 27.00'' Est, 47° 21' 48.00'' Nord";"41194";;"R EMILE ZOLA";"41200";"ROMORANTIN-LANTHENAY";"Château d'eau - réservoir"; 36.0;"Commune, communauté de commune"
614452;1.03889;47.85722;"01° 02' 20.00'' Est, 47° 51' 26.00'' Nord";"41186";"L' ARRÊTÉ";"PRÈS LIGNE CHEM FER";"41160";"RAHART";"Pylône tubulaire"; 37.0;"HIVORY"
618736;1.20750;47.90167;"01° 12' 27.00'' Est, 47° 54' 06.00'' Nord";"41095";"LES FOSSERETTES";;"41160";"FRETEVAL";"Pylône autostable"; 45.0;"HIVORY"
618775;2.17611;47.45861;"02° 10' 34.00'' Est, 47° 27' 31.00'' Nord";"41249";;"R DE LA HALLEBARDERIE";"41300";"SOUESMES";"Château d'eau - réservoir"; 53.0;"Commune, communauté de commune"
620842;2.00583;47.47028;"02° 00' 21.00'' Est, 47° 28' 13.00'' Nord";"41231";"LES MAREMBERTS";"A.71 - PK 151 - SENS PARIS/PROVINCE AIRE DE REPOS DES MAREMBERTS";"41210";"SAINT-VIATRE";"Pylône autostable"; 45.0;"HIVORY"
631989;1.32861;47.75889;"01° 19' 43.00'' Est, 47° 45' 32.00'' Nord";"41130";"COURTEMICHE";"CHEM RURAL N°21";"41500";"MAVES";"Tour hertzienne"; 107.0;"TDF"
636081;1.33333;47.26361;"01° 19' 60.00'' Est, 47° 15' 49.00'' Nord";"41198";"BELLEVUE";"STATION HERTZIENNE";"41110";"SAINT-AIGNAN";"Pylône autostable"; 87.0;"ORANGE Services Fixes"
638321;0.82917;47.87583;"00° 49' 45.00'' Est, 47° 52' 33.00'' Nord";"41238";"LE CARREFOUR";"ROUTE D' EPUISAY VOIE COMMUNALE N°5";"41360";"SAVIGNY-SUR-BRAYE";"Pylône autostable"; 30.0;"ORANGE"
648379;1.00972;47.66417;"01° 00' 35.00'' Est, 47° 39' 51.00'' Nord";"41213";"LA GRANDE LUNOISE";"VC N°1 ROUTE DE ST GOURGON À ST AMAND-LONGPRÉ PAR LES HOMAS";"41310";"SAINT-GOURGON";"Pylône autostable"; 30.0;"ORANGE"
655480;1.38361;47.28722;"01° 23' 01.00'' Est, 47° 17' 14.00'' Nord";"41164";"LA MARDELLE";"R DE BLOIS GARE DE NOYERS";"41140";"NOYERS-SUR-CHER";"Pylône autostable"; 32.0;"ORANGE"
656972;1.54556;47.54444;"01° 32' 44.00'' Est, 47° 32' 40.00'' Nord";"41025";"LES GUENOCHÈRES";"R DU CH D'EAU";"41250";"BRACIEUX";"Château d'eau - réservoir"; 39.0;"Syndicat des eaux, Adduction"
657902;1.51361;47.46667;"01° 30' 49.00'' Est, 47° 28' 00.00'' Nord";"41086";"LE CHAMP DES GOURDES";"RD 765";"41250";"FONTAINES-EN-SOLOGNE";"Pylône autostable"; 42.0;"TDF"
659598;1.99056;47.58833;"01° 59' 26.00'' Est, 47° 35' 18.00'' Nord";"41106";"BOUCHETIN";"RD 923";"41600";"LAMOTTE-BEUVRON";"Pylône autostable"; 45.0;"ATC FRANCE"
671240;1.32333;47.62028;"01° 19' 24.00'' Est, 47° 37' 13.00'' Nord";"41276";"LE BOULAY";"R DU CHATEAU D'EAU";"41000";"VILLEBAROU";"Château d'eau - réservoir"; 40.0;"Syndicat des eaux, Adduction"
674874;1.48083;47.27806;"01° 28' 51.00'' Est, 47° 16' 41.00'' Nord";"41043";"LE MARCHAIS BIGNON";"CR N° 33 DE TREVETY À LA JALTERIE";"41130";"CHATILLON-SUR-CHER";"Pylône autostable"; 33.0;"ORANGE"
681122;1.08250;47.80528;"01° 04' 57.00'' Est, 47° 48' 19.00'' Nord";"41226";;"19 R. BERGSON";"41100";"SAINT-OUEN";"Pylône tubulaire"; 26.0;"ORANGE"
683042;1.06278;47.91972;"01° 03' 46.00'' Est, 47° 55' 11.00'' Nord";"41275";"LE CAPITAINE VAILLANT";"BOIS DU MARCHAIS CHEMI RURAL 27";"41160";"LA VILLE-AUX-CLERCS";"Pylône autostable"; 40.0;"ORANGE"
685626;1.94528;47.64167;"01° 56' 43.00'' Est, 47° 38' 30.00'' Nord";"41046";"LA MAIRIE";"PK 130.3- A 71 SENS PARIS-PROVINCE";"41600";"CHAUMONT-SUR-THARONNE";"Pylône autostable"; 45.0;"HIVORY"
686187;1.82944;47.31556;"01° 49' 46.00'' Est, 47° 18' 56.00'' Nord";"41110";"BOIS AUX FRERES";"VC 1";"41320";"LANGON";"Pylône autostable"; 38.9;"ORANGE"
695633;1.02472;48.07056;"01° 01' 29.00'' Est, 48° 04' 14.00'' Nord";"41179";"LE TERTRE";"RD 19 CHÂTEAU D'EAU";"41270";"LE POISLAY";"Château d'eau - réservoir"; 48.0;"Syndicat des eaux, Adduction"
697135;1.76528;47.32528;"01° 45' 55.00'' Est, 47° 19' 31.00'' Nord";"41280";"LES GRANDES BRUYERES";"A 85(PRES DE)- GARE DE PÉAGE-SENS BOURGES VERS TOU";"41200";"VILLEFRANCHE-SUR-CHER";"Pylône autostable"; 54.5;"Sociétés d'Autoroutes"
703265;1.66167;47.33583;"01° 39' 42.00'' Est, 47° 20' 09.00'' Nord";"41185";"LA COUDRE";"LA PLEINE DE PRUNIERS";"41200";"PRUNIERS-EN-SOLOGNE";"Pylône autostable"; 38.0;"ORANGE"
703308;1.64028;47.43083;"01° 38' 25.00'' Est, 47° 25' 51.00'' Nord";"41157";"LES CHAMPS DES CAILLES";"LA GRAVELLE";"41230";"MUR-DE-SOLOGNE";"Tour hertzienne"; 70.0;"TDF"
703312;1.77667;47.29694;"01° 46' 36.00'' Est, 47° 17' 49.00'' Nord";"41280";"LE TERTRE DES CHÊNES";"CHÂTEAU D'EAU DU S.A.E.P DU CANTON DE MENNETOU-SUR RTE DU CHÂTEAU D'EAU";"41200";"VILLEFRANCHE-SUR-CHER";"Château d'eau - réservoir"; 37.0;"Syndicat des eaux, Adduction"
708334;1.66917;47.38417;"01° 40' 09.00'' Est, 47° 23' 03.00'' Nord";"41185";"LA JAUDRAIE";"D765";"41200";"PRUNIERS-EN-SOLOGNE";"Pylône autostable"; 43.0;"TDF"
708422;1.87472;47.26556;"01° 52' 29.00'' Est, 47° 15' 56.00'' Nord";"41135";"VILLECOIFFIER";"D37";"41320";"MENNETOU-SUR-CHER";"Pylône tubulaire"; 47.0;"TDF"
714679;2.00972;47.54694;"02° 00' 35.00'' Est, 47° 32' 49.00'' Nord";"41161";"LA BRIGANDERIE";"A71/AIRE DE REPOS SENS PROVINCE - PARIS";"41600";"NOUAN-LE-FUZELIER";"Pylône autostable"; 48.0;"Sociétés d'Autoroutes"
714713;1.46611;47.51528;"01° 27' 58.00'' Est, 47° 30' 55.00'' Nord";"41067";"LA BIJAIE";"LE CLOS DE L'ALISIER";"41700";"COUR-CHEVERNY";"Château d'eau - réservoir"; 50.0;"Syndicat des eaux, Adduction"
717089;1.52500;47.91083;"01° 31' 30.00'' Est, 47° 54' 39.00'' Nord";"41173";;"AV. JEAN MOULIN";"41240";"OUZOUER-LE-MARCHE";"Pylône autostable"; 33.0;"ORANGE Services Fixes"
719258;1.70889;47.29417;"01° 42' 32.00'' Est, 47° 17' 39.00'' Nord";"41280";"LE SILO";"R DE TOURS - N76";"41200";"VILLEFRANCHE-SUR-CHER";"Pylône autostable"; 35.0;"ORANGE"
722167;0.89778;47.74750;"00° 53' 52.00'' Est, 47° 44' 51.00'' Nord";"41274";"LES TESSERIES";"SITE ITAS TIM";"41800";"VILLAVARD";"Pylône autostable"; 30.0;"TDF"
725997;0.65694;47.72028;"00° 39' 25.00'' Est, 47° 43' 13.00'' Nord";"41279";"LES PÂTURES BELLERIES";;"41800";"VILLEDIEU-LE-CHATEAU";"Pylône autostable"; 37.0;"HIVORY"
727009;2.03889;47.31889;"02° 02' 20.00'' Est, 47° 19' 08.00'' Nord";"41256";"CHEM DU ROUAIRE";;"41300";"THEILLAY";"Pylône autostable"; 30.0;"ORANGE Services Fixes"
727807;1.87750;47.27167;"01° 52' 39.00'' Est, 47° 16' 18.00'' Nord";"41135";;"R DE LA BLATIERE VC N° 3 INTERSECTION RUE DE LA CREVEE";"41320";"MENNETOU-SUR-CHER";"Pylône autostable"; 37.0;"ORANGE Services Fixes"
729283;1.66389;47.53722;"01° 39' 50.00'' Est, 47° 32' 14.00'' Nord";"41152";"BALLETAN";;"41210";"MONTRIEUX-EN-SOLOGNE";"Pylône autostable"; 51.0;"ORANGE Services Fixes"
739713;1.13722;47.73306;"01° 08' 14.00'' Est, 47° 43' 59.00'' Nord";"41290";"LA MONGEOIS";"RTE DE CRUCHERAY - D.64";"41100";"VILLEROMAIN";"Pylône autostable"; 40.0;"ORANGE"
740285;1.31278;47.59417;"01° 18' 46.00'' Est, 47° 35' 39.00'' Nord";"41018";;"105 R MICHEL BEGON";"41000";"BLOIS";"Bâtiment"; 42.4;"Commune, communauté de commune"
740742;1.24583;47.90556;"01° 14' 45.00'' Est, 47° 54' 20.00'' Nord";"41154";;"RUE LA CHEVRE";"41160";"MOREE";"Château d'eau - réservoir"; 58.0;"Syndicat des eaux, Adduction"
740784;1.07667;48.04500;"01° 04' 36.00'' Est, 48° 02' 42.00'' Nord";"41075";"LE BOURG NORD";"R DU POISLAY PRÈS CHÂTEAU D'EAU";"41270";"DROUE";"Pylône autostable"; 23.0;"ORANGE Services Fixes"
741396;1.06806;47.80306;"01° 04' 05.00'' Est, 47° 48' 11.00'' Nord";"41269";;"23 R DARREAU";"41100";"VENDOME";"Silo"; 31.0;"Commune, communauté de commune"
741416;0.86833;48.04056;"00° 52' 06.00'' Est, 48° 02' 26.00'' Nord";"41248";"LES GUILLETS";"VC N° 1";"41170";"SOUDAY";"Pylône autostable"; 23.0;"ORANGE Services Fixes"
741545;1.20111;47.57444;"01° 12' 04.00'' Est, 47° 34' 28.00'' Nord";"41142";"LA PIÈCE DU CHÂTEAU";"D.155 - RTE DE SANTENAY";"41190";"MOLINEUF";"Pylône autostable"; 40.0;"HIVORY"
741901;1.07306;47.77889;"01° 04' 23.00'' Est, 47° 46' 44.00'' Nord";"41269";;"R NICOLAS COPERNIC ZI SUD";"41100";"VENDOME";"Château d'eau - réservoir"; 44.0;"Syndicat des eaux, Adduction"
742395;1.06000;47.79639;"01° 03' 36.00'' Est, 47° 47' 47.00'' Nord";"41269";;"107 BD KENNEDY CENTRE DE CURE CCMH";"41106";"VENDOME";"Immeuble"; 20.0;"Etablissement de soins"
742397;1.06306;47.79417;"01° 03' 47.00'' Est, 47° 47' 39.00'' Nord";"41269";;"98 R DE LA POTERIE HOPITAL";"41106";"VENDOME";"Immeuble"; 17.0;"Etablissement de soins"
742399;1.05611;47.80222;"01° 03' 22.00'' Est, 47° 48' 08.00'' Nord";"41269";;"CENTRE DE PSYCHOTHÉRAPIE - 149 BD ROOSEVELT";"41106";"VENDOME";"Immeuble"; 17.0;"Etablissement de soins"
752106;1.88056;47.46611;"01° 52' 50.00'' Est, 47° 27' 58.00'' Nord";"41125";"BOISVERT";"CHEM RURAL DE MARCILLY EN GAULT";"41210";"MARCILLY-EN-GAULT";"Château d'eau - réservoir"; 60.0;"Syndicat des eaux, Adduction"
755583;1.33278;47.59167;"01° 19' 58.00'' Est, 47° 35' 30.00'' Nord";"41018";;"PL MICHEL  MOSER CHATEAU D'EAU LES STES MARIES";"41000";"BLOIS";"Château d'eau - réservoir"; 38.0;"Commune, communauté de commune"
756887;1.38528;47.66333;"01° 23' 07.00'' Est, 47° 39' 48.00'' Nord";"41288";;"AIRE DE SERVICE DE BLOIS-VILLERBON P.R. 143.530";"41000";"VILLERBON";"Mât béton"; 18.0;"Sociétés d'Autoroutes"
756889;1.29583;47.61611;"01° 17' 45.00'' Est, 47° 36' 58.00'' Nord";"41276";"LES FORTUNES";"P.R. 152.800";"41330";"VILLEBAROU";"Mât béton"; 18.0;"Sociétés d'Autoroutes"
756893;1.11750;47.60500;"01° 07' 03.00'' Est, 47° 36' 18.00'' Nord";"41093";"LA MOLETIÈRE";"P.R. 166.525";"41190";"FRANCAY";"Mât béton"; 18.0;"Sociétés d'Autoroutes"
757597;1.04806;47.89028;"01° 02' 53.00'' Est, 47° 53' 25.00'' Nord";"41073";"LA BARATERIE";"CHEM DES ALLETS";"41160";"DANZE";"Pylône autostable"; 44.3;"TDF"
758018;1.20722;47.61667;"01° 12' 26.00'' Est, 47° 37' 00.00'' Nord";"41223";"LES GRANDES VIGNES";"P.R. 159.500";"41190";"SAINT-LUBIN-EN-VERGONNOIS";"Mât béton"; 18.0;"Sociétés d'Autoroutes"
760269;1.08778;47.79056;"01° 05' 16.00'' Est, 47° 47' 26.00'' Nord";"41269";"LA POTERIE";"SITE ITAS TIM";"41100";"VENDOME";"Pylône autostable"; 36.0;"TDF"
761353;1.13083;47.42500;"01° 07' 51.00'' Est, 47° 25' 30.00'' Nord";"41267";"LES BEAUX CHÊNES";"LÉREAUX MARION";"41400";"VALLIERES-LES-GRANDES";"Pylône autostable"; 37.0;"HIVORY"
766362;2.00667;47.56056;"02° 00' 24.00'' Est, 47° 33' 38.00'' Nord";"41161";;"AIRE DE REPOS DE L'ETANG DU MARAS P.R. 140.60";"41600";"NOUAN-LE-FUZELIER";"Pylône autostable"; 40.0;"Sociétés d'Autoroutes"
768805;0.95500;48.01333;"00° 57' 18.00'' Est, 48° 00' 48.00'' Nord";"41053";"LES GRANDES PIERRES";;"41170";"CHOUE";"Pylône autostable"; 30.0;"ORANGE"
770812;2.02583;47.41806;"02° 01' 33.00'' Est, 47° 25' 05.00'' Nord";"41232";"A 71";"PÉAGE DE SALBRIS P.R. 156.90";"41300";"SALBRIS";"Pylône autostable"; 60.0;"Sociétés d'Autoroutes"
770816;2.05417;47.37444;"02° 03' 15.00'' Est, 47° 22' 28.00'' Nord";"41232";"LA MAISON ROUGE";"A71 PK 162 SENS PROVINCE-PARIS";"41300";"SALBRIS";"Pylône autostable"; 45.0;"Sociétés d'Autoroutes"
770835;2.00778;47.50361;"02° 00' 28.00'' Est, 47° 30' 13.00'' Nord";"41161";"NEULIN";"P.R. 147.00";"41600";"NOUAN-LE-FUZELIER";"Pylône autostable"; 41.0;"Sociétés d'Autoroutes"
775628;0.79472;47.71722;"00° 47' 41.00'' Est, 47° 43' 02.00'' Nord";"41225";"LES TRÉMASSERIES";;"41800";"SAINT-MARTIN-DES-BOIS";"Pylône autostable"; 38.0;"HIVORY"
784296;1.34389;47.60333;"01° 20' 38.00'' Est, 47° 36' 12.00'' Nord";"41047";;"MAIL PIERRE CHARLOT";"41260";"LA CHAUSSEE-SAINT-VICTOR";"Bâtiment"; 35.0;"Etablissement de soins"
785545;1.50861;47.69472;"01° 30' 31.00'' Est, 47° 41' 41.00'' Nord";"41136";"LES MARAIS";"TERRAIN MUNICIPAL";"41500";"MER";"Pylône autostable"; 30.0;"ORANGE"
785784;1.32917;47.59111;"01° 19' 45.00'' Est, 47° 35' 28.00'' Nord";"41018";;"25 B  R FRANCIADE";"41000";"BLOIS";"Bâtiment"; 29.0;"ORANGE Services Fixes"
785804;1.13417;47.59917;"01° 08' 03.00'' Est, 47° 35' 57.00'' Nord";"41101";;"R DE LA PIGEARDIERE";"41190";"HERBAULT";"Tour hertzienne"; 70.0;"ORANGE Services Fixes"
785806;1.37222;47.58361;"01° 22' 20.00'' Est, 47° 35' 01.00'' Nord";"41295";;"AV CHARLES DE GAULLE";"41350";"VINEUIL";"Pylône tubulaire"; 26.0;"ORANGE"
785813;1.51667;47.61611;"01° 30' 60.00'' Est, 47° 36' 58.00'' Nord";"41034";;"CHÂTEAU DE CHAMBORD";"41250";"CHAMBORD";"Monument historique"; 47.0;"Etat, Ministère"
785817;1.85528;47.53861;"01° 51' 19.00'' Est, 47° 32' 19.00'' Nord";"41083";"VIEUX CORMIER";"IMP DU ROI DAVID - CHÂTEAU D'EAU";"41210";"LA FERTE-BEAUHARNAIS";"Château d'eau - réservoir"; 33.0;"Commune, communauté de commune"
786176;1.34667;47.59861;"01° 20' 48.00'' Est, 47° 35' 55.00'' Nord";"41018";;"4 AV LYAUTEY";"41000";"BLOIS";"Immeuble"; 29.0;"Société HLM"
786178;1.99083;47.58194;"01° 59' 27.00'' Est, 47° 34' 55.00'' Nord";"41161";;"AIRE DE PÉAGE DE LAMOTTE BEUVRON A71";"41600";"NOUAN-LE-FUZELIER";"Pylône autostable"; 39.0;"ORANGE"
786214;1.31028;47.59889;"01° 18' 37.00'' Est, 47° 35' 56.00'' Nord";"41018";;"8 R SADI LECOINTE";"41000";"BLOIS";"Immeuble"; 19.0;"Société HLM"
786216;1.30278;47.58889;"01° 18' 10.00'' Est, 47° 35' 20.00'' Nord";"41018";;"R MONTESQUIEU";"41000";"BLOIS";"Immeuble"; 27.0;"ORANGE"
786218;2.12694;47.29306;"02° 07' 37.00'' Est, 47° 17' 35.00'' Nord";"41168";"LA GRANDE CHEVARDERIE";"LE LAC CLÉMENT";"41300";"ORCAY";"Pylône autostable"; 43.0;"HIVORY"
786220;1.45528;47.58639;"01° 27' 19.00'' Est, 47° 35' 11.00'' Nord";"41104";"L'HARDILLET";"CHEM RURAL N°79 DIT DES TRAVERSENNES ANCIEN STADE MUNICIPAL";"41350";"HUISSEAU-SUR-COSSON";"Pylône autostable"; 30.0;"ORANGE"
786223;1.60111;47.63222;"01° 36' 04.00'' Est, 47° 37' 56.00'' Nord";"41260";"LE PRESSOIR";"ROUTE DE CROUY-SUR-COSSON D.33";"41220";"THOURY";"Pylône autostable"; 33.0;"Conseil Départemental"
786225;1.34111;47.58500;"01° 20' 28.00'' Est, 47° 35' 06.00'' Nord";"41018";;"6 R DE BOULOGNE";"41000";"BLOIS";"Bâtiment"; 13.0;"Particulier"
786229;1.76000;47.44222;"01° 45' 36.00'' Est, 47° 26' 32.00'' Nord";"41140";"LES TERRES DU PLESSIS";"RTE DU TERRAIN DE SPORTS";"41200";"MILLANCAY";"Pylône autostable"; 37.0;"ORANGE"
786235;1.26139;47.39806;"01° 15' 41.00'' Est, 47° 23' 53.00'' Nord";"41180";"LE FOUR À CHAUX";"CHÂTEAU D'EAU";"41400";"PONTLEVOY";"Château d'eau - réservoir"; 42.0;"Syndicat des eaux, Adduction"
786241;1.31889;47.59889;"01° 19' 08.00'' Est, 47° 35' 56.00'' Nord";"41018";;"12  AV DE FRANCE";"41000";"BLOIS";"Immeuble"; 18.0;"Société HLM"
786243;1.46917;47.63889;"01° 28' 09.00'' Est, 47° 38' 20.00'' Nord";"41129";"LES PERRIÈRES";"CHEM RURAL N°9 - D.84 SITE DU LAGUNAGE";"41250";"MASLIVES";"Pylône autostable"; 30.0;"ORANGE"
786245;1.37778;47.90389;"01° 22' 40.00'' Est, 47° 54' 14.00'' Nord";"41173";"LA GAHANDIÈRE";"CHEM RURAL N°7 DIT DES CARRIÈRES N.157";"41160";"OUZOUER-LE-MARCHE";"Pylône autostable"; 24.0;"ORANGE"
786253;0.68667;47.74111;"00° 41' 12.00'' Est, 47° 44' 28.00'' Nord";"41070";"VALLÉE DE LA TUFFIÈRE";"CHEM PORTEAU";"41800";"COUTURE-SUR-LOIR";"Pylône autostable"; 35.0;"ORANGE"
786977;1.21083;47.82972;"01° 12' 39.00'' Est, 47° 49' 47.00'' Nord";"41037";"BOIS DE LA BROSSE";"RTE DE ROCHAMBEAU";"41290";"LA CHAPELLE-ENCHERIE";"Pylône autostable"; 43.0;"HIVORY"
786983;1.66667;47.64889;"01° 39' 60.00'' Est, 47° 38' 56.00'' Nord";"41085";"RHUYS";"D.13 ZONE ARTISANALE";"41220";"LA FERTE-SAINT-CYR";"Pylône autostable"; 37.0;"ORANGE"
786987;1.84417;47.62833;"01° 50' 39.00'' Est, 47° 37' 42.00'' Nord";"41297";"LES CHATAIGNATS DU BOURG";"D.88";"41600";"YVOY-LE-MARRON";"Pylône autostable"; 43.0;"HIVORY"
789525;1.95806;47.61083;"01° 57' 29.00'' Est, 47° 36' 39.00'' Nord";"41046";"MAISON NEUVE";"RTE DE LAMOTTE / D35";"41600";"CHAUMONT-SUR-THARONNE";"Pylône autostable"; 30.0;"ORANGE"
793046;1.34472;47.62306;"01° 20' 41.00'' Est, 47° 37' 23.00'' Nord";"41206";;"A 10 - SENS PARIS PROVINCE PRÈS ECH DE BLOIS LE BAS DES AILLEBERTS CENTRE D'EXPLOITATION COFIROUTE";"41000";"SAINT-DENIS-SUR-LOIRE";"Pylône autostable"; 25.0;"ORANGE"
803629;1.11833;47.69361;"01° 07' 06.00'' Est, 47° 41' 37.00'' Nord";"41182";"LES BASSES PERRIÈRES";"D 16";"41190";"PRAY";"Pylône autostable"; 40.0;"HIVORY"
805034;1.30833;47.59167;"01° 18' 30.00'' Est, 47° 35' 30.00'' Nord";"41018";;"1 R ALAIN GERBAULT";"41000";"BLOIS";"Immeuble"; 70.0;"Société Privée SA"
830394;1.34556;47.62306;"01° 20' 44.00'' Est, 47° 37' 23.00'' Nord";"41206";"PEAGE DE VILLERBON";"A10 PK 149,00 BLOIS COFIROUTE";"41000";"SAINT-DENIS-SUR-LOIRE";"Pylône haubané"; 75.0;"Sociétés d'Autoroutes"
833719;1.30889;47.88583;"01° 18' 32.00'' Est, 47° 53' 09.00'' Nord";"41273";"LA HAIE TALLIER";"D.924";"41290";"VIEVY-LE-RAYE";"Pylône autostable"; 36.0;"ORANGE"
848102;1.11472;47.99306;"01° 06' 53.00'' Est, 47° 59' 35.00'' Nord";"41022";"LES FERRANDIÈRES";"PIGNERY TOUR HERTZIENNE";"41270";"BOUFFRY";"Tour hertzienne"; 77.0;"TDF"
848960;0.99917;47.80833;"00° 59' 57.00'' Est, 47° 48' 30.00'' Nord";"41294";;"CHÂTEAU D'EAU";"41100";"VILLIERS-SUR-LOIR";"Château d'eau - réservoir"; 45.0;"Commune, communauté de commune"
850204;0.83972;47.87028;"00° 50' 23.00'' Est, 47° 52' 13.00'' Nord";"41238";"LA GRILLETIERE";"D 5";"41360";"SAVIGNY-SUR-BRAYE";"Château d'eau - réservoir"; 43.0;"Commune, communauté de commune"
872936;1.47639;47.34056;"01° 28' 35.00'' Est, 47° 20' 26.00'' Nord";"41049";"LES PLAUX";;"41700";"CHEMERY";"Pylône autostable"; 28.0;"ORANGE Services Fixes"
877228;1.60361;47.52833;"01° 36' 13.00'' Est, 47° 31' 42.00'' Nord";"41013";"LE MARAIS";"CR 26";"41250";"BAUZY";"Pylône autostable"; 42.0;"Conseil Départemental"
877239;1.38778;47.23472;"01° 23' 16.00'' Est, 47° 14' 05.00'' Nord";"41042";"TERRES DE CHAPUREAU";"CHEM RURAL N°80";"41110";"CHATEAUVIEUX";"Pylône autostable"; 37.5;"Conseil Départemental"
877303;1.63083;47.46806;"01° 37' 51.00'' Est, 47° 28' 05.00'' Nord";"41068";"LA BOITIERE";"LE COUDRAY";"41230";"COURMEMIN";"Château d'eau - réservoir"; 53.0;"Syndicat des eaux, Adduction"
888776;1.31472;47.60611;"01° 18' 53.00'' Est, 47° 36' 22.00'' Nord";"41018";;"R ALEXANDRE VEZIN";"41000";"BLOIS";"Château d'eau - réservoir"; 32.4;"Commune, communauté de commune"
896048;0.79056;47.83222;"00° 47' 26.00'' Est, 47° 49' 56.00'' Nord";"41030";"LE BUISSON";;"41360";"CELLE";"Château d'eau - réservoir"; 41.0;"Syndicat des eaux, Adduction"
901485;0.79056;47.83222;"00° 47' 26.00'' Est, 47° 49' 56.00'' Nord";"41030";"LE BUISSON";"LE GRILLETS";"41360";"CELLE";"Pylône autostable"; 40.0;"Conseil Départemental"
902365;1.34639;47.62167;"01° 20' 47.00'' Est, 47° 37' 18.00'' Nord";"41206";;"PEAGE A10 17 BLOIS PR148 VILLEBOIN";"41000";"SAINT-DENIS-SUR-LOIRE";"Bâtiment"; 6.0;"Sociétés d'Autoroutes"
902375;1.35250;47.30667;"01° 21' 09.00'' Est, 47° 18' 24.00'' Nord";"41229";;"CE A85 PR152 BASE DE RECUEIL LES CORMINS";"41140";"SAINT-ROMAIN-SUR-CHER";"Bâtiment"; 20.0;"Sociétés d'Autoroutes"
987502;1.19750;47.53889;"01° 11' 51.00'' Est, 47° 32' 20.00'' Nord";"41055";"LA RICHERIE";;"41150";"CHOUZY-SUR-CISSE";"Château d'eau - réservoir"; 30.0;"Commune, communauté de commune"
987508;1.85444;47.25083;"01° 51' 16.00'' Est, 47° 15' 03.00'' Nord";"41122";;"LES BOITES-D 51";"41320";"MARAY";"Château d'eau - réservoir"; 34.0;"Commune, communauté de commune"
989184;1.29750;47.62250;"01° 17' 51.00'' Est, 47° 37' 21.00'' Nord";"41276";"LES COURATIÈRES";"ROUTE DE VENDOME CENTRE COMMERCIAL";"41000";"VILLEBAROU";"Bâtiment"; 13.8;"Société Privée SA"
1013106;1.05611;47.79167;"01° 03' 22.00'' Est, 47° 47' 30.00'' Nord";"41269";"LA CHAISE-VENDOME";"7 RUE DU TERTRE DE LA GLACIÈRE";"41100";"VENDOME";"Pylône autostable"; 20.0;"EDF ou GDF"
1032138;1.64944;47.29972;"01° 38' 58.00'' Est, 47° 17' 59.00'' Nord";"41097";"LA GENDRETIERE";;"41130";"GIEVRES";"Pylône autostable"; 30.0;"ORANGE"
1092873;1.74083;47.36333;"01° 44' 27.00'' Est, 47° 21' 48.00'' Nord";"41194";;"R EMILE ZOLA";"41200";"ROMORANTIN-LANTHENAY";"Château d'eau - réservoir"; 36.0;"Commune, communauté de commune"
1191302;1.18639;47.49306;"01° 11' 11.00'' Est, 47° 29' 35.00'' Nord";"41167";;"15 CHEMIN DU GRAVIER SCIERIE CHARDON";"41150";"ONZAIN";"Pylône tubulaire"; 30.0;"ORANGE"
1191318;1.27278;47.49750;"01° 16' 22.00'' Est, 47° 29' 51.00'' Nord";"41029";"LES BOIS DE LA CAILLÈRE";"CHEMIN RURAL N° 12";"41120";"CANDE-SUR-BEUVRON";"Pylône autostable"; 30.0;"ORANGE"
1195169;1.55472;47.75889;"01° 33' 17.00'' Est, 47° 45' 32.00'' Nord";"41114";"BRUSSOLE";"AIRE DE BRUSSOLE - A10 -PK 127.135";"41500";"LESTIOU";"Pylône autostable"; 33.0;"ORANGE"
1195777;1.25083;47.30111;"01° 15' 03.00'' Est, 47° 18' 04.00'' Nord";"41002";"PREUILLAND";"CHEMIN RURAL N° 29 VC D'ANGE À PREUILLAND";"41400";"ANGE";"Pylône autostable"; 30.0;"ORANGE"
1289504;1.26583;47.34972;"01° 15' 57.00'' Est, 47° 20' 59.00'' Nord";"41146";"LE NOYER BATAILLON";;"41400";"MONTHOU-SUR-CHER";"Pylône autostable"; 41.0;"ORANGE"
1291867;2.18111;47.54694;"02° 10' 52.00'' Est, 47° 32' 49.00'' Nord";"41176";;"D126 / ROUTE DE SENNELY À VIERZON LES ALLICOURTS";"41300";"PIERREFITTE-SUR-SAULDRE";"Pylône autostable"; 43.0;"BOUYGUES"
1326269;1.07222;47.77694;"01° 04' 20.00'' Est, 47° 46' 37.00'' Nord";"41269";;"RUE MARC SEGUIN";"41100";"VENDOME";"Bâtiment"; 10.5;"Société Privée SA"
1326531;1.33556;47.60472;"01° 20' 08.00'' Est, 47° 36' 17.00'' Nord";"41018";;"RUE LAPLACE ANCIENS ETS CHARVET";"41000";"BLOIS";"Pylône autostable"; 29.4;"ORANGE"
1331631;0.98750;47.59056;"00° 59' 15.00'' Est, 47° 35' 26.00'' Nord";"41205";"LES MANIÈRES";;"41190";"SAINT-CYR-DU-GAULT";"Pylône autostable"; 20.3;"SNCF Réseau"
1336557;1.00250;47.64444;"01° 00' 09.00'' Est, 47° 38' 40.00'' Nord";"41286";"LES PRÉS BERTRAND";;"41310";"VILLEPORCHER";"Pylône autostable"; 25.3;"SNCF Réseau"
1344462;1.05472;47.96222;"01° 03' 17.00'' Est, 47° 57' 44.00'' Nord";"41048";;"LA HUCHETIÈRE";"41270";"CHAUVIGNY-DU-PERCHE";"Pylône autostable"; 25.3;"SNCF Réseau"
1344468;0.91056;48.08472;"00° 54' 38.00'' Est, 48° 05' 05.00'' Nord";"41248";"LA GUETTRIE";;"41170";"SOUDAY";"Pylône autostable"; 20.3;"SNCF Réseau"
1344559;1.02139;47.82278;"01° 01' 17.00'' Est, 47° 49' 22.00'' Nord";"41269";"BOIS DE L'ORATOIRE";"GARE TGV DE VENDOME";"41100";"VENDOME";"Pylône autostable"; 35.2;"ORANGE"
1353858;1.57972;47.71944;"01° 34' 47.00'' Est, 47° 43' 10.00'' Nord";"41220";"CENTRALE ELECTRIQUE DE ST LAUR";"CNPE ST LAURENT DES EAUX";"41220";"SAINT-LAURENT-NOUAN";"Bâtiment"; 50.0;"EDF ou GDF"
1355942;1.58083;47.72056;"01° 34' 51.00'' Est, 47° 43' 14.00'' Nord";"41220";"CNPE DE SAINT LAURENT DES EAUX";"CENTRALE ELECTRIQUE DE SAINT LAURENT DES EAUX CCD (LABO)";"41220";"SAINT-LAURENT-NOUAN";"Bâtiment"; 12.0;"EDF ou GDF"
1372308;1.58111;47.72306;"01° 34' 52.00'' Est, 47° 43' 23.00'' Nord";"41220";"CNPE ST LAURENT DES EAUX PAP";"CNPE SAINT LAURENT DES EAUX LA FERTE ST CYR";"41220";"SAINT-LAURENT-NOUAN";"Bâtiment"; 7.0;"EDF ou GDF"
1372310;1.52444;47.66917;"01° 31' 28.00'' Est, 47° 40' 09.00'' Nord";"41155";"CHATEAU DE COLLIERS MARIE";"AVENUE DE LA LOIRE";"41500";"MUIDES-SUR-LOIRE";"Mât"; 7.0;"Commune, communauté de commune"
1380382;0.98361;48.07389;"00° 59' 01.00'' Est, 48° 04' 26.00'' Nord";"41248";"LA BELLIMERIE";;"41170";"SOUDAY";"Pylône autostable"; 20.3;"SNCF Réseau"
1387336;1.30528;47.60833;"01° 18' 19.00'' Est, 47° 36' 30.00'' Nord";"41018";;"12 R JULES BERTHONNEAU";"41000";"BLOIS";"Bâtiment"; 8.0;"Société Privée SA"
1398552;1.05111;47.88278;"01° 03' 04.00'' Est, 47° 52' 58.00'' Nord";"41073";;"LE PÂTIS DES ALLETS";"41160";"DANZE";"Pylône tubulaire"; 32.0;"HIVORY"
1404095;1.22889;47.50583;"01° 13' 44.00'' Est, 47° 30' 21.00'' Nord";"41055";"LE SAULE À LA GRANDE BARBE";;"41150";"CHOUZY-SUR-CISSE";"Pylône autostable"; 40.5;"SNCF Réseau"
1404526;1.57111;47.74361;"01° 34' 16.00'' Est, 47° 44' 37.00'' Nord";"41114";"LA MAISONNETTE";"0";"41500";"LESTIOU";"Pylône autostable"; 20.0;"SNCF Réseau"
1414651;1.18306;47.48000;"01° 10' 59.00'' Est, 47° 28' 48.00'' Nord";"41045";;"R DU MAL DE LATTRE DE TASSIGNY";"41150";"CHAUMONT-SUR-LOIRE";"Bâtiment"; 7.0;"Conseil Régional"
1414653;1.18889;47.48139;"01° 11' 20.00'' Est, 47° 28' 53.00'' Nord";"41045";;"R DU MAL DE LATTRE DE TASSIGNY";"41150";"CHAUMONT-SUR-LOIRE";"Bâtiment"; 4.0;"Conseil Régional"
1423899;1.32417;47.59917;"01° 19' 27.00'' Est, 47° 35' 57.00'' Nord";"41018";"LES MAISONS ROUGES";"AV DE VENDÔME JARDINS DES CHEMINOTS";"41000";"BLOIS";"Pylône tubulaire"; 25.0;"ORANGE"
1424709;1.43056;47.66333;"01° 25' 50.00'' Est, 47° 39' 48.00'' Nord";"41252";"LES NOIRS POULETS";"LES CARREAUX";"41500";"SUEVRES";"Pylône autostable"; 25.0;"SNCF Réseau"
1424808;1.11361;47.47333;"01° 06' 49.00'' Est, 47° 28' 24.00'' Nord";"41167";"LES EPINETS";"LA PIÈCE DE MONCEY VC 5";"41150";"ONZAIN";"Pylône autostable"; 31.0;"CELLNEX"
1438512;1.05972;48.03917;"01° 03' 35.00'' Est, 48° 02' 21.00'' Nord";"41075";"LES GRANDS CORBILLONS";;"41270";"DROUE";"Pylône autostable"; 25.0;"SNCF Réseau"
1440315;1.17222;47.71306;"01° 10' 20.00'' Est, 47° 42' 47.00'' Nord";"41283";;"CHEMIN RURAL DE LA RUELLE";"41100";"VILLEMARDY";"Pylône autostable"; 30.0;"TDF"
1443296;1.23917;47.34389;"01° 14' 21.00'' Est, 47° 20' 38.00'' Nord";"41151";"LE PONT";"D176";"41400";"MONTRICHARD";"Pylône autostable"; 25.0;"SNCF Réseau"
1444528;1.06250;47.79500;"01° 03' 45.00'' Est, 47° 47' 42.00'' Nord";"41269";;"40, MAIL MARÉCHAL LECLERC";"41100";"VENDOME";"Bâtiment"; 13.0;"Etablissement de soins"
1444530;1.06528;47.79722;"01° 03' 55.00'' Est, 47° 47' 50.00'' Nord";"41269";;"10BIS, RUE HONORÉ DE BALZAC";"41100";"VENDOME";"Immeuble"; 13.0;"Etablissement de soins"
1447270;1.70500;47.28889;"01° 42' 18.00'' Est, 47° 17' 20.00'' Nord";"41097";"PLAINE DU PETIT LUC";"N76";"41130";"GIEVRES";"Pylône autostable"; 25.0;"SNCF Réseau"
1447272;1.50611;47.29583;"01° 30' 22.00'' Est, 47° 17' 45.00'' Nord";"41043";"LES GRANDES OUCHES";"RUE DES CHEMINEAUX";"41130";"CHATILLON-SUR-CHER";"Pylône autostable"; 30.0;"SNCF Réseau"
1447274;1.11778;47.33389;"01° 07' 04.00'' Est, 47° 20' 02.00'' Nord";"41051";"LE CLOS DU FOSSE AUDEPIN";"D176";"41400";"CHISSAY-EN-TOURAINE";"Pylône autostable"; 12.0;"SNCF Réseau"
1447280;2.02278;47.59250;"02° 01' 22.00'' Est, 47° 35' 33.00'' Nord";"41106";;"N20 - 8 AVENUE DE VIERZON";"41600";"LAMOTTE-BEUVRON";"Pylône autostable"; 20.0;"SNCF Réseau"
1447468;1.19111;47.34472;"01° 11' 28.00'' Est, 47° 20' 41.00'' Nord";"41151";"EN EMPRISE FERROVIAIRE";"RUE DE LA BOULE BLANCHE";"41400";"MONTRICHARD";"Mât métallique"; 1.5;"SNCF Réseau"
1448208;2.03306;47.53389;"02° 01' 59.00'' Est, 47° 32' 02.00'' Nord";"41161";;"N20 - 1 RUE DES BRUYERES";"41600";"NOUAN-LE-FUZELIER";"Pylône autostable"; 20.0;"SNCF Réseau"
1448210;2.04306;47.44556;"02° 02' 35.00'' Est, 47° 26' 44.00'' Nord";"41232";"LES COMBES";"N20";"41300";"SALBRIS";"Pylône autostable"; 25.0;"SNCF Réseau"
1448212;1.87528;47.26889;"01° 52' 31.00'' Est, 47° 16' 08.00'' Nord";"41135";;"7 RUE DE LA GARE";"41320";"MENNETOU-SUR-CHER";"Pylône tubulaire"; 20.0;"SNCF Réseau"
1448214;1.41333;47.27833;"01° 24' 48.00'' Est, 47° 16' 42.00'' Nord";"41164";"LES AVENETTES";"D63";"41140";"NOYERS-SUR-CHER";"Pylône autostable"; 30.0;"SNCF Réseau"
1448216;1.16500;47.34222;"01° 09' 54.00'' Est, 47° 20' 32.00'' Nord";"41051";"RUE DE CHENONCEAUX";"D176";"41400";"CHISSAY-EN-TOURAINE";"Pylône tubulaire"; 15.0;"SNCF Réseau"
1448218;1.18472;47.34583;"01° 11' 05.00'' Est, 47° 20' 45.00'' Nord";"41151";;"D764 RUE DE BLOIS";"41400";"MONTRICHARD";"Tunnel"; 5.6;"SNCF Réseau"
1448220;1.17639;47.34500;"01° 10' 35.00'' Est, 47° 20' 42.00'' Nord";"41151";;"RUE DU FOURNEAU";"41400";"MONTRICHARD";"Tunnel"; 5.6;"SNCF Réseau"
1448808;1.98361;47.64917;"01° 59' 01.00'' Est, 47° 38' 57.00'' Nord";"41296";"LE RABOT";"ANCIENNE GARE DE VOUZON";"41600";"VOUZON";"Pylône autostable"; 25.0;"SNCF Réseau"
1448812;1.75806;47.29500;"01° 45' 29.00'' Est, 47° 17' 42.00'' Nord";"41280";;"13 RUE DES PRUNIERS";"41200";"VILLEFRANCHE-SUR-CHER";"Pylône autostable"; 20.0;"SNCF Réseau"
1448814;1.60500;47.28556;"01° 36' 18.00'' Est, 47° 17' 08.00'' Nord";"41242";"LES TERRES NOIRES";"RUE DES MARDELLES";"41130";"SELLES-SUR-CHER";"Pylône autostable"; 25.0;"SNCF Réseau"
1448816;1.33500;47.31306;"01° 20' 06.00'' Est, 47° 18' 47.00'' Nord";"41258";"LA BOUGONNETIERE";"RUE BASSE DE SAINT ROMAIN";"41140";"THESEE";"Pylône autostable"; 25.0;"SNCF Réseau"
1452080;0.82250;47.91222;"00° 49' 21.00'' Est, 47° 54' 44.00'' Nord";"41235";"LES MINIÈRES";"CHEM RURAL DIT ANCIENNE RTE";"41170";"SARGE-SUR-BRAYE";"Pylône autostable"; 44.6;"TDF"
1452180;1.59667;47.41750;"01° 35' 48.00'' Est, 47° 25' 03.00'' Nord";"41157";"LES HAUTS BLESSONS";"DÉPARTEMENTALE 765";"41230";"MUR-DE-SOLOGNE";"Pylône autostable"; 44.0;"TDF"
1452188;0.99028;47.69444;"00° 59' 25.00'' Est, 47° 41' 40.00'' Nord";"41199";"BUSSARD";;"41310";"SAINT-AMAND-LONGPRE";"Pylône autostable"; 36.0;"TDF"
1456336;1.91444;47.60944;"01° 54' 52.00'' Est, 47° 36' 34.00'' Nord";"41046";"LA TROCHERIE";"CHEMIN RURAL";"41600";"CHAUMONT-SUR-THARONNE";"Pylône autostable"; 37.0;"ORANGE"
1465400;2.06028;47.65444;"02° 03' 37.00'' Est, 47° 39' 16.00'' Nord";"41296";"LA BULENIÈRE";"CHEM DE JARGEAU";"41600";"VOUZON";"Pylône autostable"; 32.0;"ATC FRANCE"
1467421;1.35472;47.61222;"01° 21' 17.00'' Est, 47° 36' 44.00'' Nord";"41047";;"RUE DU CHATEAU D EAU";"41260";"LA CHAUSSEE-SAINT-VICTOR";"Château d'eau - réservoir"; 34.0;"Commune, communauté de commune"
1469268;1.39111;47.63417;"01° 23' 28.00'' Est, 47° 38' 03.00'' Nord";"41206";"LES BOULONNIÈRES";"VOIES DES MÉES";"41000";"SAINT-DENIS-SUR-LOIRE";"Pylône autostable"; 12.0;"SNCF Réseau"
1477009;1.33028;47.61139;"01° 19' 49.00'' Est, 47° 36' 41.00'' Nord";"41018";;"161 R DE CHATEAUDUN";"41000";"BLOIS";"Bâtiment"; 40.0;"Société Privée SA"
1489288;1.18222;47.35028;"01° 10' 56.00'' Est, 47° 21' 01.00'' Nord";"41151";"ZA CLOS DES SABLONIERES";"R DES RELIGIEUSES";"41400";"MONTRICHARD";"Pylône tubulaire"; 25.0;"HIVORY"
1490071;0.91417;48.07417;"00° 54' 51.00'' Est, 48° 04' 27.00'' Nord";"41248";"LA BORDE DE L'ILE";"CR N° 35";"41170";"SOUDAY";"Pylône autostable"; 34.0;"ORANGE"
1490099;0.90667;47.98306;"00° 54' 24.00'' Est, 47° 58' 59.00'' Nord";"41143";"LA GRANDE BORDE";"2 RUE DU COMMERCE BLD DE L'INDUSTRIE";"41170";"MONDOUBLEAU";"Pylône autostable"; 36.0;"ORANGE"
1490115;1.08500;48.07500;"01° 05' 06.00'' Est, 48° 04' 30.00'' Nord";"41179";"LA DÉDAISE";"CR DIT DU BOIS DES HUPPINS";"41270";"LE POISLAY";"Pylône autostable"; 37.0;"ORANGE"
1490122;0.88222;48.08972;"00° 52' 56.00'' Est, 48° 05' 23.00'' Nord";"41248";"LE PETIT CHILOUP";"CR N° 12 DE CHILOUP";"41170";"SOUDAY";"Pylône autostable"; 34.0;"ORANGE"
1502200;1.06333;47.79861;"01° 03' 48.00'' Est, 47° 47' 55.00'' Nord";"41269";;"21 RUE DU COMMANDANT VERRIER";"41100";"VENDOME";"Immeuble"; 10.0;"Association"
1502202;1.74250;47.36000;"01° 44' 33.00'' Est, 47° 21' 36.00'' Nord";"41194";;"6 RUE DE L'ECU DÉLÉGATION LOCALE";"41200";"ROMORANTIN-LANTHENAY";"Immeuble"; 8.0;"Association"
1505299;1.42583;47.61694;"01° 25' 33.00'' Est, 47° 37' 01.00'' Nord";"41204";"LES TABARDIÈRES";"RUE DES TABARDIÈRES";"41350";"SAINT-CLAUDE-DE-DIRAY";"Pylône autostable"; 30.0;"ORANGE"
1508584;1.34806;47.60028;"01° 20' 53.00'' Est, 47° 36' 01.00'' Nord";"41018";;"23 AVENUE MARECHAL LYAUTEY";"41000";"BLOIS";"Immeuble"; 29.9;"Société HLM"
1511301;0.90194;47.98417;"00° 54' 07.00'' Est, 47° 59' 03.00'' Nord";"41143";"LA BAGREE DU CIMETIERE";"RUE DU STADE";"41170";"MONDOUBLEAU";"Pylône tubulaire"; 32.0;"ATC FRANCE"
1514708;1.45250;47.70528;"01° 27' 09.00'' Est, 47° 42' 19.00'' Nord";"41252";"MALVAU";"P.R. 136.610";"41500";"SUEVRES";"Mât béton"; 18.0;"Sociétés d'Autoroutes"
1524045;1.29917;47.55194;"01° 17' 57.00'' Est, 47° 33' 07.00'' Nord";"41032";"RIFFOLE";;"41120";"CHAILLES";"Pylône autostable"; 35.0;"SNCF Réseau"
1527244;0.98000;47.63528;"00° 58' 48.00'' Est, 47° 38' 07.00'' Nord";"41286";"LES HAUTES VENTES";"CHEMIN RURAL";"41310";"VILLEPORCHER";"Pylône autostable"; 36.0;"ORANGE"
1527248;0.90056;47.63917;"00° 54' 02.00'' Est, 47° 38' 21.00'' Nord";"41007";"LES LONGUES RAYES";"D9  RUE DE TOURAINE CHEMIN RURAL LATÉRAL À LA VOIE FERRÉE";"41310";"AUTHON";"Pylône autostable"; 30.0;"ORANGE"
1529704;1.17861;47.29417;"01° 10' 43.00'' Est, 47° 17' 39.00'' Nord";"41080";"LE POTEAU";"A 85 PK 137";"41400";"FAVEROLLES-SUR-CHER";"Pylône autostable"; 18.0;"Sociétés d'Autoroutes"
1535277;1.38972;47.82556;"01° 23' 23.00'' Est, 47° 49' 32.00'' Nord";"41123";;"RD 917 RTE DE ST LÉONARD";"41370";"MARCHENOIR";"Pylône tubulaire"; 27.0;"ATC FRANCE"
1585977;1.00167;47.62167;"01° 00' 06.00'' Est, 47° 37' 18.00'' Nord";"41205";"LA POMMERIE";"ROUTE DE PIARROU À ST CYR DU GAULT ENTRE LIGNE TGV ET FERME LA MESURERIE";"41190";"SAINT-CYR-DU-GAULT";"Pylône autostable"; 30.0;"ORANGE"
1586011;1.05472;47.93722;"01° 03' 17.00'' Est, 47° 56' 14.00'' Nord";"41193";"LES BROSSES";"CHEM RURAL DES BROSSES ACCÈS PAR D12 LA VILLE AUX CLERCS/ROMILLY PROCHE TGV";"41270";"ROMILLY";"Pylône autostable"; 30.0;"ORANGE"
1609954;0.99722;47.76389;"00° 59' 50.00'' Est, 47° 45' 50.00'' Nord";"41124";"VOLVAN";;"41100";"MARCILLY-EN-BEAUCE";"Pylône autostable"; 30.0;"ORANGE"
1609982;0.99722;47.72889;"00° 59' 50.00'' Est, 47° 43' 44.00'' Nord";"41103";"BOIS POULAIN";"CHEMIN RURAL N°5 DE LA VALLÉE DE SOULON AU BOIS POULAIN";"41310";"HUISSEAU-EN-BEAUCE";"Pylône autostable"; 30.0;"ORANGE"
1610062;0.92500;47.90056;"00° 55' 30.00'' Est, 47° 54' 02.00'' Nord";"41078";;"R DES CAMELIAS RTE DU MANS";"41360";"EPUISAY";"Château d'eau - réservoir"; 42.0;"Syndicat des eaux, Adduction"
1611000;1.05056;47.99250;"01° 03' 02.00'' Est, 47° 59' 33.00'' Nord";"41041";"LES PLAINS";"VC N° 1 DE LA CHAPELLE-VICOMTESSE À MAISON ROUGE";"41270";"LA CHAPELLE-VICOMTESSE";"Pylône autostable"; 30.0;"ORANGE"
1625990;1.13194;47.29861;"01° 07' 55.00'' Est, 47° 17' 55.00'' Nord";"41211";"LES HAUTS LIEUX";;"41400";"SAINT-GEORGES-SUR-CHER";"Château d'eau - réservoir"; 47.0;"Commune, communauté de commune"
1628156;1.04639;47.98222;"01° 02' 47.00'' Est, 47° 58' 56.00'' Nord";"41041";"BOIS DU CURÉ";;"41270";"LA CHAPELLE-VICOMTESSE";"Pylône autostable"; 22.6;"SNCF Réseau"
1650749;2.00667;47.50833;"02° 00' 24.00'' Est, 47° 30' 30.00'' Nord";"41161";"NEULIN";"RD 122";"41600";"NOUAN-LE-FUZELIER";"Pylône autostable"; 48.5;"TDF"
1650808;1.50722;47.28611;"01° 30' 26.00'' Est, 47° 17' 10.00'' Nord";"41043";;"CHEMIN RURAL NUMÉRO 6 RN 76";"41130";"CHATILLON-SUR-CHER";"Pylône autostable"; 37.0;"TDF"
1652483;1.06750;47.79417;"01° 04' 03.00'' Est, 47° 47' 39.00'' Nord";"41269";;"7 RUE DU CHANGE";"41100";"VENDOME";"Bâtiment"; 7.0;"SFR"
1659996;1.03444;47.85250;"01° 02' 04.00'' Est, 47° 51' 09.00'' Nord";"41186";;"LE RIPIER";"41160";"RAHART";"Pylône autostable"; 34.2;"TDF"
1660718;2.05028;47.31278;"02° 03' 01.00'' Est, 47° 18' 46.00'' Nord";"41256";;"RTE DE LA RELAUDIÈRE ZAC LA TERRE DES MILLE BOEUFS";"41300";"THEILLAY";"Pylône autostable"; 37.6;"TDF"
1665386;1.04194;48.00639;"01° 02' 31.00'' Est, 48° 00' 23.00'' Nord";"41022";"LA CRONNERIE";"PRÈS D141";"41270";"BOUFFRY";"Pylône autostable"; 35.0;"ORANGE"
1670146;1.64778;47.29917;"01° 38' 52.00'' Est, 47° 17' 57.00'' Nord";"41097";"LA BERTHELOTIÈRE";"RN76";"41130";"GIEVRES";"Pylône autostable"; 32.0;"TDF"
1681072;1.30444;47.51472;"01° 18' 16.00'' Est, 47° 30' 53.00'' Nord";"41032";"L'ARTOUILLAT";;"41120";"CHAILLES";"Pylône autostable"; 31.4;"ATC FRANCE"
1694330;1.44444;47.42444;"01° 26' 40.00'' Est, 47° 25' 28.00'' Nord";"41059";;"75 AVENUE DE LA PAIX";"41700";"CONTRES";"Pylône autostable"; 43.3;"Société Privée SA"
1695671;1.92556;47.39194;"01° 55' 32.00'' Est, 47° 23' 31.00'' Nord";"41241";"LE CLOS GRAND";"RUE LE STADE";"41300";"SELLES-SAINT-DENIS";"Pylône autostable"; 37.0;"HIVORY"
1696188;1.56139;47.55667;"01° 33' 41.00'' Est, 47° 33' 24.00'' Nord";"41160";;"LE CHÊNE D 923";"41250";"NEUVY";"Pylône autostable"; 32.0;"HIVORY"
1706202;0.89250;47.92583;"00° 53' 33.00'' Est, 47° 55' 33.00'' Nord";"41235";"LES GRILLETERIES";"D 56";"41170";"SARGE-SUR-BRAYE";"Pylône autostable"; 41.0;"ORANGE"
1714491;1.52833;47.91528;"01° 31' 42.00'' Est, 47° 54' 55.00'' Nord";"41173";"LE PETIT MUID";"R DE LA HAIE DE PRE";"41240";"OUZOUER-LE-MARCHE";"Pylône autostable"; 33.7;"ATC FRANCE"
1719976;1.57472;47.28222;"01° 34' 29.00'' Est, 47° 16' 56.00'' Nord";"41242";"LE CAMP";"RUE DU CHÂTEAU D'EAU";"41130";"SELLES-SUR-CHER";"Château d'eau - réservoir"; 37.0;"Syndicat des eaux, Adduction"
1728034;1.29111;47.63306;"01° 17' 28.00'' Est, 47° 37' 59.00'' Nord";"41091";;"RUE DES FOURS";"41330";"FOSSE";"Pylône autostable"; 31.8;"Commune, communauté de commune"
1732697;1.06167;47.95278;"01° 03' 42.00'' Est, 47° 57' 10.00'' Nord";"41048";"LA RUSTIÈRE";"CHEMIN RURAL DE LA RUSTIÈRE";"41270";"CHAUVIGNY-DU-PERCHE";"Pylône autostable"; 32.0;"ORANGE"
1732701;1.21611;47.62750;"01° 12' 58.00'' Est, 47° 37' 39.00'' Nord";"41223";"LA FOSSE À L'ANE";"D133";"41190";"SAINT-LUBIN-EN-VERGONNOIS";"Pylône autostable"; 47.0;"HIVORY"
1735491;1.33000;47.43583;"01° 19' 48.00'' Est, 47° 26' 09.00'' Nord";"41059";"LE PATUREAU DES BORDES";"RUE DES BORDES";"41120";"CONTRES";"Pylône autostable"; 28.0;"ATC FRANCE"
1735533;1.03861;47.99444;"01° 02' 19.00'' Est, 47° 59' 40.00'' Nord";"41041";"TERRES DU VERGER";"RUE SAINT MICHEL";"41270";"LA CHAPELLE-VICOMTESSE";"Pylône autostable"; 30.2;"TDF"
1735537;1.00306;47.62111;"01° 00' 11.00'' Est, 47° 37' 16.00'' Nord";"41205";"LA FOSSE GAUDRY";;"41190";"SAINT-CYR-DU-GAULT";"Pylône autostable"; 35.4;"TDF"
1735972;1.94167;47.64722;"01° 56' 30.00'' Est, 47° 38' 50.00'' Nord";"41046";"LA ROUGELLERIE";"CHEMIN RURAL DE LA FRINGALE";"41600";"CHAUMONT-SUR-THARONNE";"Pylône autostable"; 41.0;"TDF"
1736092;1.03778;47.95639;"01° 02' 16.00'' Est, 47° 57' 23.00'' Nord";"41193";"LA PAQUERIE";;"41270";"ROMILLY";"Pylône autostable"; 30.1;"TDF"
1741168;2.02889;47.54694;"02° 01' 44.00'' Est, 47° 32' 49.00'' Nord";"41161";;"ALLÉE DE LA BAIGNARDERIE TERRAIN DE SPORT";"41600";"NOUAN-LE-FUZELIER";"Pylône tubulaire"; 44.0;"ATC FRANCE"
1745231;1.11056;47.75861;"01° 06' 38.00'' Est, 47° 45' 31.00'' Nord";"41072";"VILLEMALIN";;"41100";"CRUCHERAY";"Pylône autostable"; 30.0;"HIVORY"
1745774;1.45389;47.41167;"01° 27' 14.00'' Est, 47° 24' 42.00'' Nord";"41059";"LA PLAINE DE LAUNAY";"VC N°4";"41700";"CONTRES";"Pylône autostable"; 47.7;"HIVORY"
1746456;1.48583;47.27556;"01° 29' 09.00'' Est, 47° 16' 32.00'' Nord";"41043";"LES ROUSSIGNOUX";"ROUTE  DES VINS";"41130";"CHATILLON-SUR-CHER";"Pylône autostable"; 38.0;"HIVORY"
1746571;1.20194;47.69528;"01° 12' 07.00'' Est, 47° 41' 43.00'' Nord";"41281";"LE BOIS DU BREUIL";"CROISEMENT CHEM VICINAL N°6 ET N° 3";"41330";"VILLEFRANCOEUR";"Pylône autostable"; 42.0;"HIVORY"
1747520;1.18583;47.75861;"01° 11' 09.00'' Est, 47° 45' 31.00'' Nord";"41243";;"CHE DU PAVÉ DE VENDÔME";"41100";"SELOMMES";"Pylône tubulaire"; 25.0;"HIVORY"
1747554;1.30389;47.59111;"01° 18' 14.00'' Est, 47° 35' 28.00'' Nord";"41018";;"34 R CHRISTOPHE COLOMB";"41000";"BLOIS";"Immeuble"; 32.8;"Société HLM"
1747558;1.34833;47.60139;"01° 20' 54.00'' Est, 47° 36' 05.00'' Nord";"41018";;"25, AV LYAUTEY IMM HLM";"41000";"BLOIS";"Immeuble"; 30.5;"Société HLM"
1747582;0.85944;48.09333;"00° 51' 34.00'' Est, 48° 05' 36.00'' Nord";"41177";"LA GOUTIÈRE SUD";;"41170";"LE PLESSIS-DORIN";"Pylône autostable"; 35.4;"TDF"
1748785;1.05917;48.01944;"01° 03' 33.00'' Est, 48° 01' 10.00'' Nord";"41075";"LA BROSSE";"BOIS DE VILLENEUVE D 141";"41270";"DROUE";"Château d'eau - réservoir"; 35.0;"Commune, communauté de commune"
1748847;1.07000;47.77361;"01° 04' 12.00'' Est, 47° 46' 25.00'' Nord";"41200";"HAUT DES CLOS";"DÉPARTEMENTALE 16";"41100";"SAINTE-ANNE";"Pylône tubulaire"; 20.0;"HIVORY"
1748950;0.90389;47.98278;"00° 54' 14.00'' Est, 47° 58' 58.00'' Nord";"41143";"L'ENTONNOIR";"CHE DÉPARTEMENTAL N°106";"41170";"MONDOUBLEAU";"Pylône autostable"; 35.0;"HIVORY"
1752688;1.46806;47.56306;"01° 28' 05.00'' Est, 47° 33' 47.00'' Nord";"41150";"LES CINQ CHÊNES";"ROUTE DES PONTS D'ARIAN D 154";"41250";"MONT-PRES-CHAMBORD";"Château d'eau - réservoir"; 46.0;"Etat, Ministère"
1752694;0.85639;47.76222;"00° 51' 23.00'' Est, 47° 45' 44.00'' Nord";"41149";;"10 RUE MARIE CURIE";"41800";"MONTOIRE-SUR-LE-LOIR";"Pylône autostable"; 32.0;"ATC FRANCE"
1752765;1.47333;47.38167;"01° 28' 24.00'' Est, 47° 22' 54.00'' Nord";"41049";"LA GRANDE BROSSE";"CHEMIN RURAL N°4";"41700";"CHEMERY";"Pylône autostable"; 39.0;"ATC FRANCE"
1752771;1.29778;47.82944;"01° 17' 52.00'' Est, 47° 49' 46.00'' Nord";"41171";;"56 RUE DE CHATEAUDUN";"41290";"OUCQUES";"Château d'eau - réservoir"; 57.0;"Syndicat des eaux, Adduction"
1755037;2.05639;47.43194;"02° 03' 23.00'' Est, 47° 25' 55.00'' Nord";"41232";;"52 ROUTE DE PIERREFITTE";"41300";"SALBRIS";"Château d'eau - réservoir"; 34.2;"Syndicat des eaux, Adduction"
1755046;2.02833;47.41861;"02° 01' 42.00'' Est, 47° 25' 07.00'' Nord";"41232";"VALAUDRAN/A71 PK157";"PÉAGE DE SALBIRS";"41300";"SALBRIS";"Pylône autostable"; 35.0;"BOUYGUES"
1755052;1.74917;47.61778;"01° 44' 57.00'' Est, 47° 37' 04.00'' Nord";"41285";;"LDT SAINTE MARTHE";"41220";"VILLENY";"Pylône autostable"; 59.2;"BOUYGUES"
1755173;1.34694;47.24417;"01° 20' 49.00'' Est, 47° 14' 39.00'' Nord";"41198";"LA PINNEVARDIERE";;"41110";"SAINT-AIGNAN";"Pylône autostable"; 22.0;"ATC FRANCE"
1755182;1.67806;47.50583;"01° 40' 41.00'' Est, 47° 30' 21.00'' Nord";"41271";"LA BRISSETIÈRE";"DÉPARTEMENTALE 13";"41230";"VERNOU-EN-SOLOGNE";"Pylône autostable"; 28.5;"ATC FRANCE"
1755586;2.15333;47.50833;"02° 09' 12.00'' Est, 47° 30' 30.00'' Nord";"41176";;"RUE DES PASSÉES-STADE MUNICIPAL";"41300";"PIERREFITTE-SUR-SAULDRE";"Pylône autostable"; 27.0;"ATC FRANCE"
1755791;1.36639;47.26861;"01° 21' 59.00'' Est, 47° 16' 07.00'' Nord";"41198";;"RUE LOUIS BESNAULT STADE MUNICIPAL";"41110";"SAINT-AIGNAN";"Pylône tubulaire"; 35.0;"ATC FRANCE"
1756957;1.50806;47.72833;"01° 30' 29.00'' Est, 47° 43' 42.00'' Nord";"41136";;"GARE DE PÉAGE DE MER A10 - PK 132";"41500";"MER";"Pylône autostable"; 45.0;"HIVORY"
1772355;1.42389;47.47111;"01° 25' 26.00'' Est, 47° 28' 16.00'' Nord";"41050";"PLAINE DE VILLAVRAIN";"RD 956";"41700";"CHEVERNY";"Pylône autostable"; 35.0;"CELLNEX"
1776451;1.02278;47.64667;"01° 01' 22.00'' Est, 47° 38' 48.00'' Nord";"41213";"LA BIGOTIÈRE";"D 65";"41310";"SAINT-GOURGON";"Pylône tubulaire"; 47.0;"HIVORY"
1776481;1.00056;47.79500;"01° 00' 02.00'' Est, 47° 47' 42.00'' Nord";"41294";"VILLEPOUPIN";;"41100";"VILLIERS-SUR-LOIR";"Pylône autostable"; 17.5;"ATC FRANCE"
1779220;1.21889;47.35583;"01° 13' 08.00'' Est, 47° 21' 21.00'' Nord";"41151";"LA GRANGE ROUGE";"RTE DU POLIVEAU PRÉS DU CARR. ENTRE LA RD 62 & LE CR 9";"41400";"MONTRICHARD";"Pylône autostable"; 47.5;"HIVORY"
1779295;1.21889;47.93611;"01° 13' 08.00'' Est, 47° 56' 10.00'' Nord";"41154";"LA BROUILLERE";"CHEM DE LA CORBONNIERE";"41160";"MOREE";"Pylône autostable"; 30.8;"TDF"
1787652;1.30139;47.44806;"01° 18' 05.00'' Est, 47° 26' 53.00'' Nord";"41233";"LE BOURGEON ROUGE";"PRÈS DE LA DÉPARTEMENTALE 764";"41120";"SAMBIN";"Pylône autostable"; 42.0;"HIVORY"
1790110;1.46611;47.51556;"01° 27' 58.00'' Est, 47° 30' 56.00'' Nord";"41067";;"ROUTE DE BRACIEUX";"41700";"COUR-CHEVERNY";"Pylône autostable"; 48.2;"IFW-FREE"
1792234;1.34361;47.60278;"01° 20' 37.00'' Est, 47° 36' 10.00'' Nord";"41047";;"MAIL PIERRE CHARLOT CHU";"41260";"LA CHAUSSEE-SAINT-VICTOR";"Bâtiment"; 30.0;"Etablissement de soins"
1792236;1.03528;47.77917;"01° 02' 07.00'' Est, 47° 46' 45.00'' Nord";"41158";;"R DU VENT GARLERNE CH D EAU LA LEZONNIERE";"41100";"NAVEIL";"Château d'eau - réservoir"; 30.0;"Syndicat des eaux, Adduction"
1798197;1.12750;47.49583;"01° 07' 39.00'' Est, 47° 29' 45.00'' Nord";"41144";"LA BRIDERIE";"CROISEMENT CH. RURAL DE MONTEAUX / R DE LA BRIDERIE";"41150";"MONTEAUX";"Château d'eau - réservoir"; 56.2;"Syndicat des eaux, Adduction"
1800273;1.37778;47.58111;"01° 22' 40.00'' Est, 47° 34' 52.00'' Nord";"41295";;"4 B R DE LA REPUBLIQUE";"41350";"VINEUIL";"Bâtiment"; 10.0;"Commune, communauté de commune"
1800614;1.39028;47.82611;"01° 23' 25.00'' Est, 47° 49' 34.00'' Nord";"41123";;"RUE ALPHONSE SAUNIER CENTRAL TÉLÉPHONIQUE - CD 917";"41370";"MARCHENOIR";"Pylône autostable"; 34.0;"ORANGE Services Fixes"
1810195;1.07750;47.81861;"01° 04' 39.00'' Est, 47° 49' 07.00'' Nord";"41226";;"3 RUE ROGER SALENGRO CEI VENDOME";"41100";"SAINT-OUEN";"Bâtiment"; 8.0;"DDE"
1810197;1.08972;47.72639;"01° 05' 23.00'' Est, 47° 43' 35.00'' Nord";"41072";;"RUE DE FOSSE CIGOGNE D18 CHATEAU D EAU CRUCHERAY";"41100";"CRUCHERAY";"Château d'eau - réservoir"; 36.0;"Syndicat des eaux, Adduction"
1815648;1.14944;47.29611;"01° 08' 58.00'' Est, 47° 17' 46.00'' Nord";"41211";"LE ROC";;"41400";"SAINT-GEORGES-SUR-CHER";"Pylône autostable"; 32.2;"ATC FRANCE"
1815773;1.12944;47.60472;"01° 07' 46.00'' Est, 47° 36' 17.00'' Nord";"41101";"LA TREMBLAIE";;"41190";"HERBAULT";"Pylône autostable"; 30.0;"ATC FRANCE"
1848745;1.61222;47.33556;"01° 36' 44.00'' Est, 47° 20' 08.00'' Nord";"41099";"LARSYNTHE";"CHEMIN RURAL";"41230";"GY-EN-SOLOGNE";"Pylône autostable"; 32.0;"ORANGE"
1848993;1.50806;47.71278;"01° 30' 29.00'' Est, 47° 42' 46.00'' Nord";"41136";;"4 RUE GUSTAVE EIFFEL";"41500";"MER";"Bâtiment"; 10.0;"La Poste"
1852623;1.58500;47.62611;"01° 35' 06.00'' Est, 47° 37' 34.00'' Nord";"41260";"PAVILLON DE THOURY";"77 RTE DE THOURY";"41250";"THOURY";"Bâtiment"; 10.0;"Etat, Ministère"
1852625;1.53500;47.65694;"01° 32' 06.00'' Est, 47° 39' 25.00'' Nord";"41034";;"FERME DE  GABILLIERE";"41250";"CHAMBORD";"Bâtiment"; 10.0;"Etat, Ministère"
1857354;1.36528;47.61944;"01° 21' 55.00'' Est, 47° 37' 10.00'' Nord";"41047";;"R DU GRAND SENTIER";"41260";"LA CHAUSSEE-SAINT-VICTOR";"Pylône autostable"; 38.0;"HIVORY"
1859090;1.42528;47.61694;"01° 25' 31.00'' Est, 47° 37' 01.00'' Nord";"41204";;"ZONE ARTISANALE DES TABARDIÈRES";"41350";"SAINT-CLAUDE-DE-DIRAY";"Pylône autostable"; 22.0;"HIVORY"
1859867;1.71861;47.51250;"01° 43' 07.00'' Est, 47° 30' 45.00'' Nord";"41271";"LES NARDILAY";"PYLONE EDF N°47";"41230";"VERNOU-EN-SOLOGNE";"Pylône autostable"; 38.5;"EDF ou GDF"
1862524;0.89556;48.09722;"00° 53' 44.00'' Est, 48° 05' 50.00'' Nord";"41248";"LE BOIS DU PRIEUR";;"41170";"SOUDAY";"Pylône tubulaire"; 37.5;"HIVORY"
1870405;1.68361;47.49389;"01° 41' 01.00'' Est, 47° 29' 38.00'' Nord";"41271";"LA GRIFFONNIERE";"LA BAGATELLE RD 13";"41230";"VERNOU-EN-SOLOGNE";"Pylône autostable"; 31.8;"IFW-FREE"
1874911;1.98194;47.65194;"01° 58' 55.00'' Est, 47° 39' 07.00'' Nord";"41296";"LE RABOT";"VOIE COMMUNALE N° 4 ROUTE DE L'ANCIENNE GARE DE VOUZON";"41600";"VOUZON";"Pylône autostable"; 39.0;"ORANGE"
1876668;1.32056;47.61528;"01° 19' 14.00'' Est, 47° 36' 55.00'' Nord";"41018";;"22 R DU BOUT DES HAIES";"41000";"BLOIS";"Bâtiment"; 11.0;"Société Privée SA"
1879448;1.33361;47.58750;"01° 20' 01.00'' Est, 47° 35' 15.00'' Nord";"41018";;"44 R DENIS PAPIN";"41000";"BLOIS";"Immeuble"; 20.1;"Société Privée SA"
1879998;1.76056;47.44333;"01° 45' 38.00'' Est, 47° 26' 36.00'' Nord";"41140";;"RUE DE MONTAULT";"41200";"MILLANCAY";"Pylône autostable"; 35.0;"IFW-FREE"
1880421;1.73111;47.47722;"01° 43' 52.00'' Est, 47° 28' 38.00'' Nord";"41271";"ETANG DE TEILLAY";"RD 60";"41230";"VERNOU-EN-SOLOGNE";"Pylône autostable"; 37.0;"EDF ou GDF"
1888006;1.07639;48.04500;"01° 04' 35.00'' Est, 48° 02' 42.00'' Nord";"41075";"LE BOURG NORD";"RUE DU POISLAY CHATEAU D EAU";"41270";"DROUE";"Château d'eau - réservoir"; 39.2;"Commune, communauté de commune"
1928703;2.00361;47.44778;"02° 00' 13.00'' Est, 47° 26' 52.00'' Nord";"41232";"LE SAULOT";;"41300";"SALBRIS";"Pylône tubulaire"; 48.6;"TDF"
1929422;2.05056;47.38722;"02° 03' 02.00'' Est, 47° 23' 14.00'' Nord";"41232";"CHALET DE LIGNIERES";"CHEMIN FORESTIER INTERSECTION";"41300";"SALBRIS";"Pylône autostable"; 42.5;"TDF"
1930441;1.33889;47.59750;"01° 20' 20.00'' Est, 47° 35' 51.00'' Nord";"41018";;"25 R MARCEL PAUL";"41000";"BLOIS";"Immeuble"; 16.0;"Etat, Ministère"
1933498;1.53000;47.46639;"01° 31' 48.00'' Est, 47° 27' 59.00'' Nord";"41086";"COSE-BOEUF";"RD 119 STATION D'ÉPURATION";"41250";"FONTAINES-EN-SOLOGNE";"Pylône autostable"; 36.0;"ORANGE"
1933543;1.44028;47.41917;"01° 26' 25.00'' Est, 47° 25' 09.00'' Nord";"41059";"LA CROIX DE LAUNAY";"RUE DE ROMORANTIN";"41700";"CONTRES";"Château d'eau - réservoir"; 58.0;"Syndicat des eaux, Adduction"
1945385;1.33667;47.59389;"01° 20' 12.00'' Est, 47° 35' 38.00'' Nord";"41018";;"RUE LOUIS BODIN";"41000";"BLOIS";"Immeuble"; 22.0;"Commune, communauté de commune"
1945387;1.37806;47.56472;"01° 22' 41.00'' Est, 47° 33' 53.00'' Nord";"41295";;"RUE JACQUARD";"41000";"VINEUIL";"Immeuble"; 12.0;"Commune, communauté de commune"
1954045;1.81500;47.51167;"01° 48' 54.00'' Est, 47° 30' 42.00'' Nord";"41159";"LA MASSE";"INTERSECTION D922 ET D63";"41210";"NEUNG-SUR-BEUVRON";"Pylône autostable"; 31.9;"IFW-FREE"
1954099;1.26083;47.61333;"01° 15' 39.00'' Est, 47° 36' 48.00'' Nord";"41230";"LES TERRES BLANCHES -LE HÊTRE";"CHEMIN RURAL DIT DE L'ARDOISE";"41000";"SAINT-SULPICE";"Pylône autostable"; 31.9;"IFW-FREE"
1957211;1.72389;47.48111;"01° 43' 26.00'' Est, 47° 28' 52.00'' Nord";"41271";"RIGNY";"D60";"41230";"VERNOU-EN-SOLOGNE";"Pylône autostable"; 38.3;"IFW-FREE"
1961363;0.96167;48.07528;"00° 57' 42.00'' Est, 48° 04' 31.00'' Nord";"41096";"LA GARE";;"41270";"LE GAULT-PERCHE";"Pylône autostable"; 30.5;"ORANGE"
1964830;1.84389;47.54056;"01° 50' 38.00'' Est, 47° 32' 26.00'' Nord";"41083";;"RUE DU PRINCE EUGENE";"41210";"LA FERTE-BEAUHARNAIS";"Pylône autostable"; 43.3;"IFW-FREE"
1970156;1.33111;47.56917;"01° 19' 52.00'' Est, 47° 34' 09.00'' Nord";"41018";;"29 AV PIERRE BROSSOLETTE";"41000";"BLOIS";"Pylône autostable"; 36.0;"Société Privée SA"
1985584;1.05306;48.07278;"01° 03' 11.00'' Est, 48° 04' 22.00'' Nord";"41179";"LA PETITE BLOTTIERE";"ZRP LE POISLAY";"41270";"LE POISLAY";"Pylône autostable"; 33.3;"TDF"
1986357;1.00167;47.67333;"01° 00' 06.00'' Est, 47° 40' 24.00'' Nord";"41213";"LES EPINEUSES";;"41310";"SAINT-GOURGON";"Pylône autostable"; 32.8;"TDF"
1987050;1.07667;48.06472;"01° 04' 36.00'' Est, 48° 03' 53.00'' Nord";"41179";"LA GUIGNARDIERE";"PRES D 87";"41270";"LE POISLAY";"Pylône autostable"; 32.8;"TDF"
1987705;1.14917;47.29639;"01° 08' 57.00'' Est, 47° 17' 47.00'' Nord";"41211";"LE ROC";"ROUTE DE VILLENEUVE";"41400";"SAINT-GEORGES-SUR-CHER";"Pylône autostable"; 30.0;"IFW-FREE"
1991795;0.94750;48.07500;"00° 56' 51.00'' Est, 48° 04' 30.00'' Nord";"41096";"LA FAUCHERIE";;"41270";"LE GAULT-PERCHE";"Pylône autostable"; 33.3;"TDF"
2001760;1.30639;47.49389;"01° 18' 23.00'' Est, 47° 29' 38.00'' Nord";"41147";;"ROUTE DE SEUR L HERMITAGE D77";"41120";"LES MONTILS";"Pylône autostable"; 43.3;"IFW-FREE"
2002411;0.84806;48.08556;"00° 50' 53.00'' Est, 48° 05' 08.00'' Nord";"41177";"LES PINOTIÈRES";;"41170";"LE PLESSIS-DORIN";"Pylône autostable"; 30.4;"ORANGE"
2004035;1.32639;47.58611;"01° 19' 35.00'' Est, 47° 35' 10.00'' Nord";"41018";;"39 AVENUE DU DOCTEUR JEAN LAIGRET";"41000";"BLOIS";"Bâtiment"; 18.0;"Copropriété, Syndic, SCI"
2011388;0.98611;47.70667;"00° 59' 10.00'' Est, 47° 42' 24.00'' Nord";"41001";;"LES BOIS DU PLESSIS FORTIA CHEMIN RURAL N°16";"41310";"AMBLOY";"Pylône autostable"; 36.0;"ORANGE"
2026769;1.32917;47.61583;"01° 19' 45.00'' Est, 47° 36' 57.00'' Nord";"41018";;"RUE DES GUIGNIERES";"41000";"BLOIS";"Pylône autostable"; 30.0;"HIVORY"
2028476;1.93667;47.38556;"01° 56' 12.00'' Est, 47° 23' 08.00'' Nord";"41084";;"CHEMIN DE COURGERAIS";"41300";"LA FERTE-IMBAULT";"Pylône autostable"; 49.1;"IFW-FREE"
2030271;1.76056;47.36861;"01° 45' 38.00'' Est, 47° 22' 07.00'' Nord";"41194";"LA PETITE QUEUE DE LOUP";;"41200";"ROMORANTIN-LANTHENAY";"Pylône autostable"; 33.0;"ORANGE"
2036860;1.97667;47.40889;"01° 58' 36.00'' Est, 47° 24' 32.00'' Nord";"41232";;"LES ROUGERAINS";"41300";"SALBRIS";"Pylône tubulaire"; 35.0;"Particulier"
2040151;1.05611;48.03167;"01° 03' 22.00'' Est, 48° 01' 54.00'' Nord";"41075";"LES HAIES";;"41270";"DROUE";"Pylône autostable"; 33.3;"TDF"
2043686;0.90806;48.09361;"00° 54' 29.00'' Est, 48° 05' 37.00'' Nord";"41248";"CARCASSONNE";"ROUTE DU PLESSIS DORIN";"41170";"SOUDAY";"Pylône tubulaire"; 15.7;"ATC FRANCE"
2045881;1.36806;47.61528;"01° 22' 05.00'' Est, 47° 36' 55.00'' Nord";"41047";;"R DE L'ÉGLISE";"41260";"LA CHAUSSEE-SAINT-VICTOR";"Monument religieux"; 29.0;"Commune, communauté de commune"
2047659;1.34139;47.61972;"01° 20' 29.00'' Est, 47° 37' 11.00'' Nord";"41047";"4-6 RUE BRETONNEAU";"4-6 R PIERRE BRETONNEAU PARC D'ACTIVITES A10";"41260";"LA CHAUSSEE-SAINT-VICTOR";"Immeuble"; 15.5;"Société Privée SA"
2053215;1.37722;47.65611;"01° 22' 38.00'' Est, 47° 39' 22.00'' Nord";"41288";"LES PICHETIERES";"RUE LES VALLEES";"41000";"VILLERBON";"Pylône autostable"; 33.3;"TDF"
2054268;1.75583;47.49528;"01° 45' 21.00'' Est, 47° 29' 43.00'' Nord";"41271";;"NARDILAYS";"41230";"VERNOU-EN-SOLOGNE";"Pylône tubulaire"; 41.0;"BOUYGUES"
2065416;0.99222;47.84722;"00° 59' 32.00'' Est, 47° 50' 50.00'' Nord";"41010";;"LA VARENNE D AZE";"41100";"AZE";"Pylône autostable"; 36.9;"Commune, communauté de commune"
2072306;0.68611;47.74000;"00° 41' 10.00'' Est, 47° 44' 24.00'' Nord";"41070";;"LE BOIS NOYER";"41800";"COUTURE-SUR-LOIR";"Pylône autostable"; 36.9;"Commune, communauté de commune"
2127127;1.21472;47.30333;"01° 12' 53.00'' Est, 47° 18' 12.00'' Nord";"41217";;"ROUTE DE LA BILLETTE";"41400";"SAINT-JULIEN-DE-CHEDON";"Pylône autostable"; 38.2;"Particulier"
2127805;1.51917;47.34111;"01° 31' 09.00'' Est, 47° 20' 28.00'' Nord";"41049";"LES LANDES";"PROCHE ÉTANG DE L'ARCHE A85";"41700";"CHEMERY";"Pylône autostable"; 46.9;"Particulier"
2129845;0.78972;47.78167;"00° 47' 23.00'' Est, 47° 46' 54.00'' Nord";"41265";"LES GRANDS CHAMPS";"D 8";"41800";"TROO";"Château d'eau - réservoir"; 53.0;"Syndicat des eaux, Adduction"
2130525;1.34500;47.58028;"01° 20' 42.00'' Est, 47° 34' 49.00'' Nord";"41018";;"2 RUE PIERRE TRINQUEAU D 956";"41000";"BLOIS";"Immeuble"; 17.5;"Particulier"
2132637;1.44417;47.55611;"01° 26' 39.00'' Est, 47° 33' 22.00'' Nord";"41150";;"CHEMIN DE LA GRANDE VENTE RUE DU CHAMP CHARDON";"41250";"MONT-PRES-CHAMBORD";"Pylône autostable"; 30.0;"ORANGE"
2135679;1.40472;47.49750;"01° 24' 17.00'' Est, 47° 29' 51.00'' Nord";"41061";;"4 ROUTE DU CHITENAY";"41120";"CORMERAY";"Pylône autostable"; 30.0;"ORANGE"
2135681;1.56028;47.68639;"01° 33' 37.00'' Est, 47° 41' 11.00'' Nord";"41220";;"RUE DES COTEAUX RUE DU RELAIS DE POSTE";"41220";"SAINT-LAURENT-NOUAN";"Pylône tubulaire"; 25.0;"ORANGE"
2135857;2.15389;47.50806;"02° 09' 14.00'' Est, 47° 30' 29.00'' Nord";"41176";;"21 RUE DES PASSÉES TERRAIN DE SPORT";"41300";"PIERREFITTE-SUR-SAULDRE";"Pylône tubulaire"; 25.0;"ORANGE"
2136611;1.54750;47.27833;"01° 32' 51.00'' Est, 47° 16' 42.00'' Nord";"41242";;"1 RUE GEORGES CLEMENCEAU";"41130";"SELLES-SUR-CHER";"Pylône tubulaire"; 30.0;"ORANGE"
2138554;1.30778;47.29278;"01° 18' 28.00'' Est, 47° 17' 34.00'' Nord";"41126";"LA JAHONNIÈRE";"BOIS DE VAUBRUN PRÈS A85";"41110";"MAREUIL-SUR-CHER";"Pylône autostable"; 30.0;"ORANGE"
2138671;1.05833;47.92750;"01° 03' 30.00'' Est, 47° 55' 39.00'' Nord";"41275";"LA VAURILLE";;"41160";"LA VILLE-AUX-CLERCS";"Pylône autostable"; 32.9;"TDF"
2146923;1.35111;47.24972;"01° 21' 04.00'' Est, 47° 14' 59.00'' Nord";"41198";"LA CAILLETTE";"ROUTE DE LA VALLÉE";"41110";"SAINT-AIGNAN";"pylône arbre"; 30.0;"ORANGE"
2149980;1.05167;47.81389;"01° 03' 06.00'' Est, 47° 48' 50.00'' Nord";"41269";"LA GARDE";"R DES CHAMPLES CHÂTEAU D'EAU";"41100";"VENDOME";"Château d'eau - réservoir"; 55.0;"Syndicat des eaux, Adduction"
2150913;1.01944;47.81722;"01° 01' 10.00'' Est, 47° 49' 02.00'' Nord";"41294";;"AVENUE DES CITES UNIES D EUROPE";"41100";"VILLIERS-SUR-LOIR";"Pylône autostable"; 33.3;"TDF"
2151324;0.97306;47.78861;"00° 58' 23.00'' Est, 47° 47' 19.00'' Nord";"41259";"CHADEU";;"41100";"THORE-LA-ROCHETTE";"Pylône autostable"; 42.0;"Commune, communauté de commune"
2151705;1.57917;47.72139;"01° 34' 45.00'' Est, 47° 43' 17.00'' Nord";"41220";;"CENTRALE ELECTRIQUE ST LAURENT DES EAUX BP 42 BATIMENT PSPG";"41220";"SAINT-LAURENT-NOUAN";"Bâtiment"; 6.0;"EDF ou GDF"
2154888;1.33944;47.58389;"01° 20' 22.00'' Est, 47° 35' 02.00'' Nord";"41018";;"4 AVENUE DU PRESIDENT WILSON";"41000";"BLOIS";"Bâtiment"; 18.3;"Copropriété, Syndic, SCI"
2156066;0.67056;47.74028;"00° 40' 14.00'' Est, 47° 44' 25.00'' Nord";"41070";"LES HAUTS VAUVIAUX";;"41800";"COUTURE-SUR-LOIR";"Pylône autostable"; 22.0;"Towercast"
2161266;0.76111;47.82611;"00° 45' 40.00'' Est, 47° 49' 34.00'' Nord";"41020";"AUDERIE";;"41800";"BONNEVEAU";"Pylône autostable"; 32.0;"Towercast"
2161329;1.05028;47.79861;"01° 03' 01.00'' Est, 47° 47' 55.00'' Nord";"41269";;"51 AVENUE DE RONSARD";"41100";"VENDOME";"Pylône tubulaire"; 31.0;"IFW-FREE"
2161330;1.05028;47.79861;"01° 03' 01.00'' Est, 47° 47' 55.00'' Nord";"41269";;"51 AVENUE DE RONSARD";"41100";"VENDOME";"Pylône tubulaire"; 31.0;"IFW-FREE"
2164663;2.05750;47.66194;"02° 03' 27.00'' Est, 47° 39' 43.00'' Nord";"41296";;"RTE DE MENESTREAU LES RHUETS";"41600";"VOUZON";"Bâtiment"; 8.0;"Association"
2164837;1.22028;47.95861;"01° 13' 13.00'' Est, 47° 57' 31.00'' Nord";"41216";"LE PETIT VIMOY";"VOIE COMMUNAL N°12 DEVANT LES JOURNETS PRÈS N10";"41160";"SAINT-JEAN-FROIDMENTEL";"Pylône autostable"; 30.0;"ORANGE"
2171083;1.29667;47.82111;"01° 17' 48.00'' Est, 47° 49' 16.00'' Nord";"41171";;"12 AVENUE EDOUARD LÉGISSE RUE DE L'EGLISE";"41290";"OUCQUES";"Pylône tubulaire"; 30.0;"ORANGE"
2171140;1.02778;47.84944;"01° 01' 40.00'' Est, 47° 50' 58.00'' Nord";"41010";"LES BELLEZEVERIES";"CHEMIN RURAL N° 40";"41100";"AZE";"Pylône autostable"; 37.0;"ORANGE"
2171519;1.02694;47.83722;"01° 01' 37.00'' Est, 47° 50' 14.00'' Nord";"41010";"BOIS DE LA VIRGINITÉ";"VC N° 17 D'AZÉ À VENDÔME PRÈS LIGNE TGV";"41100";"AZE";"Pylône autostable"; 36.0;"ORANGE"
2175342;1.66306;47.58250;"01° 39' 47.00'' Est, 47° 34' 57.00'' Nord";"41074";"ZA DU MAUPAS";"RUE DE BRACIEUX PRÈS DÉCHETTERIE";"41220";"DHUIZON";"Pylône autostable"; 36.0;"ORANGE"
2179633;1.25111;47.66889;"01° 15' 04.00'' Est, 47° 40' 08.00'' Nord";"41040";"LE PETIT MASANGE";"RUE BERNARD SERGENT STÉ AFFINITY LA CHAPELLE";"41330";"LA CHAPELLE-VENDOMOISE";"Bâtiment"; 12.5;"Société Privée SA"
2187934;2.01333;47.60389;"02° 00' 48.00'' Est, 47° 36' 14.00'' Nord";"41106";"PARC EQUESTRE FÉDÉRAL";"D35 ST MAURICE NORD";"41600";"LAMOTTE-BEUVRON";"Pylône tubulaire"; 12.0;"ORANGE"
2189832;1.54306;47.28583;"01° 32' 35.00'' Est, 47° 17' 09.00'' Nord";"41242";;"RUE JEAN CHICK";"41130";"SELLES-SUR-CHER";"Pylône autostable"; 35.0;"Commune, communauté de commune"
2194530;1.33611;47.59083;"01° 20' 10.00'' Est, 47° 35' 27.00'' Nord";"41018";;"R D ANGLETERRE";"41000";"BLOIS";"Immeuble"; 15.0;"Commune, communauté de commune"
2198665;1.31444;47.47111;"01° 18' 52.00'' Est, 47° 28' 16.00'' Nord";"41059";;"RUE DES ECOLES";"41120";"CONTRES";"Pylône autostable"; 24.0;"ORANGE"
2203022;0.93917;47.73056;"00° 56' 21.00'' Est, 47° 43' 50.00'' Nord";"41102";"LA FERRIÈRE";"LE CLOS PECQUET";"41800";"HOUSSAY";"Pylône autostable"; 45.0;"BOUYGUES"
2203405;1.25639;47.71583;"01° 15' 23.00'' Est, 47° 42' 57.00'' Nord";"41035";;"CHEM RURAL N°18 DIT DE CARREAU";"41330";"CHAMPIGNY-EN-BEAUCE";"Pylône autostable"; 33.0;"BOUYGUES"
2203413;1.83861;47.39861;"01° 50' 19.00'' Est, 47° 23' 55.00'' Nord";"41118";"MESPLAY";"D 60 - PRÈS TERRAIN TENNIS";"41200";"LOREUX";"Pylône autostable"; 45.0;"BOUYGUES"
2203419;1.36556;47.50333;"01° 21' 56.00'' Est, 47° 30' 12.00'' Nord";"41052";"LES ARDILLES";"CHE DU MOULIN NEUF";"41120";"CHITENAY";"Pylône autostable"; 50.2;"BOUYGUES"
2203761;0.92389;47.81000;"00° 55' 26.00'' Est, 47° 48' 36.00'' Nord";"41120";"LES DARDOUILLES";;"41360";"LUNAY";"Pylône autostable"; 33.0;"BOUYGUES"
2211186;1.32556;47.58917;"01° 19' 32.00'' Est, 47° 35' 21.00'' Nord";"41018";;"RUE DE LA GARENNE";"41000";"BLOIS";"Bâtiment"; 6.0;"Commune, communauté de commune"
2211188;1.31889;47.59389;"01° 19' 08.00'' Est, 47° 35' 38.00'' Nord";"41018";;"37, RUE PIERRE ET MARIE CURIE -FOYER DES JEUNES TRAVAILLEURS";"41000";"BLOIS";"Immeuble"; 40.0;"Société HLM"
2211566;1.36611;47.26500;"01° 21' 58.00'' Est, 47° 15' 54.00'' Nord";"41198";;"RUE DE VERDUN  ROUTE DU BLANC";"41110";"SAINT-AIGNAN";"Pylône tubulaire"; 30.0;"ORANGE"
2212357;1.24306;47.53639;"01° 14' 35.00'' Est, 47° 32' 11.00'' Nord";"41055";"LA VINETTERIE";"AVENUE DES BEAUMONTS LA CROIX BEURRÉE";"41150";"CHOUZY-SUR-CISSE";"Pylône autostable"; 30.0;"ORANGE"
2216022;1.25889;47.39917;"01° 15' 32.00'' Est, 47° 23' 57.00'' Nord";"41180";"LA JUSTICE";"RUE DE L AIL VERT";"41400";"PONTLEVOY";"Pylône autostable"; 32.6;"TDF"
2217385;1.22306;47.50028;"01° 13' 23.00'' Est, 47° 30' 01.00'' Nord";"41055";"LA CARTE";"VALLOIRE SUR CISSE";"41150";"CHOUZY-SUR-CISSE";"Pylône autostable"; 36.0;"ORANGE"
2219840;1.17917;47.29556;"01° 10' 45.00'' Est, 47° 17' 44.00'' Nord";"41080";"LE POTEAU";"70 ROUTE DE LOCHES  PRÈS D764";"41400";"FAVEROLLES-SUR-CHER";"Pylône autostable"; 30.0;"ORANGE"
2220103;1.52556;47.41444;"01° 31' 32.00'' Est, 47° 24' 52.00'' Nord";"41247";"LE BOURG";"RUE DE LA SALLE DES FETES";"41230";"SOINGS-EN-SOLOGNE";"Pylône tubulaire"; 25.0;"ORANGE"
2222370;1.37944;47.28833;"01° 22' 46.00'' Est, 47° 17' 18.00'' Nord";"41164";;"49 RUE DE LA MARDELLE GARE DE NOYERS-ST-AIGNAN";"41140";"NOYERS-SUR-CHER";"Pylône autostable"; 38.7;"TDF"
2223430;1.53417;47.74806;"01° 32' 03.00'' Est, 47° 44' 53.00'' Nord";"41245";"LES PIECES DE LUSSAY";"CHEMIN RURAL N°10";"41500";"SERIS";"Pylône autostable"; 37.0;"TDF"
2227466;1.46611;47.72194;"01° 27' 58.00'' Est, 47° 43' 19.00'' Nord";"41039";;"LA POINTE DES GRILLONS";"41500";"LA CHAPELLE-SAINT-MARTIN-EN-PLAINE";"Pylône autostable"; 32.7;"TDF"
2228411;1.34778;47.25000;"01° 20' 52.00'' Est, 47° 15' 00.00'' Nord";"41198";;"2 RTE DE LA CAILLETTE";"41110";"SAINT-AIGNAN";"Bâtiment"; 41.0;"Commune, communauté de commune"
2235611;1.57000;47.74306;"01° 34' 12.00'' Est, 47° 44' 35.00'' Nord";"41114";"POSTE ELECTRIQUE DE LESTIOU";"LA MAISONNETTE";"41500";"LESTIOU";"Pylône autostable"; 30.0;"ORANGE"
2253082;0.81861;47.79667;"00° 49' 07.00'' Est, 47° 47' 48.00'' Nord";"41087";;"LA CARRIÈRE";"41800";"FONTAINE-LES-COTEAUX";"Pylône autostable"; 42.0;"BOUYGUES"
2253084;1.67250;47.42722;"01° 40' 21.00'' Est, 47° 25' 38.00'' Nord";"41268";;"LE PETIT BREVIGNON";"41230";"VEILLEINS";"Pylône autostable"; 46.4;"BOUYGUES"
2254214;1.14250;47.47750;"01° 08' 33.00'' Est, 47° 28' 39.00'' Nord";"41167";"LES NOUES";"105 A LES HAUTS DE VEUVES VC N°3-VC N°4 CHEMIN NEUF DEVANT LES NOUES";"41150";"ONZAIN";"Pylône autostable"; 30.0;"ORANGE"
2256540;1.39194;47.46083;"01° 23' 31.00'' Est, 47° 27' 39.00'' Nord";"41059";"L'ETANG DE FAVRAS";"ROUTE DE L'ETANG";"41120";"CONTRES";"Pylône autostable"; 30.0;"ORANGE"
2257784;1.18222;47.35000;"01° 10' 56.00'' Est, 47° 21' 00.00'' Nord";"41151";"LES SABLONNIÈRES";"38 RUE DES RELIGIEUSES";"41400";"MONTRICHARD";"Pylône tubulaire"; 35.0;"ORANGE"
2261141;1.11694;47.60472;"01° 07' 01.00'' Est, 47° 36' 17.00'' Nord";"41093";;"A10 PR 166.5";"41190";"FRANCAY";"Pylône autostable"; 16.0;"Sociétés d'Autoroutes"
2261342;1.52194;47.73806;"01° 31' 19.00'' Est, 47° 44' 17.00'' Nord";"41008";"LES CARREAUX";"A10 E60 PR 130.2";"41500";"AVARAY";"Pylône autostable"; 18.0;"Sociétés d'Autoroutes"
2268088;2.03778;47.54194;"02° 02' 16.00'' Est, 47° 32' 31.00'' Nord";"41161";"LE BOURG";"RUE DE TIVOLI";"41600";"NOUAN-LE-FUZELIER";"Pylône autostable"; 30.0;"ORANGE"
2268462;1.39167;47.63444;"01° 23' 30.00'' Est, 47° 38' 04.00'' Nord";"41206";"LES RÉAGES DU PRESSOIR";"RN152";"41000";"SAINT-DENIS-SUR-LOIRE";"Pylône autostable"; 30.0;"ORANGE"
2268507;1.18528;47.75833;"01° 11' 07.00'' Est, 47° 45' 30.00'' Nord";"41243";"LE PAVE DU CHEMIN DE VENDOME";"CHEMIN RURAL N°5 BIS CHEMIN DU PAVÉ DE VENDÔME";"41100";"SELOMMES";"Pylône tubulaire"; 31.0;"IFW-FREE"
2269889;1.46944;47.68528;"01° 28' 10.00'' Est, 47° 41' 07.00'' Nord";"41252";"LA GARENNE";;"41500";"SUEVRES";"Pylône autostable"; 30.0;"ORANGE"
2277427;1.55722;47.72944;"01° 33' 26.00'' Est, 47° 43' 46.00'' Nord";"41008";"LES MOTTES";"VOIE COMMUNALE N°7 DITE DE LA RUE CREUSE PRÈS D2152";"41500";"AVARAY";"Pylône autostable"; 30.0;"ORANGE"
2286017;1.26722;47.53389;"01° 16' 02.00'' Est, 47° 32' 02.00'' Nord";"41055";;"CHEMIN DE L'ISLE VERT";"41150";"CHOUZY-SUR-CISSE";"Pylône autostable"; 36.0;"ORANGE Services Fixes"
2286396;1.76556;47.27306;"01° 45' 56.00'' Est, 47° 16' 23.00'' Nord";"41218";"L'EPINETTERIE";"CR N° 16 DIT DES PETITS CHEMINS LES CERPES";"41320";"SAINT-JULIEN-SUR-CHER";"Pylône autostable"; 36.0;"TDF"
2295889;1.57167;47.74361;"01° 34' 18.00'' Est, 47° 44' 37.00'' Nord";"41114";"LES GOUFFRES";"POSTE ELECTRIQUE DE LESTIOU";"41500";"LESTIOU";"Pylône autostable"; 24.0;"ORANGE"
2302794;1.20333;47.67972;"01° 12' 12.00'' Est, 47° 40' 47.00'' Nord";"41281";;"AÉRODROME";"41330";"VILLEFRANCOEUR";"Mât béton"; 4.0;"Société Privée SA"
2314333;0.87972;47.71000;"00° 52' 47.00'' Est, 47° 42' 36.00'' Nord";"41201";"LES HUTTES";;"41800";"SAINT-ARNOULT";"Pylône autostable"; 37.9;"IFW-FREE"
2331630;2.01194;47.62111;"02° 00' 43.00'' Est, 47° 37' 16.00'' Nord";"41296";;"AIRE DE REPOS DE RHEZ (LA BONNERIE)";"41600";"VOUZON";"Pylône autostable"; 46.0;"BOUYGUES"
2331632;1.97417;47.65444;"01° 58' 27.00'' Est, 47° 39' 16.00'' Nord";"41296";;"LES BRUYERES";"41600";"VOUZON";"Pylône autostable"; 46.0;"BOUYGUES"
2331642;1.41250;47.53556;"01° 24' 45.00'' Est, 47° 32' 08.00'' Nord";"41031";"LA POINTE DE FORET";"RUE DE CLENORD";"41120";"CELLETTES";"Pylône autostable"; 36.0;"BOUYGUES"
2333156;1.24833;47.29806;"01° 14' 54.00'' Est, 47° 17' 53.00'' Nord";"41002";"PREUILLAND";;"41400";"ANGE";"Pylône autostable"; 30.0;"BOUYGUES"
2333941;1.67583;47.28139;"01° 40' 33.00'' Est, 47° 16' 53.00'' Nord";"41097";"LES BROSSES";"CHEMIN N° 51 DIT DU PERREUX";"41130";"GIEVRES";"Pylône autostable"; 36.0;"ORANGE"
2334093;1.17750;47.29889;"01° 10' 39.00'' Est, 47° 17' 56.00'' Nord";"41080";"LE BOULAY";"LE BOULAY";"41400";"FAVEROLLES-SUR-CHER";"Pylône autostable"; 32.6;"Société Privée SA"
2334754;1.42194;47.31944;"01° 25' 19.00'' Est, 47° 19' 10.00'' Nord";"41229";"LES BEAUSSIERS";"1 RUE DE LA FORET";"41140";"SAINT-ROMAIN-SUR-CHER";"Pylône haubané"; 32.6;"Société Privée SA"
2342044;1.49306;47.80667;"01° 29' 35.00'' Est, 47° 48' 24.00'' Nord";"41027";"CROIX VILLEMUZARD";"PIECE DU MOULIN LE MOULIN DE BRIOU";"41370";"BRIOU";"Pylône autostable"; 32.5;"BOUYGUES"
2342046;1.20694;47.96417;"01° 12' 25.00'' Est, 47° 57' 51.00'' Nord";"41216";;"LES QUATRE VENTS D136";"41160";"SAINT-JEAN-FROIDMENTEL";"Pylône autostable"; 32.3;"BOUYGUES"
2343097;1.30667;47.35472;"01° 18' 24.00'' Est, 47° 21' 17.00'' Nord";"41146";"TERRE NEUVE";"ROUTE DE TERRE NEUVE";"41400";"MONTHOU-SUR-CHER";"Pylône autostable"; 32.3;"BOUYGUES"
2343853;1.46278;47.68389;"01° 27' 46.00'' Est, 47° 41' 02.00'' Nord";"41252";;"CHEMIN RURAL N°40 LA GARENNE";"41500";"SUEVRES";"Pylône autostable"; 30.0;"ORANGE"
2385446;1.33250;47.59028;"01° 19' 57.00'' Est, 47° 35' 25.00'' Nord";"41018";;"PLACE DE LA RÉPUBLIQUE HÔTEL DÉPARTEMENTAL DE LOIR ET CHER";"41000";"BLOIS";"Bâtiment"; 18.0;"Conseil Départemental"
2388352;1.30972;47.60389;"01° 18' 35.00'' Est, 47° 36' 14.00'' Nord";"41018";;"11-13 AVENUE GUTENBERG CENTRE DE SECOURS PRINCIPAL DE BLOIS";"41000";"BLOIS";"Bâtiment"; 20.0;"SDIS, secours, incendie"
2389323;1.30056;47.55111;"01° 18' 02.00'' Est, 47° 33' 04.00'' Nord";"41032";"LES MAISONS BRÛLÉES";;"41120";"CHAILLES";"Pylône autostable"; 48.0;"TDF"
2415653;1.30028;47.29389;"01° 18' 01.00'' Est, 47° 17' 38.00'' Nord";"41126";;"R DE MESNE";"41110";"MAREUIL-SUR-CHER";"Pylône autostable"; 44.5;"PHOENIX FRANCE INFRASTRUCTURES"
2416640;1.15000;47.78750;"01° 08' 60.00'' Est, 47° 47' 15.00'' Nord";"41291";;"STADE LA TEMPERIE RUE DE TOURAINE";"41100";"VILLETRUN";"Pylône autostable"; 36.0;"ORANGE"
2417592;1.31917;47.32500;"01° 19' 09.00'' Est, 47° 19' 30.00'' Nord";"41258";"PIZY";"CHEM DE PIZY  RUE DES SABLES";"41140";"THESEE";"Pylône autostable"; 30.0;"ORANGE"
2423199;1.63000;47.71889;"01° 37' 48.00'' Est, 47° 43' 08.00'' Nord";"41220";;"CHEMIN DE TUFFÉ";"41220";"SAINT-LAURENT-NOUAN";"Pylône autostable"; 30.0;"TDF"
