Numéro du support;Longitude;Latitude;"Position";"Insee";"Lieu dit";"Adresse";"Code postal";"Commune";"Nature du support";Hauteur en m;"Propriétaire"
18932;-0.05833;46.49528;"00° 03' 30.00'' Ouest, 46° 29' 43.00'' Nord";"79176";;"4 PL DES CLOITRES LA POSTE";"79340";"MENIGOUTE";"Pylône autostable"; 25.0;"ORANGE Services Fixes"
18948;-0.34417;46.12333;"00° 20' 39.00'' Ouest, 46° 07' 24.00'' Nord";"79090";"LES TROIS JOURNAUX";;"79170";"CHIZE";"Pylône autostable"; 47.0;"ORANGE Services Fixes"
18950;-0.02889;46.71972;"00° 01' 44.00'' Ouest, 46° 43' 11.00'' Nord";"79326";;"IMP DERRIERE L'EGLISE LE BOURG SUD";"79390";"THENEZAY";"Mât"; 10.0;
55577;-0.43389;46.24111;"00° 26' 02.00'' Ouest, 46° 14' 28.00'' Nord";"79125";"ECH NIORT-SUD A10";"SITE ASF A10";"79230";"FORS";"Pylône autostable"; 40.0;"Sociétés d'Autoroutes"
55685;-0.31500;46.33778;"00° 18' 54.00'' Ouest, 46° 20' 16.00'' Nord";"79048";"ACCÈS SERVICE 23B A10";"SITE ASF A10";"79260";"LA CRECHE";"Pylône autostable"; 40.0;"Sociétés d'Autoroutes"
62121;-0.17194;46.36167;"00° 10' 19.00'' Ouest, 46° 21' 42.00'' Nord";"79319";"LA GARENNE";"FRONFRÉROUX CHATEAU D'EAU";"79800";"SOUVIGNE";"Château d'eau - réservoir"; 40.0;"Syndicat des eaux, Adduction"
64564;-0.39750;46.41944;"00° 23' 51.00'' Ouest, 46° 25' 10.00'' Nord";"79109";"ECH DE NIORT-NORD";;"79410";"ECHIRE";"Pylône autostable"; 30.0;"Sociétés d'Autoroutes"
68258;-0.46056;46.24250;"00° 27' 38.00'' Ouest, 46° 14' 33.00'' Nord";"79137";;"A10/GRIFFIER GARE DE PEAGE A10 ECH SORTIE 23";"79360";"GRANZAY-GRIPT";"Fût"; 2.0;"Société Privée SA"
105240;-0.34722;47.00833;"00° 20' 50.00'' Ouest, 47° 00' 30.00'' Nord";"79168";"LA PERRIÈRE";"CHEM RURAL";"79150";"MASSAIS";"Pylône autostable"; 36.0;"ORANGE"
105262;-0.48306;46.33167;"00° 28' 59.00'' Ouest, 46° 19' 54.00'' Nord";"79191";;"MAIF - 200 AV SALVADOR ALLENDE";"79000";"NIORT";"Immeuble"; 27.0;"Société Privée SA"
105272;-0.06833;46.65500;"00° 04' 06.00'' Ouest, 46° 39' 18.00'' Nord";"79120";;"RTE DU LAVOIR";"79390";"LA FERRIERE-EN-PARTHENAY";"Château d'eau - réservoir"; 38.0;"Syndicat des eaux, Adduction"
105292;-0.79028;46.86861;"00° 47' 25.00'' Ouest, 46° 52' 07.00'' Nord";"79235";;"CHEM RURAL DU CHÂTEAU D'EAU";"79700";"SAINT-AMAND-SUR-SEVRE";"Château d'eau - réservoir"; 23.0;"Commune, communauté de commune"
105326;-0.67000;46.89639;"00° 40' 12.00'' Ouest, 46° 53' 47.00'' Nord";"79210";;"LE PEU DE LA GARDE";"79140";"LE PIN";"Pylône autostable"; 30.0;"ORANGE"
112282;-0.51361;46.83833;"00° 30' 49.00'' Ouest, 46° 50' 18.00'' Nord";"79049";"SICAUDIÈRES";;"79300";"BRESSUIRE";"Pylône autostable"; 24.0;"TDF"
164148;-0.49333;46.84417;"00° 29' 36.00'' Ouest, 46° 50' 39.00'' Nord";"79049";;"4 IMP DU DOCTEUR ICHON HÔPITAL";"79300";"BRESSUIRE";"Bâtiment"; 12.0;"Etablissement de soins"
200774;-0.43028;46.59556;"00° 25' 49.00'' Ouest, 46° 35' 44.00'' Nord";"79311";;"LA CHAULERIE";"79130";"SECONDIGNY";"Support non décrit"; 15.0;
200820;-0.24111;46.81250;"00° 14' 28.00'' Ouest, 46° 48' 45.00'' Nord";"79325";;"ENJOURAN";"79600";"TESSONNIERE";"Support non décrit"; 15.0;
200826;-0.12056;46.33194;"00° 07' 14.00'' Ouest, 46° 19' 55.00'' Nord";"79184";;"LE VIVIER";"79800";"LA MOTHE-SAINT-HERAY";"Support non décrit"; 15.0;
200834;-0.71917;46.93278;"00° 43' 09.00'' Ouest, 46° 55' 58.00'' Nord";"79079";;"POSTE ELECTRIQUE MAULEON GARE ST AUBIN DE BAUBIGNE";"79700";"MAULEON";"Support non décrit"; 20.0;
223898;-0.46722;46.32028;"00° 28' 02.00'' Ouest, 46° 19' 13.00'' Nord";"79191";;"14  AV DE LA ROCHELLE";"79000";"NIORT";"Bâtiment"; 8.0;"Société Privée SA"
261953;-0.13722;46.82333;"00° 08' 14.00'' Ouest, 46° 49' 24.00'' Nord";"79005";;"16 TER RUE EMMANUEL BONNET PLACE DES PROMENEURS";"79600";"AIRVAULT";"Pylône autostable"; 35.0;"Titulaire programme Radio/TV"
299623;-0.46361;46.30750;"00° 27' 49.00'' Ouest, 46° 18' 27.00'' Nord";"79191";"LA JOUBERTERIE";"R DU NORD DÉPÔT SNCF DE ROMAGNÉ";"79000";"NIORT";"Pylône autostable"; 28.0;"SNCF Réseau"
316227;-0.46083;46.24361;"00° 27' 39.00'' Ouest, 46° 14' 37.00'' Nord";"79137";"FIEF DE HAUT GRIFFIER";"GRIFFIER GARE DE PEAGE NIORT SUD";"79360";"GRANZAY-GRIPT";"Bâtiment"; 7.0;"Sociétés d'Autoroutes"
358466;-0.30083;46.91694;"00° 18' 03.00'' Ouest, 46° 55' 01.00'' Nord";"79159";;"LA MENARDIERE";"79330";"LUCHE-THOUARSAIS";"Mât"; 5.0;
358468;-0.26167;46.96417;"00° 15' 42.00'' Ouest, 46° 57' 51.00'' Nord";"79171";;"LA GOURAUDIERE CARRIERE ROY";"79100";"MAUZE-THOUARSAIS";"Mât"; 3.0;
363887;-0.20528;46.99639;"00° 12' 19.00'' Ouest, 46° 59' 47.00'' Nord";"79329";;"R HENRI DUBOIS ENTREPRISE SAMO";"79100";"THOUARS";"Pylône autostable"; 32.0;"ORANGE"
425872;-0.21778;46.96417;"00° 13' 04.00'' Ouest, 46° 57' 51.00'' Nord";"79258";;"R HENRI DE FRANCE CHATEAU D'EAU";"79100";"SAINT-JACQUES-DE-THOUARS";"Pylône autostable"; 39.0;"TDF"
425874;-0.21028;46.40472;"00° 12' 37.00'' Ouest, 46° 24' 17.00'' Nord";"79270";"LA GRANGE AUX MOINES";"R DU BOSQUET";"79400";"SAINT-MAIXENT-L'ECOLE";"Mât béton"; 23.0;"TDF"
426658;-0.46333;46.32111;"00° 27' 48.00'' Ouest, 46° 19' 16.00'' Nord";"79191";;"20 R DU 24 FÉVRIER";"79000";"NIORT";"Bâtiment"; 17.0;"Copropriété, Syndic, SCI"
439652;-0.46056;46.33417;"00° 27' 38.00'' Ouest, 46° 20' 03.00'' Nord";"79191";;"R DU VIVIER USINES DES EAUX";"79000";"NIORT";"Château d'eau - réservoir"; 82.6;"Syndicat des eaux, Adduction"
446750;-0.34778;46.75861;"00° 20' 52.00'' Ouest, 46° 45' 31.00'' Nord";"79008";"BOIS DE BOULA";"LES CHATELIERS";"79350";"AMAILLOUX";"Pylône autostable"; 204.0;"TDF"
448792;-0.40250;46.33639;"00° 24' 09.00'' Ouest, 46° 20' 11.00'' Nord";"79191";"CHAMP CHAILLOT";"5 RUE GUTENBERG";"79000";"NIORT";"Pylône autostable"; 47.0;"SFR"
453530;-0.47556;46.17583;"00° 28' 32.00'' Ouest, 46° 10' 33.00'' Nord";"79031";"LES AFFRANCHIMENTS";"RTE DE PRISSÉ RN 150 CHÂTEAU D'EAU";"79360";"BEAUVOIR-SUR-NIORT";"Château d'eau - réservoir"; 32.0;"Commune, communauté de commune"
455039;-0.18639;46.97417;"00° 11' 11.00'' Ouest, 46° 58' 27.00'' Nord";"79329";"LES PRÈRES";"R DU DR ANDRÉ COLAS CTRE DES ATELIERS MUNICIPAUX";"79100";"THOUARS";"Pylône autostable"; 47.0;"SFR"
455952;-0.11500;46.74278;"00° 06' 54.00'' Ouest, 46° 44' 34.00'' Nord";"79019";"LA GRANDE PLAINE D'AUBIGNY";"RTE COMMUNALE 14 COOPÉRATIVE CIVRAY CAP SUD";"79390";"AUBIGNY";"Pylône autostable"; 38.0;"ORANGE"
455978;-0.14722;46.59917;"00° 08' 50.00'' Ouest, 46° 35' 57.00'' Nord";"79278";;"TERRIER DE SAINT MARTIN DU FOUILLOUX LES MORINIÈRES";"79420";"SAINT-MARTIN-DU-FOUILLOUX";"Pylône autostable"; 90.0;"TDF"
456728;-0.51722;46.84583;"00° 31' 02.00'' Ouest, 46° 50' 45.00'' Nord";"79049";"LA LOGE DE ST PORCHAIRE";"RTE DE LA MAISONNEUVE DES BRANDES";"79300";"BRESSUIRE";"Pylône autostable"; 55.0;"SFR"
460356;-0.40722;46.61917;"00° 24' 26.00'' Ouest, 46° 37' 09.00'' Nord";"79311";"LES TONNELLES";"RÉSERVOIR";"79130";"SECONDIGNY";"Pylône autostable"; 36.0;"ORANGE"
463424;-0.42028;46.33556;"00° 25' 13.00'' Ouest, 46° 20' 08.00'' Nord";"79191";;"15 RUE DES HERBILLAUX RUE JOULE";"79000";"NIORT";"Pylône autostable"; 40.0;"BOUYGUES"
463766;-0.55833;46.30444;"00° 33' 30.00'' Ouest, 46° 18' 16.00'' Nord";"79162";"LES FROUTIS";"CHEM RURAL DIT LES BASSETTES";"79460";"MAGNE";"Pylône autostable"; 40.0;"SFR"
467805;-0.25611;46.66861;"00° 15' 22.00'' Ouest, 46° 40' 07.00'' Nord";"79080";;"RTE DE LA BRESSANDIÈRE Z.I.";"79200";"CHATILLON-SUR-THOUET";"Pylône autostable"; 47.0;"SFR"
484406;-0.30556;46.58167;"00° 18' 20.00'' Ouest, 46° 34' 54.00'' Nord";"79285";"LA PETITE ROCHE";"CHEM RURAL";"79310";"SAINT-PARDOUX";"Pylône autostable"; 30.0;"ORANGE"
484710;-0.53556;46.26528;"00° 32' 08.00'' Ouest, 46° 15' 55.00'' Nord";"79130";"LES AIGUILLES AUX RETS";;"79270";"FRONTENAY-ROHAN-ROHAN";"Pylône autostable"; 49.3;"TDF"
496700;-0.48528;46.84250;"00° 29' 07.00'' Ouest, 46° 50' 33.00'' Nord";"79049";;"15 R MALABRY";"79300";"BRESSUIRE";"Pylône autostable"; 41.0;"ORANGE"
496725;-0.29500;46.36083;"00° 17' 42.00'' Ouest, 46° 21' 39.00'' Nord";"79048";"LES GRANDE RENTES";"VOIE COMMUNALE N°35";"79260";"LA CRECHE";"Pylône autostable"; 30.0;"SFR"
505567;-0.12444;46.30500;"00° 07' 28.00'' Ouest, 46° 18' 18.00'' Nord";"79098";"GOUX";"D.737  VC N° 18";"79800";"LA COUARDE";"Pylône autostable"; 39.0;"ORANGE"
507210;-0.33306;46.30889;"00° 19' 59.00'' Ouest, 46° 18' 32.00'' Nord";"79355";"GASCOUGNOLLES";"R DES LÉVRIES";"79230";"VOUILLE";"Pylône autostable"; 50.0;"CELLNEX"
510239;-0.05278;46.19278;"00° 03' 10.00'' Ouest, 46° 11' 34.00'' Nord";"79164";;"LA BROUSSE";"79500";"MAISONNAY";"Pylône haubané"; 330.0;"TDF"
510258;-0.16750;46.42056;"00° 10' 03.00'' Ouest, 46° 25' 14.00'' Nord";"79189";"GÂTEBOT";;"79400";"NANTEUIL";"Pylône autostable"; 50.0;"TDF"
510354;-0.65389;46.75861;"00° 39' 14.00'' Ouest, 46° 45' 31.00'' Nord";"79123";"LA SAVARIÈRE";"STADE MUNICIPAL";"79380";"LA FORET-SUR-SEVRE";"Pylône autostable"; 45.0;"TDF"
510978;-0.18056;46.28444;"00° 10' 50.00'' Ouest, 46° 17' 04.00'' Nord";"79353";"GROLLIER";"CHÂTEAU D'EAU DE VITRÉ - D108";"79370";"VITRE";"Château d'eau - réservoir"; 40.0;"Syndicat des eaux, Adduction"
510994;-0.19778;46.85778;"00° 11' 52.00'' Ouest, 46° 51' 28.00'' Nord";"79134";;"ROUTE DES SIX CHEMS - SOUSSIGNY";"79330";"GLENAY";"Mât"; 15.0;"Altitude Telecom"
510996;-0.66556;46.76278;"00° 39' 56.00'' Ouest, 46° 45' 46.00'' Nord";"79123";"LA TOURNEVRIÈRE";;"79380";"LA FORET-SUR-SEVRE";"Mât"; 12.0;"Altitude Telecom"
510998;-0.56833;46.54417;"00° 34' 06.00'' Ouest, 46° 32' 39.00'' Nord";"79077";"LES VAUX";;"79160";"LA CHAPELLE-THIREUIL";"Mât"; 12.0;"Altitude Telecom"
511004;-0.44167;46.53944;"00° 26' 30.00'' Ouest, 46° 32' 22.00'' Nord";"79200";;"LE HAUT DU BOURG";"79220";"PAMPLIE";"Mât"; 12.0;"Altitude Telecom"
511008;-0.10528;46.38417;"00° 06' 19.00'' Ouest, 46° 23' 03.00'' Nord";"79303";;"LE CHAMP POIGNARD";"79800";"SALLES";"Mât"; 12.0;"Altitude Telecom"
511010;-0.58917;46.15083;"00° 35' 21.00'' Ouest, 46° 09' 03.00'' Nord";"79219";;"ANGLE DES RUES DU PONT/R DE LA COUDRE";"79210";"PRIAIRES";"Mât"; 12.0;"Altitude Telecom"
511136;-0.47417;46.83639;"00° 28' 27.00'' Ouest, 46° 50' 11.00'' Nord";"79049";;"R DE BELLEVUE";"79300";"BRESSUIRE";"Château d'eau - réservoir"; 49.0;"Syndicat des eaux, Adduction"
511143;-0.34361;46.49806;"00° 20' 37.00'' Ouest, 46° 29' 53.00'' Nord";"79172";"L'HIRONDELLE";"GAVACHINS DE LA MAISON BLANCHE - D743";"79310";"MAZIERES-EN-GATINE";"Pylône autostable"; 48.0;"TDF"
511151;-0.66028;46.29194;"00° 39' 37.00'' Ouest, 46° 17' 31.00'' Nord";"79254";"VAILLE";;"79210";"SAINT-GEORGES-DE-REX";"Pylône autostable"; 35.0;"Conseil Départemental"
511180;-0.21389;46.15639;"00° 12' 50.00'' Ouest, 46° 09' 23.00'' Nord";"79057";;"LES VAUVAINES";"79170";"BRIOUX-SUR-BOUTONNE";"Pylône autostable"; 43.0;"TDF"
511184;-0.11111;46.06944;"00° 06' 40.00'' Ouest, 46° 04' 10.00'' Nord";"79027";"LE BOIS VINET";"CHEM DE LA ROCHELLE";"79110";"LA BATAILLE";"Pylône autostable"; 34.0;"Conseil Départemental"
511188;0.19111;46.09333;"00° 11' 28.00'' Est, 46° 05' 36.00'' Nord";"79180";;"LA GARENNE NOIRE BOIS DE LA RONDE";"79190";"MONTALEMBERT";"Pylône autostable"; 49.0;"TDF"
511209;-0.20861;46.79611;"00° 12' 31.00'' Ouest, 46° 47' 46.00'' Nord";"79156";"LA TOUCHE L'ABBÉ";"LA GARDE";"79600";"LOUIN";"Pylône autostable"; 38.0;"TDF"
511213;-0.37222;46.26972;"00° 22' 20.00'' Ouest, 46° 16' 11.00'' Nord";"79216";;"R DENIS PAPIN";"79230";"PRAHECQ";"Pylône autostable"; 49.0;"TDF"
511217;-0.19528;46.90611;"00° 11' 43.00'' Ouest, 46° 54' 22.00'' Nord";"79299";"BOUCOEUR";"L'ORMEAU GRÉMONT";"79330";"SAINT-VARENT";"Pylône autostable"; 34.8;"TDF"
511298;-0.29306;46.57639;"00° 17' 35.00'' Ouest, 46° 34' 35.00'' Nord";"79285";"LES BARAUDIÈRES";;"79310";"SAINT-PARDOUX";"Pylône autostable"; 49.3;"TDF"
511828;-0.05972;46.43694;"00° 03' 35.00'' Ouest, 46° 26' 13.00'' Nord";"79316";"LA TERRIÈRE";"CHEM ENTRE L' A.10 ET LE BOIS DE LA TERRIÈRE";"79800";"SOUDAN";"Pylône autostable"; 49.3;"TDF"
511857;-0.19139;46.49556;"00° 11' 29.00'' Ouest, 46° 29' 44.00'' Nord";"79092";"LA SAULE EST";;"79420";"CLAVE";"Pylône autostable"; 50.0;"Conseil Départemental"
512238;-0.26889;46.33917;"00° 16' 08.00'' Ouest, 46° 20' 21.00'' Nord";"79283";"LA CHESNAYE";;"79260";"SAINTE-NEOMAYE";"Pylône autostable"; 45.0;"SFR"
512386;-0.74306;46.92222;"00° 44' 35.00'' Ouest, 46° 55' 20.00'' Nord";"79079";;"R DE LA BROSSARDIÈRE";"79700";"MAULEON";"Château d'eau - réservoir"; 43.5;"Syndicat des eaux, Adduction"
520891;-0.20861;46.37944;"00° 12' 31.00'' Ouest, 46° 22' 46.00'' Nord";"79276";"LES SELLIERS BOISNE";;"79400";"SAINT-MARTIN-DE-SAINT-MAIXENT";"Pylône autostable"; 50.0;"TDF"
521498;-0.45694;46.33278;"00° 27' 25.00'' Ouest, 46° 19' 58.00'' Nord";"79191";;"2 R GUY GUILLOTEAU";"79000";"NIORT";"Immeuble"; 43.0;"Société HLM"
522623;-0.46361;46.31972;"00° 27' 49.00'' Ouest, 46° 19' 11.00'' Nord";"79191";;"35 R DU CHAUDRONNIER";"79010";"NIORT";"Bâtiment"; 17.0;"Copropriété, Syndic, SCI"
530769;-0.14278;46.22444;"00° 08' 34.00'' Ouest, 46° 13' 28.00'' Nord";"79174";"LA BRETAGNE";"V COM. DE LA MAIRIE";"79500";"MELLE";"Château d'eau - réservoir"; 49.6;"Commune, communauté de commune"
531258;-0.35917;46.42750;"00° 21' 33.00'' Ouest, 46° 25' 39.00'' Nord";"79086";"LA TOUCHE";"VOIE COMMUNALE N°6 PRÈS D.122";"79410";"CHERVEUX";"Château d'eau - réservoir"; 47.0;"Syndicat des eaux, Adduction"
536466;-0.41028;46.40194;"00° 24' 37.00'' Ouest, 46° 24' 07.00'' Nord";"79109";"BUFFE AGEASSE";;"79410";"ECHIRE";"Château d'eau - réservoir"; 44.2;"Syndicat des eaux, Adduction"
536827;-0.59889;46.49417;"00° 35' 56.00'' Ouest, 46° 29' 39.00'' Nord";"79101";"PILORGES";"RTE BRESSUIRE";"79160";"COULONGES-SUR-L'AUTIZE";"Château d'eau - réservoir"; 44.0;"Commune, communauté de commune"
538005;-0.02944;46.57194;"00° 01' 46.00'' Ouest, 46° 34' 19.00'' Nord";"79339";"LES PRÉS DE LA BARRE";"R DU CHÂTEAU D'EAU D 524";"79340";"VASLES";"Château d'eau - réservoir"; 37.0;"Commune, communauté de commune"
538917;-0.43056;46.34889;"00° 25' 50.00'' Ouest, 46° 20' 56.00'' Nord";"79249";;"R DES GENETS";"79410";"SAINT-GELAIS";"Pylône autostable"; 72.0;"TDF"
539193;-0.44556;46.26389;"00° 26' 44.00'' Ouest, 46° 15' 50.00'' Nord";"79298";"LA PLAINE DE PIED BLANC";"CHEM COMMUNAL";"79270";"SAINT-SYMPHORIEN";"Pylône autostable"; 30.0;"ORANGE"
542922;-0.50556;46.17194;"00° 30' 20.00'' Ouest, 46° 10' 19.00'' Nord";"79031";"LE BOIS FORT";"RTE DE FENETREAU";"79360";"BEAUVOIR-SUR-NIORT";"Pylône autostable"; 42.0;"TDF"
544052;-0.47417;46.83417;"00° 28' 27.00'' Ouest, 46° 50' 03.00'' Nord";"79049";"BOIS ROCCARD";"R DES MEUNIERS";"79300";"BRESSUIRE";"Pylône autostable"; 46.0;"TDF"
546201;-0.48444;46.33056;"00° 29' 04.00'' Ouest, 46° 19' 50.00'' Nord";"79191";;"200, AV SALVADOR ALLENDE";"79000";"NIORT";"Immeuble"; 28.0;"Société Privée SA"
551627;-0.43278;46.30861;"00° 25' 58.00'' Ouest, 46° 18' 31.00'' Nord";"79191";;"R. P. CHANTELAUZE FIEF DE LA TRAINE";"79000";"NIORT";"Pylône autostable"; 28.0;"ORANGE"
551778;-0.35028;46.35278;"00° 21' 01.00'' Ouest, 46° 21' 10.00'' Nord";"79081";"LA BATAILLE";"INTERSECTION D.107/D.142";"79180";"CHAURAY";"Pylône autostable"; 33.0;"ORANGE"
551784;-0.55667;46.78944;"00° 33' 24.00'' Ouest, 46° 47' 22.00'' Nord";"79103";"LA GRANDE RAITIÈRE";"RD 175";"79440";"COURLAY";"Pylône autostable"; 25.0;"ORANGE"
553151;-0.49056;46.31472;"00° 29' 26.00'' Ouest, 46° 18' 53.00'' Nord";"79191";;"31 R SELLIER STADE GAILLARD";"79000";"NIORT";"Pylône autostable"; 36.0;"ORANGE"
553946;-0.34639;46.38139;"00° 20' 47.00'' Ouest, 46° 22' 53.00'' Nord";"79128";"LA GUILLOTIÈRE";"35 ROUTE DE ST-GELAIS";"79260";"FRANCOIS";"Mât"; 12.0;"Altitude Telecom"
553950;-0.13278;46.46056;"00° 07' 58.00'' Ouest, 46° 27' 38.00'' Nord";"79121";"L'ETEIL";;"79340";"FOMPERRON";"Mât"; 12.0;"Altitude Telecom"
554830;-0.12583;46.03222;"00° 07' 33.00'' Ouest, 46° 01' 56.00'' Nord";"79018";;"PRÉMORIN";"79110";"AUBIGNE";"Mât"; 15.0;"Altitude Telecom"
565143;-0.69194;46.93944;"00° 41' 31.00'' Ouest, 46° 56' 22.00'' Nord";"79079";;"PL DE L'EGLISE ST AUBIN DE BAUBIGNÉ";"79700";"MAULEON";"Monument religieux"; 40.0;"Commune, communauté de commune"
572024;-0.02861;46.71528;"00° 01' 43.00'' Ouest, 46° 42' 55.00'' Nord";"79326";"LA FABRIQUE";"PYLONE FT STADE DE THENEZAY";"79390";"THENEZAY";"Pylône autostable"; 25.0;"ORANGE"
586676;-0.37500;46.34500;"00° 22' 30.00'' Ouest, 46° 20' 42.00'' Nord";"79081";;"285 R DU STADE";"79180";"CHAURAY";"Immeuble"; 30.0;"Société Privée SA"
586783;-0.24667;46.64278;"00° 14' 48.00'' Ouest, 46° 38' 34.00'' Nord";"79202";;"R HENRI LABORDE";"79200";"PARTHENAY";"Château d'eau - réservoir"; 42.5;"Commune, communauté de commune"
591337;-0.21056;46.97778;"00° 12' 38.00'' Ouest, 46° 58' 40.00'' Nord";"79329";;"4 BD ALFRED DE VIGNY";"79100";"THOUARS";"Château d'eau - réservoir"; 44.0;"Commune, communauté de commune"
596254;-0.45667;46.33444;"00° 27' 24.00'' Ouest, 46° 20' 04.00'' Nord";"79191";"LE PONTREAU";"10, R DE GUILLOTEAU";"79000";"NIORT";"Immeuble"; 43.0;"ORANGE"
604662;-0.56472;46.43694;"00° 33' 53.00'' Ouest, 46° 26' 13.00'' Nord";"79351";"CHAMBERTRAND";"CHAMPS POTIERS CHEM DES GARENNES";"79160";"VILLIERS-EN-PLAINE";"Pylône autostable"; 39.0;"ORANGE Services Fixes"
607758;-0.44083;46.97944;"00° 26' 27.00'' Ouest, 46° 58' 46.00'' Nord";"79013";"LA GARENNE";"PYLONE TDF";"79150";"ARGENTON-CHATEAU";"Pylône autostable"; 33.0;"TDF"
613445;-0.67444;46.83167;"00° 40' 28.00'' Ouest, 46° 49' 54.00'' Nord";"79062";"LONGCHAMP";"R JULIEN BONNOTON";"79140";"CERIZAY";"Pylône autostable"; 36.0;"ORANGE Services Fixes"
614137;-0.12611;46.22500;"00° 07' 34.00'' Ouest, 46° 13' 30.00'' Nord";"79264";"CROIX ST LÉGER";"LA MARTINIÈRE";"79500";"SAINT-LEGER-DE-LA-MARTINIERE";"Pylône autostable"; 48.0;"ORANGE Services Fixes"
614147;-0.25667;46.66639;"00° 15' 24.00'' Ouest, 46° 39' 59.00'' Nord";"79080";"LA BRESSANDIERE";"11 R DE LA BRESSANDIERE";"79200";"CHATILLON-SUR-THOUET";"Pylône autostable"; 37.0;"ORANGE Services Fixes"
614377;-0.61194;46.83333;"00° 36' 43.00'' Ouest, 46° 50' 00.00'' Nord";"79091";;"ROUTE DU BOIS GARNIER D 150";"79140";"CIRIERE";"Mât métallique"; 15.0;"Altitude Telecom"
614537;-0.57833;46.62639;"00° 34' 42.00'' Ouest, 46° 37' 35.00'' Nord";"79001";"LES MINÉES";"D 136  ROUTE DE FONTENAY À THOUARS R DE LA VENDÉE";"79240";"L'ABSIE";"Pylône autostable"; 44.0;"SFR"
623213;-0.23361;46.90083;"00° 14' 01.00'' Ouest, 46° 54' 03.00'' Nord";"79299";"LA PLAINE DE SEILLEREAU";"D.135 - ZI";"79330";"SAINT-VARENT";"Pylône autostable"; 30.0;"ORANGE"
624819;-0.29472;46.35028;"00° 17' 41.00'' Ouest, 46° 21' 01.00'' Nord";"79048";;"RTE DE TRESSAUVES";"79260";"LA CRECHE";"Pylône autostable"; 48.1;"TDF"
642160;-0.57667;46.71917;"00° 34' 36.00'' Ouest, 46° 43' 09.00'' Nord";"79179";"LA MAISON NEUVE";"RD 19";"79320";"MONCOUTANT";"Pylône autostable"; 49.0;"SFR"
653781;-0.21333;46.26639;"00° 12' 48.00'' Ouest, 46° 15' 59.00'' Nord";"79061";"LA GARE";"R DE LA GARE";"79370";"CELLES-SUR-BELLE";"Pylône autostable"; 36.0;"ORANGE"
657452;-0.15528;46.82139;"00° 09' 19.00'' Ouest, 46° 49' 17.00'' Nord";"79005";"DORT LIÈVRE";"CHEM RURAL DE TESSORIÈRE AU PONT DE VERNAY";"79600";"AIRVAULT";"Pylône autostable"; 36.0;"ORANGE"
657969;-0.64167;46.77806;"00° 38' 30.00'' Ouest, 46° 46' 41.00'' Nord";"79123";"LA GUIONNIERE";"PARC ECONOMIQUE DE L' OUCHETTE";"79380";"LA FORET-SUR-SEVRE";"Pylône autostable"; 30.0;"ORANGE"
659029;-0.48222;46.73750;"00° 28' 56.00'' Ouest, 46° 44' 15.00'' Nord";"79076";"LE GAT DU NOYER";"D 19";"79430";"LA CHAPELLE-SAINT-LAURENT";"Château d'eau - réservoir"; 34.0;"Commune, communauté de commune"
668050;-0.27472;46.45500;"00° 16' 29.00'' Ouest, 46° 27' 18.00'' Nord";"79020";"LE PLESSIS";"D.130";"79400";"AUGE";"Pylône autostable"; 35.4;"Conseil Départemental"
675898;-0.59194;46.86417;"00° 35' 31.00'' Ouest, 46° 51' 51.00'' Nord";"79050";"LA FAYE";;"79140";"BRETIGNOLLES";"Pylône autostable"; 30.0;"ORANGE"
676290;-0.57139;46.63000;"00° 34' 17.00'' Ouest, 46° 37' 48.00'' Nord";"79001";"LA FOYE";"D.136";"79240";"L'ABSIE";"Pylône autostable"; 21.0;"ORANGE Services Fixes"
677714;-0.58056;46.95139;"00° 34' 50.00'' Ouest, 46° 57' 05.00'' Nord";"79195";"LES TERRES VILLIERS";"ROUTE DE ST CLEMENCIN - VC N°1 STADE DE L'ESSOR";"79250";"NUEIL-LES-AUBIERS";"Pylône tubulaire"; 38.0;"FPS TOWERS"
679453;-0.06111;46.11083;"00° 03' 40.00'' Ouest, 46° 06' 39.00'' Nord";"79083";"LA VALLEE A LA REINE";"ROUTE DE SAUZÉ-VAUSSAIS - D.1";"79110";"CHEF-BOUTONNE";"Château d'eau - réservoir"; 48.0;"Commune, communauté de commune"
682025;-0.37306;46.83222;"00° 22' 23.00'' Ouest, 46° 49' 56.00'' Nord";"79116";;"ZONE D'ACTIVITÉS YPRÉSIS PRÈS D725";"79350";"FAYE-L'ABBESSE";"Pylône autostable"; 30.0;"ORANGE"
687337;-0.15306;46.22806;"00° 09' 11.00'' Ouest, 46° 13' 41.00'' Nord";"79174";;"R DE LA CHAGNÉE";"79500";"MELLE";"Pylône tubulaire"; 28.0;"ORANGE"
691185;-0.45750;46.32500;"00° 27' 27.00'' Ouest, 46° 19' 30.00'' Nord";"79191";;"8 B  R DE LA BOULE D'OR";"79000";"NIORT";"Bâtiment"; 48.0;"ORANGE Services Fixes"
691195;-0.47944;46.31861;"00° 28' 46.00'' Ouest, 46° 19' 07.00'' Nord";"79191";"LE CLOU BOUCHET";"ANGLE R JEAN VAY ET R DE PIERRE CENTRAL TÉLÉPHONIQUE";"79000";"NIORT";"Bâtiment"; 30.0;"ORANGE Services Fixes"
691201;-0.49056;46.34417;"00° 29' 26.00'' Ouest, 46° 20' 39.00'' Nord";"79191";"LA BERGERIE";"LES FONTENELLES";"79000";"NIORT";"Pylône autostable"; 25.0;"ORANGE"
691203;-0.46139;46.32306;"00° 27' 41.00'' Ouest, 46° 19' 23.00'' Nord";"79191";;"10 B , R DU TEMPLE - C.C.I.";"79000";"NIORT";"Immeuble"; 26.0;"CCI,Ch Metiers,Port Aut,Aérop"
691495;-0.43667;46.33056;"00° 26' 12.00'' Ouest, 46° 19' 50.00'' Nord";"79191";;"29 R DE LA COUDRAIE";"79000";"NIORT";"Bâtiment"; 15.0;"ORANGE Services Fixes"
691499;-0.45583;46.31556;"00° 27' 21.00'' Ouest, 46° 18' 56.00'' Nord";"79191";;"RTE D'AIFFRES PONT D'INKERMANPARKING SERNAM";"79000";"NIORT";"Pylône autostable"; 25.0;"SNCF Réseau"
693838;-0.25639;47.03444;"00° 15' 23.00'' Ouest, 47° 02' 04.00'' Nord";"79014";"LES LANDES D'ARGENTON";"VOIE COMMUNALE N°13 D.158";"79290";"ARGENTON-L'EGLISE";"Pylône autostable"; 30.0;"ORANGE"
700900;-0.36222;46.87111;"00° 21' 44.00'' Ouest, 46° 52' 16.00'' Nord";"79131";"LES CAILLES";"CHEM RURAL";"79330";"GEAY";"Pylône autostable"; 25.0;"SFR"
701626;-0.51139;46.46444;"00° 30' 41.00'' Ouest, 46° 27' 52.00'' Nord";"79032";"LE CHAIGNERON";;"79160";"BECELEUF";"Pylône autostable"; 40.0;"Conseil Départemental"
702599;-0.47056;46.55167;"00° 28' 14.00'' Ouest, 46° 33' 06.00'' Nord";"79119";"LA BERLANDIERE";"LA CROISEE";"79160";"FENIOUX";"Pylône autostable"; 39.0;"Conseil Départemental"
709417;-0.60722;46.21389;"00° 36' 26.00'' Ouest, 46° 12' 50.00'' Nord";"79220";"LE HAUT PIE BLANC";"PRÈS N. 11 SICTOM DE ROCHENARD";"79210";"PRIN-DEYRANCON";"Pylône autostable"; 44.0;"CELLNEX"
710921;-0.42194;46.30028;"00° 25' 19.00'' Ouest, 46° 18' 01.00'' Nord";"79003";"ST-LAMBIN";"R DE SOUCHÉ";"79230";"AIFFRES";"Château d'eau - réservoir"; 31.0;"Syndicat des eaux, Adduction"
720477;-0.01722;46.26306;"00° 01' 02.00'' Ouest, 46° 15' 47.00'' Nord";"79148";"PRÉ DE L' ÉTANG";"VOIE COMMUNALE N°41";"79120";"LEZAY";"Pylône autostable"; 34.8;"TDF"
721627;-0.47778;46.31083;"00° 28' 40.00'' Ouest, 46° 18' 39.00'' Nord";"79191";;"4 BD LOUIS TARDY ZI ST LIGUAIRE";"79000";"NIORT";"Immeuble"; 27.0;"Société Privée SA"
723585;-0.66472;46.20083;"00° 39' 53.00'' Ouest, 46° 12' 03.00'' Nord";"79170";"LA PIERRIERE";;"79210";"MAUZE-SUR-LE-MIGNON";"Château d'eau - réservoir"; 46.7;"Commune, communauté de commune"
741488;-0.17444;46.77917;"00° 10' 28.00'' Ouest, 46° 46' 45.00'' Nord";"79268";"LE GRAND PATIS EST";"ROUTE DU PUY TERRIER";"79600";"SAINT-LOUP-LAMAIRE";"Pylône autostable"; 32.0;"ORANGE"
741909;-0.47056;46.31611;"00° 28' 14.00'' Ouest, 46° 18' 58.00'' Nord";"79191";;"(IMM B1) 15 AV LÉO LAGRANGE";"79000";"NIORT";"Immeuble"; 21.0;"Copropriété, Syndic, SCI"
742009;-0.05694;46.49722;"00° 03' 25.00'' Ouest, 46° 29' 50.00'' Nord";"79176";;"PL DE LA MAIRIE CHÂTEAU D'EAU";"79340";"MENIGOUTE";"Château d'eau - réservoir"; 32.0;"Commune, communauté de commune"
745372;0.16361;46.10500;"00° 09' 49.00'' Est, 46° 06' 18.00'' Nord";"79180";"L'EGAULT";"CHEM RURAL";"79190";"MONTALEMBERT";"Pylône autostable"; 55.0;"ORANGE Services Fixes"
748095;-0.46167;46.21778;"00° 27' 42.00'' Ouest, 46° 13' 04.00'' Nord";"79137";"LA CHAPELLE";;"79360";"GRANZAY-GRIPT";"Château d'eau - réservoir"; 44.5;"Commune, communauté de commune"
749000;-0.14722;46.60250;"00° 08' 50.00'' Ouest, 46° 36' 09.00'' Nord";"79278";"LE TERRIER DE ST MARTIN";"PYLONE OCM";"79420";"SAINT-MARTIN-DU-FOUILLOUX";"Pylône autostable"; 35.0;"Société Privée SA"
752279;-0.31306;46.54083;"00° 18' 47.00'' Ouest, 46° 32' 27.00'' Nord";"79172";"LA PETITE TOUCHE";;"79310";"MAZIERES-EN-GATINE";"Pylône autostable"; 40.0;"SFR"
756478;-0.24472;46.19000;"00° 14' 41.00'' Ouest, 46° 11' 24.00'' Nord";"79204";"LE NOUGERAT";"PRÈS D101";"79170";"PERIGNE";"Château d'eau - réservoir"; 42.0;"Syndicat des eaux, Adduction"
766646;-0.10278;46.41361;"00° 06' 10.00'' Ouest, 46° 24' 49.00'' Nord";"79316";"LE CHAILLOT";"VC 2 DE SOUDAN À SALLES";"79800";"SOUDAN";"Château d'eau - réservoir"; 43.0;"Commune, communauté de commune"
768325;-0.56333;46.78139;"00° 33' 48.00'' Ouest, 46° 46' 53.00'' Nord";"79103";"LES CHAMPS DE LA GRANGE";;"79440";"COURLAY";"Pylône autostable"; 30.0;"TDF"
775569;-0.39611;46.55250;"00° 23' 46.00'' Ouest, 46° 33' 09.00'' Nord";"79040";;"LA VILLONNIERE";"79310";"LA BOISSIERE-EN-GATINE";"Bâtiment"; 4.0;"Particulier"
790307;-0.40556;46.48639;"00° 24' 20.00'' Ouest, 46° 29' 11.00'' Nord";"79066";;"PL DU CHATEAU D'EAU PRÈS DE D748";"79220";"CHAMPDENIERS-SAINT-DENIS";"Pylône autostable"; 26.0;"ORANGE Services Fixes"
791839;-0.82222;46.92694;"00° 49' 20.00'' Ouest, 46° 55' 37.00'' Nord";"79079";"LE TEMPLE";"V.C. N°4 DE TREIZE VENTS";"79700";"MAULEON";"Pylône tubulaire"; 24.0;"ORANGE"
792160;-0.22444;46.88333;"00° 13' 28.00'' Ouest, 46° 52' 60.00'' Nord";"79299";"LA DIGUE";;"79330";"SAINT-VARENT";"Silo"; 50.0;"Coopérative Agricole, Vinicole"
799179;-0.45361;46.33222;"00° 27' 13.00'' Ouest, 46° 19' 56.00'' Nord";"79191";;"26 R DE LA BLAUDERIE ARCHIVES DEPARTEMENTALES";"79000";"NIORT";"Immeuble"; 35.0;"Conseil Départemental"
799729;-0.53222;46.87750;"00° 31' 56.00'' Ouest, 46° 52' 39.00'' Nord";"79049";"LA CROIX VERTE";"VOIE COMMUNALE N° 14";"79300";"BRESSUIRE";"Pylône autostable"; 30.0;"ORANGE"
807632;-0.42333;46.36639;"00° 25' 24.00'' Ouest, 46° 21' 59.00'' Nord";"79109";"LA GRANGE ST-GELAIS";"RESERVOIR D EAU  LA GRANDE D'ECHIRE";"79410";"ECHIRE";"Château d'eau - réservoir"; 20.0;"Commune, communauté de commune"
809055;-0.22944;46.13028;"00° 13' 46.00'' Ouest, 46° 07' 49.00'' Nord";"79057";"VALLÉE DE L'ETANG";"AV DE ROYAN";"79170";"BRIOUX-SUR-BOUTONNE";"Château d'eau - réservoir"; 35.0;"Syndicat des eaux, Adduction"
811510;-0.59250;46.58611;"00° 35' 33.00'' Ouest, 46° 35' 10.00'' Nord";"79059";"LE MOULIN DU ROY";"LE BUSSEAU D 744";"79240";"LE BUSSEAU";"Pylône autostable"; 36.0;"SFR"
815642;-0.23222;46.33111;"00° 13' 56.00'' Ouest, 46° 19' 52.00'' Nord";"79004";"LE CARREFOUR";;"79370";"AIGONNAY";"Pylône haubané"; 93.0;"Sociétés d'Autoroutes"
816478;-0.21889;46.40750;"00° 13' 08.00'' Ouest, 46° 24' 27.00'' Nord";"79270";;"R PAUL DREVIN STADE PAUL VEILLON";"79400";"SAINT-MAIXENT-L'ECOLE";"Pylône tubulaire"; 30.0;"ORANGE"
816480;-0.23333;46.64417;"00° 14' 00.00'' Ouest, 46° 38' 39.00'' Nord";"79202";;"41 R HENRI DUNANT";"79200";"PARTHENAY";"Pylône autostable"; 24.0;"ORANGE"
816492;-0.20194;46.98583;"00° 12' 07.00'' Ouest, 46° 59' 09.00'' Nord";"79329";;"PL DE LA GARE GARE SNCF";"79100";"THOUARS";"Pylône autostable"; 24.0;"ORANGE"
816508;-0.43083;46.34917;"00° 25' 51.00'' Ouest, 46° 20' 57.00'' Nord";"79249";"FIEF GÂTEAU";"R DES GENÊTS PYLÔNE TÉLÉCOMMUNICATION";"79410";"SAINT-GELAIS";"Pylône autostable"; 85.0;"TDF"
816510;-0.37278;47.04806;"00° 22' 22.00'' Ouest, 47° 02' 53.00'' Nord";"79063";"LE CHAUFFAGE";"VC 12 / CHEM RURAL CHÂTEAU D'EAU";"79290";"CERSAY";"Château d'eau - réservoir"; 49.0;"Syndicat des eaux, Adduction"
816532;-0.20194;46.57222;"00° 12' 07.00'' Ouest, 46° 34' 20.00'' Nord";"79029";"MAISON ROUGE";"BOIS DE LA MEILLERAYE NORD";"79420";"BEAULIEU-SOUS-PARTHENAY";"Pylône autostable"; 38.0;"Conseil Départemental"
816534;-0.25861;46.63583;"00° 15' 31.00'' Ouest, 46° 38' 09.00'' Nord";"79202";;"STADE DES GRIPPAUX R PIERRE DE COUBERTIN";"79200";"PARTHENAY";"Pylône autostable"; 27.0;"ORANGE"
816538;-0.21722;46.97972;"00° 13' 02.00'' Ouest, 46° 58' 47.00'' Nord";"79329";;"13 BD A.MORIN";"79100";"THOUARS";"Bâtiment"; 30.0;"ORANGE Services Fixes"
816607;-0.21528;46.37806;"00° 12' 55.00'' Ouest, 46° 22' 41.00'' Nord";"79276";"BOISNE";"RTE DE CHARCHENAY-BOISNE";"79400";"SAINT-MARTIN-DE-SAINT-MAIXENT";"Château d'eau - réservoir"; 50.0;"Syndicat des eaux, Adduction"
816622;-0.01750;46.46000;"00° 01' 03.00'' Ouest, 46° 27' 36.00'' Nord";"79256";"LA VICLAIRE";"LES GRANDES BRUYÉRES";"79340";"SAINT-GERMIER";"Pylône autostable"; 45.0;"SFR"
816628;-0.38139;46.29611;"00° 22' 53.00'' Ouest, 46° 17' 46.00'' Nord";"79003";"LA CHAMPANOISERIE/LES RURALIES";"CHEM RURAL AIRE DE REPOS DE VOUILLÉ-AIFFRES PRÈS A.10 - SENS BORDEAUX-PARIS";"79230";"AIFFRES";"Pylône autostable"; 51.0;"Sociétés d'Autoroutes"
816632;-0.19972;47.00444;"00° 11' 59.00'' Ouest, 47° 00' 16.00'' Nord";"79157";;"BD DU 21 JUIN 1940 ZI DE THOUARS";"79100";"LOUZY";"Pylône autostable"; 35.0;"ORANGE"
816639;-0.53528;46.24833;"00° 32' 07.00'' Ouest, 46° 14' 54.00'' Nord";"79130";"LE BIGNON";"R DU BRIOUX";"79270";"FRONTENAY-ROHAN-ROHAN";"Château d'eau - réservoir"; 32.0;"Commune, communauté de commune"
816643;-0.53361;46.36806;"00° 32' 01.00'' Ouest, 46° 22' 05.00'' Nord";"79293";"CANTON DU PORTAIL";"VC";"79410";"SAINT-REMY";"Pylône haubané"; 36.0;"ORANGE"
817965;-0.03417;46.16583;"00° 02' 03.00'' Ouest, 46° 09' 57.00'' Nord";"79136";"BATAILLE";"CHATEAU D'EAU BATAILLE";"79110";"GOURNAY-LOIZE";"Château d'eau - réservoir"; 30.0;"Syndicat des eaux, Adduction"
820844;-0.23806;46.65083;"00° 14' 17.00'' Ouest, 46° 39' 03.00'' Nord";"79202";;"11 R DU PRÉSIDENT SALVADORE ALLENDE MARCHÉ AUX BESTIAUX";"79200";"PARTHENAY";"Pylône tubulaire"; 30.0;"ORANGE"
862308;-0.43611;46.59306;"00° 26' 10.00'' Ouest, 46° 35' 35.00'' Nord";"79311";;"LA BOUFFARDIÈRE";"79130";"SECONDIGNY";"Mât béton"; 25.0;"Particulier"
862663;-0.58056;46.85583;"00° 34' 50.00'' Ouest, 46° 51' 21.00'' Nord";"79049";;"LES LANDES BREUIL";"79300";"BRESSUIRE";"Pylône autostable"; 44.0;"Société Privée SA"
862693;-0.23639;46.98944;"00° 14' 11.00'' Ouest, 46° 59' 22.00'' Nord";"79292";;"R DES COCHARDES BEAUSOLEIL VRINES";"79100";"SAINTE-RADEGONDE";"Château d'eau - réservoir"; 42.0;"Syndicat des eaux, Adduction"
867900;-0.08222;46.42306;"00° 04' 56.00'' Ouest, 46° 25' 23.00'' Nord";"79316";"LES EPINETTES";"SITE ASF A10";"79800";"SOUDAN";"Pylône autostable"; 47.0;"Sociétés d'Autoroutes"
879197;-0.49417;46.31528;"00° 29' 39.00'' Ouest, 46° 18' 55.00'' Nord";"79191";;"31 R HENRI SELLIER";"79000";"NIORT";"Pylône tubulaire"; 31.0;"IFW-FREE"
885224;-0.00389;46.27167;"00° 00' 14.00'' Ouest, 46° 16' 18.00'' Nord";"79148";"LE PATIS";"LES CHAUMES";"79120";"LEZAY";"Pylône autostable"; 35.0;"ORANGE"
890037;-0.41861;46.31944;"00° 25' 07.00'' Ouest, 46° 19' 10.00'' Nord";"79191";;"R DE L'AERODROME CENTRE SECOURS PRINCIPAL";"79000";"NIORT";"Bâtiment"; 38.0;"SDIS, secours, incendie"
891869;-0.11750;46.33750;"00° 07' 03.00'' Ouest, 46° 20' 15.00'' Nord";"79184";"LA VILLÈDE";;"79800";"LA MOTHE-SAINT-HERAY";"Château d'eau - réservoir"; 47.0;"Syndicat des eaux, Adduction"
895869;-0.14722;46.60194;"00° 08' 50.00'' Ouest, 46° 36' 07.00'' Nord";"79278";;"LE TERRIER DE ST MARTIN PYLONE SEOLIS";"79420";"SAINT-MARTIN-DU-FOUILLOUX";"Mât béton"; 16.0;"Société Privée SA"
896297;-0.46111;46.30083;"00° 27' 40.00'' Ouest, 46° 18' 03.00'' Nord";"79191";;"262 R JEAN JAURES ZI ST FLORENT";"79000";"NIORT";"Bâtiment"; 4.0;"Société Privée SA"
897973;-0.11167;46.28167;"00° 06' 42.00'' Ouest, 46° 16' 54.00'' Nord";"79313";"CHAUMES DE PILLAC";"CHATEAU D'EAU";"79120";"SEPVRET";"Château d'eau - réservoir"; 50.0;"Syndicat des eaux, Adduction"
901270;-0.48333;46.49417;"00° 29' 00.00'' Ouest, 46° 29' 39.00'' Nord";"79357";"LA GORRE";;"79220";"XAINTRAY";"Mât"; 12.0;"Altitude Telecom"
901272;-0.37972;46.63417;"00° 22' 47.00'' Ouest, 46° 38' 03.00'' Nord";"79239";;"CHEM COMMUNAL DE MAISON NEUVE AUX MOURANDIÈRES";"79450";"SAINT-AUBIN-LE-CLOUD";"Mât"; 15.0;"Altitude Telecom"
904687;-0.46083;46.24306;"00° 27' 39.00'' Ouest, 46° 14' 35.00'' Nord";"79137";"FIEF DE BAS GRIFFIER";"DR NIORT GREFFIER ZER NIORT";"79360";"GRANZAY-GRIPT";"Bâtiment"; 11.0;"Société Privée SA"
906817;-0.24583;46.33111;"00° 14' 45.00'' Ouest, 46° 19' 52.00'' Nord";"79004";;"BORD DE VOIRIE - CHEM RURAL DIT DES PLANTIS";"79370";"AIGONNAY";"Mât"; 12.0;"Altitude Telecom"
908354;-0.42889;46.32361;"00° 25' 44.00'' Ouest, 46° 19' 25.00'' Nord";"79191";"FLEURELLE";"RTE DE SOUCHE STADE";"79000";"NIORT";"Bâtiment"; 5.0;"Commune, communauté de commune"
908356;-0.43778;46.31222;"00° 26' 16.00'' Ouest, 46° 18' 44.00'' Nord";"79191";;"R DE PISSARDANT STADE";"79000";"NIORT";"Bâtiment"; 5.0;"Commune, communauté de commune"
915027;-0.69667;46.87306;"00° 41' 48.00'' Ouest, 46° 52' 23.00'' Nord";"79096";"LA CROIX AU GEAI";"D 153";"79140";"COMBRAND";"Château d'eau - réservoir"; 60.0;"Syndicat des eaux, Adduction"
916856;-0.48389;46.84167;"00° 29' 02.00'' Ouest, 46° 50' 30.00'' Nord";"79049";;"15 R DE MALABRY STADE";"79300";"BRESSUIRE";"Pylône tubulaire"; 35.0;"IFW-FREE"
922939;0.14472;46.15611;"00° 08' 41.00'' Est, 46° 09' 22.00'' Nord";"79212";"VAUTHION";"CHATEAU D'EAU";"79190";"PLIBOUX";"Château d'eau - réservoir"; 40.0;"Syndicat des eaux, Adduction"
977307;-0.26083;47.00056;"00° 15' 39.00'' Ouest, 47° 00' 02.00'' Nord";"79292";"LE CHAMP DE L'ORMEAU";"RUE DE L'ETANG ZI";"79100";"SAINTE-RADEGONDE";"Pylône autostable"; 45.0;"TDF"
986931;-0.45667;46.33333;"00° 27' 24.00'' Ouest, 46° 20' 00.00'' Nord";"79191";;"4 RUE GUY GUILLOTEAU LE VIVIER";"79000";"NIORT";"Bâtiment"; 35.0;"Société HLM"
988777;-0.41778;46.33500;"00° 25' 04.00'' Ouest, 46° 20' 06.00'' Nord";"79191";;"17 RUE DES HERBILLAUX ZI DE SOUCHE";"79000";"NIORT";"Bâtiment"; 20.0;"Syndicat des eaux, Adduction"
1011871;-0.47028;46.28667;"00° 28' 13.00'' Ouest, 46° 17' 12.00'' Nord";"79191";;"35 RUE DE LA GRANDE TRANCHÉE RÉSIDENCE JARDIN DU MILLENAIRE";"79000";"NIORT";"Immeuble"; 10.0;"Copropriété, Syndic, SCI"
1012117;-0.20250;47.00028;"00° 12' 09.00'' Ouest, 47° 00' 01.00'' Nord";"79329";;"6 RUE GRAND ROSE";"79100";"THOUARS";"Bâtiment"; 10.0;"EDF ou GDF"
1012121;-0.12111;46.94556;"00° 07' 16.00'' Ouest, 46° 56' 44.00'' Nord";"79196";;"LE GRAND PARC";"79100";"OIRON";"Château d'eau - réservoir"; 52.0;"Syndicat des eaux, Adduction"
1012125;-0.43278;46.34778;"00° 25' 58.00'' Ouest, 46° 20' 52.00'' Nord";"79191";;"115 ROUTE DE CHERVEUX";"79000";"NIORT";"Bâtiment"; 7.0;"EDF ou GDF"
1012148;-0.45639;46.32694;"00° 27' 23.00'' Ouest, 46° 19' 37.00'' Nord";"79191";;"RUE DE LA BOULE D'OR";"79000";"NIORT";"Bâtiment"; 12.0;"EDF ou GDF"
1019633;-0.06472;46.79833;"00° 03' 53.00'' Ouest, 46° 47' 54.00'' Nord";"79016";;"MIGNY";"79600";"ASSAIS-LES-JUMEAUX";"Bâtiment"; 14.0;"Société Privée SA"
1021049;-0.72861;46.92889;"00° 43' 43.00'' Ouest, 46° 55' 44.00'' Nord";"79079";"LA PETITE PELAINE";"D 759";"79700";"MAULEON";"Pylône autostable"; 40.0;"DDE"
1028717;-0.18917;46.97361;"00° 11' 21.00'' Ouest, 46° 58' 25.00'' Nord";"79329";;"34 BOULEVARD JACQUES MESNARD COLLÈGE JEAN ROSTAND";"79100";"THOUARS";"Immeuble"; 50.0;"Etat, Ministère"
1030210;0.02389;46.18083;"00° 01' 26.00'' Est, 46° 10' 51.00'' Nord";"79095";;"RTE DE CLUSSAIS";"79190";"CLUSSAIS-LA-POMMERAIE";"Silo"; 25.0;"Société Privée SA"
1037486;-0.74389;46.88750;"00° 44' 38.00'' Ouest, 46° 53' 15.00'' Nord";"79207";"LES LAITIÈRES";"72 GRANDE RUE (D. 744)";"79700";"LA PETITE-BOISSIERE";"Bâtiment"; 14.0;"Société Privée SA"
1042868;-0.18056;46.62306;"00° 10' 50.00'' Ouest, 46° 37' 23.00'' Nord";"79071";"LES TERRES DE L'AGEON";"4 RTE DE LA PEYRATTE GARAGE C.JAULIN";"79200";"LA CHAPELLE-BERTRAND";"Bâtiment"; 45.0;"Particulier"
1042870;-0.27056;46.91750;"00° 16' 14.00'' Ouest, 46° 55' 03.00'' Nord";"79250";"LA BUTTE";;"79330";"SAINTE-GEMME";"Pylône haubané"; 60.0;"Titulaire programme Radio/TV"
1042878;-0.50917;46.34972;"00° 30' 33.00'' Ouest, 46° 20' 59.00'' Nord";"79293";"BUFFEVENT";;"79410";"SAINT-REMY";"Pylône haubané"; 60.0;"Titulaire programme Radio/TV"
1058694;-0.48722;46.30222;"00° 29' 14.00'' Ouest, 46° 18' 08.00'' Nord";"79034";"LE GRAND CHAMP-EST";"CENTRE COMMERCIAL 21, ROUTE DE LA ROCHELLE";"79000";"BESSINES";"Pylône tubulaire"; 24.0;"ORANGE"
1107580;-0.45972;46.31611;"00° 27' 35.00'' Ouest, 46° 18' 58.00'' Nord";"79191";;"40 AV CHARLES DE GAULLE CTRE HOSPITALIER";"79000";"NIORT";"Bâtiment"; 45.0;"Etablissement de soins"
1185448;-0.58528;46.47333;"00° 35' 07.00'' Ouest, 46° 28' 24.00'' Nord";"79101";;"19 ROUTE DE NIORT ZA";"79160";"COULONGES-SUR-L'AUTIZE";"Bâtiment"; 10.0;"Société Privée SA"
1185857;-0.37611;46.29833;"00° 22' 34.00'' Ouest, 46° 17' 54.00'' Nord";"79355";"LES RURALIES";;"79230";"VOUILLE";"Local technique"; 14.5;"Etat, Ministère"
1205442;-0.12472;46.33333;"00° 07' 29.00'' Ouest, 46° 20' 00.00'' Nord";"79184";;"LE VIVIER";"79800";"LA MOTHE-SAINT-HERAY";"Mât béton"; 20.0;"Société Privée SA"
1210412;-0.14972;46.31722;"00° 08' 59.00'' Ouest, 46° 19' 02.00'' Nord";"79098";;"BACHE HORS SOL COUARDE LE CHETIF GAIN";"79800";"LA COUARDE";"Bâtiment"; 9.0;"Syndicat des eaux, Adduction"
1210416;-0.20333;46.45972;"00° 12' 12.00'' Ouest, 46° 27' 35.00'' Nord";"79253";;"TOUR DU BARRAGE";"79400";"SAINT-GEORGES-DE-NOISNE";"Mât"; 9.0;"Syndicat des eaux, Adduction"
1211837;-0.23194;46.40000;"00° 13' 55.00'' Ouest, 46° 23' 60.00'' Nord";"79024";;"CHATEAU D'EAU DE JAUNAY";"79400";"AZAY-LE-BRULE";"Château d'eau - réservoir"; 40.0;"Syndicat des eaux, Adduction"
1246600;-0.14250;46.21389;"00° 08' 33.00'' Ouest, 46° 12' 50.00'' Nord";"79174";"LA NOBLETTE MELLE";"RUE DE SAINTES D950";"79500";"MELLE";"Bâtiment"; 10.0;"EDF ou GDF"
1304853;-0.49056;46.34250;"00° 29' 26.00'' Ouest, 46° 20' 33.00'' Nord";"79191";;"134 AVENUE DE NANTES";"79000";"NIORT";"Pylône autostable"; 32.8;"IFW-FREE"
1317311;-0.33500;46.35194;"00° 20' 06.00'' Ouest, 46° 21' 07.00'' Nord";"79048";;"ZA DE BEAUSSAIS 8 RUE JACQUES CARTIE";"79260";"LA CRECHE";"Bâtiment"; 8.0;"Société Privée SA"
1342537;0.15417;46.31333;"00° 09' 15.00'' Est, 46° 18' 48.00'' Nord";"79230";"LA GRANDE GROLERIE";"CHATILLON";"79120";"ROM";"Château d'eau - réservoir"; 55.0;"Commune, communauté de commune"
1351981;-0.47444;46.30722;"00° 28' 28.00'' Ouest, 46° 18' 26.00'' Nord";"79191";"ST FLORENT";"RUE DE LA MUDE";"79000";"NIORT";"Bâtiment"; 6.0;"EDF ou GDF"
1351993;-0.25333;46.66000;"00° 15' 12.00'' Ouest, 46° 39' 36.00'' Nord";"79080";"LA CROIX DES CHAMPES";"RUE DE LA CROIX DES CHAMPS";"79200";"CHATILLON-SUR-THOUET";"Bâtiment"; 7.0;"EDF ou GDF"
1352000;-0.24194;46.64667;"00° 14' 31.00'' Ouest, 46° 38' 48.00'' Nord";"79202";"LE BOURG BELAIS";"RUE D'ALSACE";"79200";"PARTHENAY";"Bâtiment"; 12.0;"EDF ou GDF"
1353296;-0.21028;46.41639;"00° 12' 37.00'' Ouest, 46° 24' 59.00'' Nord";"79270";;"8 RUE THIBAUDIERE CASERNE COIFFE";"79400";"SAINT-MAIXENT-L'ECOLE";"Bâtiment"; 8.0;"EDF ou GDF"
1353318;-0.38278;46.34139;"00° 22' 58.00'' Ouest, 46° 20' 29.00'' Nord";"79081";;"CCAL GEANT NIORT CHAURAY";"79180";"CHAURAY";"Bâtiment"; 5.6;"Société Privée SA"
1381507;-0.45639;46.32667;"00° 27' 23.00'' Ouest, 46° 19' 36.00'' Nord";"79191";"RUE DE LA BOULE D'OR1";"RUE DE LA BOULE D'OR SUPPORT2";"79000";"NIORT";"Bâtiment"; 7.0;"EDF ou GDF"
1392505;-0.66528;46.82917;"00° 39' 55.00'' Ouest, 46° 49' 45.00'' Nord";"79062";;"4 RUE DE LA CROIX VERTE";"79140";"CERIZAY";"Pylône autostable"; 44.0;"TDF"
1396008;-0.10056;46.23083;"00° 06' 02.00'' Ouest, 46° 13' 51.00'' Nord";"79264";;"FONTAINE DE MAREUIL CHATEAU D EAU";"79500";"SAINT-LEGER-DE-LA-MARTINIERE";"Château d'eau - réservoir"; 45.0;"Syndicat des eaux, Adduction"
1427475;-0.11083;46.64944;"00° 06' 39.00'' Ouest, 46° 38' 58.00'' Nord";"79208";"LES TERRES DE LA TOUZOTTIÈRE";"CHEM RURAL DU BOBINET";"79200";"LA PEYRATTE";"Pylône autostable"; 49.0;"TDF"
1433551;-0.75972;46.92250;"00° 45' 35.00'' Ouest, 46° 55' 21.00'' Nord";"79079";"CHÂTEAU GAILLARD";"R DU CHÂTEAU GAILLARD";"79700";"MAULEON";"Pylône autostable"; 40.0;"TDF"
1448602;-0.30472;46.07806;"00° 18' 17.00'' Ouest, 46° 04' 41.00'' Nord";"79352";"BRINCHEVENT";"CHEMIN DU LOUP";"79170";"VILLIERS-SUR-CHIZE";"Pylône autostable"; 34.0;"TDF"
1457537;-0.38472;46.33028;"00° 23' 05.00'' Ouest, 46° 19' 49.00'' Nord";"79081";"CHAMPS CARTIER";;"79180";"CHAURAY";"Pylône autostable"; 30.0;"SNCF Réseau"
1457539;-0.46361;46.30750;"00° 27' 49.00'' Ouest, 46° 18' 27.00'' Nord";"79191";;"186 RUE JEAN JAURÈS";"79000";"NIORT";"Pylône autostable"; 30.0;"ORANGE"
1457541;-0.58194;46.24500;"00° 34' 55.00'' Ouest, 46° 14' 42.00'' Nord";"79130";"LE FIEF DE LA GORRE";;"79270";"FRONTENAY-ROHAN-ROHAN";"Mât métallique"; 22.0;"SNCF Réseau"
1457942;-0.22139;46.65194;"00° 13' 17.00'' Ouest, 46° 39' 07.00'' Nord";"79202";;"13 ROUTE DE BROSSARD HOPITAL";"79200";"PARTHENAY";"Bâtiment"; 10.0;"Etablissement de soins"
1467220;0.12861;46.11833;"00° 07' 43.00'' Est, 46° 07' 06.00'' Nord";"79307";"CHAMP DE LA REINE";;"79190";"SAUZE-VAUSSAIS";"Pylône autostable"; 25.0;"SNCF Réseau"
1468390;0.14222;46.31944;"00° 08' 32.00'' Est, 46° 19' 10.00'' Nord";"79230";"LE VINNOLLIER";;"79120";"ROM";"Pylône autostable"; 20.0;"SNCF Réseau"
1487734;-0.24333;46.63611;"00° 14' 36.00'' Ouest, 46° 38' 10.00'' Nord";"79213";"LA MALADRERIE";"RUE DU DOCTEUR CHAMBARD CHÂTEAU D'EAU";"79200";"POMPAIRE";"Château d'eau - réservoir"; 39.0;"Commune, communauté de commune"
1492051;-0.49611;46.41667;"00° 29' 46.00'' Ouest, 46° 24' 60.00'' Nord";"79281";"COURSAY";"CHEM RURAL";"79410";"SAINT-MAXIRE";"Pylône autostable"; 30.0;"SFR"
1502954;-0.02778;46.17944;"00° 01' 40.00'' Ouest, 46° 10' 46.00'' Nord";"79136";"BOIS ROGER";"D948";"79110";"GOURNAY-LOIZE";"Bâtiment"; 16.0;"TDF"
1505775;-0.40361;46.34111;"00° 24' 13.00'' Ouest, 46° 20' 28.00'' Nord";"79081";"CHABAN";"27 R DE LA TREILLE  MAAF ASSURANCES";"79180";"CHAURAY";"Immeuble"; 38.0;"Société Privée SA"
1511365;-0.34750;46.64611;"00° 20' 51.00'' Ouest, 46° 38' 46.00'' Nord";"79239";"LA CHAGNEE";;"79450";"SAINT-AUBIN-LE-CLOUD";"Pylône autostable"; 29.0;"FPS TOWERS"
1520454;-0.29667;46.16556;"00° 17' 48.00'' Ouest, 46° 09' 56.00'' Nord";"79310";;"CHEMIN DE LA SCIERIE SOCIÉTÉ ARCHIMBAUD";"79170";"SECONDIGNE-SUR-BELLE";"Pylône autostable"; 12.0;"ORANGE"
1525199;-0.13028;46.82194;"00° 07' 49.00'' Ouest, 46° 49' 19.00'' Nord";"79005";;"RUE PIERRE LAILLE COMPLEXE SPORTIF MAURICE BARRET";"79600";"AIRVAULT";"Pylône tubulaire"; 39.0;"FPS TOWERS"
1536711;-0.60750;46.86583;"00° 36' 27.00'' Ouest, 46° 51' 57.00'' Nord";"79050";;"ALL DE L'ÉTANG BOIS DE BRÉTIGNOLLES";"79140";"BRETIGNOLLES";"Pylône autostable"; 49.0;"FPS TOWERS"
1544487;-0.25111;46.65611;"00° 15' 04.00'' Ouest, 46° 39' 22.00'' Nord";"79080";;"LES QUATRE MOULINS";"79200";"CHATILLON-SUR-THOUET";"Pylône autostable"; 20.0;"TDF"
1567475;-0.43972;46.31667;"00° 26' 23.00'' Ouest, 46° 19' 00.00'' Nord";"79191";;"300 AVENUE DE LIMOGES STATION DE LAVAGE AUTO";"79000";"NIORT";"Pylône tubulaire"; 24.0;"ORANGE"
1572736;0.01444;46.73083;"00° 00' 52.00'' Est, 46° 43' 51.00'' Nord";"79108";;"PIED DE DOUX";"79390";"DOUX";"Pylône autostable"; 24.0;"FPS TOWERS"
1572745;-0.44278;46.48917;"00° 26' 34.00'' Ouest, 46° 29' 21.00'' Nord";"79104";;"LA MERCERIE";"79220";"COURS";"Pylône autostable"; 35.0;"FPS TOWERS"
1582920;0.15028;46.33667;"00° 09' 01.00'' Est, 46° 20' 12.00'' Nord";"79230";"LES RENARDIÈRES";;"79120";"ROM";"Pylône autostable"; 30.0;"ORANGE"
1589782;-0.17556;47.05889;"00° 10' 32.00'' Ouest, 47° 03' 32.00'' Nord";"79056";;"LA PANTHIERE, BOIS DE LA MORTAIVE";"79290";"BRION-PRES-THOUET";"Pylône autostable"; 49.6;"FPS TOWERS"
1615323;-0.46083;46.24306;"00° 27' 39.00'' Ouest, 46° 14' 35.00'' Nord";"79137";;"DR NIORT GRIFFIER ZER SAINTES";"79360";"GRANZAY-GRIPT";"Pylône autostable"; 43.0;"Sociétés d'Autoroutes"
1643357;0.13417;46.30111;"00° 08' 03.00'' Est, 46° 18' 04.00'' Nord";"79230";"PLAINE DU PUITS NEUF";;"79120";"ROM";"Pylône autostable"; 36.0;"ORANGE"
1651045;-0.45972;46.30500;"00° 27' 35.00'' Ouest, 46° 18' 18.00'' Nord";"79191";;"199 RUE JEAN JAURÈS";"79000";"NIORT";"Pylône tubulaire"; 31.3;"IFW-FREE"
1651320;-0.15250;46.22222;"00° 09' 09.00'' Ouest, 46° 13' 20.00'' Nord";"79174";"CHAMPS DE HOPITAL";;"79500";"MELLE";"Mât béton"; 28.0;"TDF"
1659224;-0.37111;46.34278;"00° 22' 16.00'' Ouest, 46° 20' 34.00'' Nord";"79081";;"73 RUE DES GUILLÉES";"79180";"CHAURAY";"Pylône tubulaire"; 31.3;"IFW-FREE"
1663698;0.02694;46.07889;"00° 01' 37.00'' Est, 46° 04' 44.00'' Nord";"79211";;"RUE PRINCIPALE";"79110";"PIOUSSAY";"Mât béton"; 12.0;"ORANGE"
1663912;-0.23833;46.21528;"00° 14' 18.00'' Ouest, 46° 12' 55.00'' Nord";"79061";"LES EUCHETTES";"ROUTE DES PLANTES";"79370";"CELLES-SUR-BELLE";"Mât"; 15.0;"Commune, communauté de commune"
1663916;-0.62194;46.97306;"00° 37' 19.00'' Ouest, 46° 58' 23.00'' Nord";"79195";"LA QUÉROIRE";;"79250";"NUEIL-LES-AUBIERS";"Mât"; 15.0;"Commune, communauté de commune"
1663946;-0.44944;46.96472;"00° 26' 58.00'' Ouest, 46° 57' 53.00'' Nord";"79013";"LA VERDERIE";;"79150";"ARGENTON-CHATEAU";"Château d'eau - réservoir"; 53.0;"Syndicat des eaux, Adduction"
1664009;-0.84750;46.96861;"00° 50' 51.00'' Ouest, 46° 58' 07.00'' Nord";"79079";"LES GATS";;"79700";"MAULEON";"Pylône autostable"; 15.0;"Altitude Telecom"
1664015;-0.09028;46.81972;"00° 05' 25.00'' Ouest, 46° 49' 11.00'' Nord";"79005";"LE PIED DE VELUCHÉ";;"79600";"AIRVAULT";"Mât"; 12.0;"Commune, communauté de commune"
1664019;-0.49611;46.18056;"00° 29' 46.00'' Ouest, 46° 10' 50.00'' Nord";"79031";"LE RENFERMIS À ST-JEAN";"DÉCHETTERIE";"79360";"BEAUVOIR-SUR-NIORT";"Pylône autostable"; 35.0;"Commune, communauté de commune"
1664023;-0.01278;46.85583;"00° 00' 46.00'' Ouest, 46° 51' 21.00'' Nord";"79167";"LA CUEILLE";"RTE DE POITIERS D 37";"79600";"MARNES";"Mât"; 12.0;"Commune, communauté de commune"
1664044;-0.11111;46.75361;"00° 06' 40.00'' Ouest, 46° 45' 13.00'' Nord";"79268";"LA TROISONNIÈRE";;"79600";"SAINT-LOUP-LAMAIRE";"Pylône autostable"; 15.0;"Commune, communauté de commune"
1664057;-0.31556;46.63444;"00° 18' 56.00'' Ouest, 46° 38' 04.00'' Nord";"79322";"ST-PIERRE";"CHÂTEAU D'EAU ST-PIERRE";"79200";"LE TALLUD";"Château d'eau - réservoir"; 30.0;"Syndicat des eaux, Adduction"
1671033;0.01083;46.20583;"00° 00' 39.00'' Est, 46° 12' 21.00'' Nord";"79243";"LES CHAMPS CARRÉS";"LA CHENAYE";"79120";"SAINT-COUTANT";"Tour hertzienne"; 85.0;"TDF"
1676102;0.13417;46.16556;"00° 08' 03.00'' Est, 46° 09' 56.00'' Nord";"79212";"LA TACHE";;"79190";"PLIBOUX";"Pylône autostable"; 30.0;"ORANGE"
1711934;-0.36389;46.24333;"00° 21' 50.00'' Ouest, 46° 14' 36.00'' Nord";"79273";"CHÉTIF MOULIN";"R DE BERNEGOUE CHEM RURAL";"79230";"SAINT-MARTIN-DE-BERNEGOUE";"Pylône autostable"; 25.0;"SFR"
1713558;-0.25417;46.38750;"00° 15' 15.00'' Ouest, 46° 23' 15.00'' Nord";"79024";"LE VIEUX VERGEZAY";;"79400";"AZAY-LE-BRULE";"Pylône autostable"; 35.0;"SFR"
1713624;-0.48194;46.31528;"00° 28' 55.00'' Ouest, 46° 18' 55.00'' Nord";"79191";;"12 R JULES SIEGFRIED";"79000";"NIORT";"Immeuble"; 33.9;"Société HLM"
1714445;-0.17917;46.42528;"00° 10' 45.00'' Ouest, 46° 25' 31.00'' Nord";"79189";"LA GUÉRANDIÈRE";;"79400";"NANTEUIL";"Pylône autostable"; 44.0;"SFR"
1717246;-0.22944;47.07389;"00° 13' 46.00'' Ouest, 47° 04' 26.00'' Nord";"79014";"LES LONGETS";;"79290";"ARGENTON-L'EGLISE";"Pylône autostable"; 30.0;"SFR"
1717349;-0.36722;46.47639;"00° 22' 02.00'' Ouest, 46° 28' 35.00'' Nord";"79066";"DORTIÈRE MONPLAISIR";"ZAC";"79220";"CHAMPDENIERS-SAINT-DENIS";"Pylône autostable"; 33.3;"SFR"
1717363;-0.02444;46.57028;"00° 01' 28.00'' Ouest, 46° 34' 13.00'' Nord";"79339";;"STADE MUNICIPAL";"79340";"VASLES";"Pylône autostable"; 27.6;"SFR"
1717915;-0.63500;46.88306;"00° 38' 06.00'' Ouest, 46° 52' 59.00'' Nord";"79210";;"RTE LES CHAMPS DE LA LUNE PROCHE D 33";"79140";"LE PIN";"Pylône autostable"; 30.0;"SFR"
1717932;-0.39139;46.81056;"00° 23' 29.00'' Ouest, 46° 48' 38.00'' Nord";"79088";"LES BOIS DE BRESSUIRE";"CHEM (ANCIEN) DE BRESSUIRE-";"79350";"CHICHE";"Pylône autostable"; 33.3;"SFR"
1717954;-0.48944;46.73444;"00° 29' 22.00'' Ouest, 46° 44' 04.00'' Nord";"79076";"LES EPINETTES";"CHEM DE LA CARRIÈRE";"79430";"LA CHAPELLE-SAINT-LAURENT";"Pylône autostable"; 32.6;"SFR"
1717966;-0.04528;46.65250;"00° 02' 43.00'' Ouest, 46° 39' 09.00'' Nord";"79120";"LES BRULOTS";;"79390";"LA FERRIERE-EN-PARTHENAY";"Pylône autostable"; 48.0;"SFR"
1717974;-0.61583;46.95833;"00° 36' 57.00'' Ouest, 46° 57' 30.00'' Nord";"79195";"LA GODINIÈRE";;"79250";"NUEIL-LES-AUBIERS";"Pylône autostable"; 50.0;"SFR"
1718001;-0.29222;46.72139;"00° 17' 32.00'' Ouest, 46° 43' 17.00'' Nord";"79008";"LES FOUILLARDES";"V COMMUNALE N°7";"79350";"AMAILLOUX";"Pylône autostable"; 32.0;"SFR"
1718006;-0.32278;46.77222;"00° 19' 22.00'' Ouest, 46° 46' 20.00'' Nord";"79008";"LA MAISON NEUVE";;"79350";"AMAILLOUX";"Pylône autostable"; 49.0;"SFR"
1718102;-0.21333;46.41194;"00° 12' 48.00'' Ouest, 46° 24' 43.00'' Nord";"79270";;"R JEAN DROUHET RÉSIDENCE LES PENSÉES";"79400";"SAINT-MAIXENT-L'ECOLE";"Immeuble"; 21.9;"Société HLM"
1718121;-0.54611;46.18333;"00° 32' 46.00'' Ouest, 46° 10' 60.00'' Nord";"79127";;"RUE FRANCE LANGOET   STADE MUN";"79360";"LA FOYE-MONJAULT";"Pylône autostable"; 22.6;"SFR"
1718126;-0.39500;46.38667;"00° 23' 42.00'' Ouest, 46° 23' 12.00'' Nord";"79249";"LA FUTAIE";"R RAOUL GAIGNARD CHATEAU D'EAU DE ST GELAIS";"79410";"SAINT-GELAIS";"Château d'eau - réservoir"; 42.1;"Commune, communauté de commune"
1718740;-0.20111;46.26139;"00° 12' 04.00'' Ouest, 46° 15' 41.00'' Nord";"79061";"LES BRISSARDES";;"79370";"CELLES-SUR-BELLE";"Pylône autostable"; 27.0;"SFR"
1718876;-0.11472;46.38083;"00° 06' 53.00'' Ouest, 46° 22' 51.00'' Nord";"79246";"LES CHAILS";;"79800";"SAINTE-EANNE";"Pylône autostable"; 30.0;"SFR"
1721574;-0.07389;46.28972;"00° 04' 26.00'' Ouest, 46° 17' 23.00'' Nord";"79087";;"LES VIOCHÈRES";"79120";"CHEY";"Pylône autostable"; 26.6;"TDF"
1727783;0.09583;46.12861;"00° 05' 45.00'' Est, 46° 07' 43.00'' Nord";"79307";"LES CHAMPS MAYAUX";;"79190";"SAUZE-VAUSSAIS";"Pylône autostable"; 40.0;"CELLNEX"
1731103;-0.28083;47.06722;"00° 16' 51.00'' Ouest, 47° 04' 02.00'' Nord";"79043";"LE PETIT PRILLET";;"79290";"BOUILLE-LORETZ";"Pylône autostable"; 35.0;"CELLNEX"
1731180;-0.45667;46.31889;"00° 27' 24.00'' Ouest, 46° 19' 08.00'' Nord";"79191";;"RUE DES TROIS COIGNEAUX";"79000";"NIORT";"Immeuble"; 33.0;"Copropriété, Syndic, SCI"
1731191;-0.48611;46.35500;"00° 29' 10.00'' Ouest, 46° 21' 18.00'' Nord";"79191";"LE NOREAU - TERDOUX";"219 RUE DE SERIGNY";"79000";"NIORT";"Pylône autostable"; 15.0;"FPS TOWERS"
1731262;-0.21083;46.32139;"00° 12' 39.00'' Ouest, 46° 19' 17.00'' Nord";"79217";"LE TAIL";"R DU PETIT BOURG STADE MUNICIPAL";"79370";"PRAILLES";"Pylône autostable"; 32.0;"FPS TOWERS"
1732435;-0.35694;46.42694;"00° 21' 25.00'' Ouest, 46° 25' 37.00'' Nord";"79086";"LES CLAVELLES";"PRÈS D.122";"79410";"CHERVEUX";"Pylône autostable"; 27.3;"SFR"
1735598;-0.05194;46.97639;"00° 03' 07.00'' Ouest, 46° 58' 35.00'' Nord";"79203";;"70 R DU 8 MAI D 759 STADE";"79100";"PAS-DE-JEU";"Pylône autostable"; 37.0;"ORANGE"
1747831;0.12972;46.12306;"00° 07' 47.00'' Est, 46° 07' 23.00'' Nord";"79307";"LA MONTÉE ROUGE";"RUE DES CHATAIGNIERS";"79190";"SAUZE-VAUSSAIS";"Pylône autostable"; 30.0;"ORANGE"
1750254;0.06917;46.14944;"00° 04' 09.00'' Est, 46° 08' 58.00'' Nord";"79163";"LE FOUR À CHAUX";"D.948";"79190";"MAIRE-LEVESCAULT";"Pylône autostable"; 35.7;"ORANGE"
1774897;-0.39028;46.36306;"00° 23' 25.00'' Ouest, 46° 21' 47.00'' Nord";"79249";"LES MEGOUX";;"79410";"SAINT-GELAIS";"Pylône autostable"; 34.1;"EDF ou GDF"
1783162;-0.46222;46.32778;"00° 27' 44.00'' Ouest, 46° 19' 40.00'' Nord";"79191";;"57 RUE SAINT ANDRÉ";"79000";"NIORT";"Monument religieux"; 50.0;"Commune, communauté de commune"
1791061;0.12972;46.18083;"00° 07' 47.00'' Est, 46° 10' 51.00'' Nord";"79212";"LES SEIGELIERS";;"79190";"PLIBOUX";"Pylône autostable"; 37.3;"TDF"
1791063;0.12889;46.29944;"00° 07' 44.00'' Est, 46° 17' 58.00'' Nord";"79230";"LA GUESSONIERE";;"79120";"ROM";"Pylône autostable"; 32.5;"TDF"
1795400;-0.28972;46.31917;"00° 17' 23.00'' Ouest, 46° 19' 09.00'' Nord";"79129";;"RESERVOIR  ROUTE DE MOUGON";"79370";"FRESSINES";"Château d'eau - réservoir"; 25.0;"Syndicat des eaux, Adduction"
1805772;0.14750;46.33417;"00° 08' 51.00'' Est, 46° 20' 03.00'' Nord";"79230";"LES RENARDIERES";;"79120";"ROM";"Pylône autostable"; 32.5;"TDF"
1805774;0.11722;46.13583;"00° 07' 02.00'' Est, 46° 08' 09.00'' Nord";"79307";;"ROUTE DE VAUTHION";"79190";"SAUZE-VAUSSAIS";"Pylône autostable"; 32.5;"TDF"
1826993;-0.11000;46.36417;"00° 06' 36.00'' Ouest, 46° 21' 51.00'' Nord";"79184";"CACHEPOILS";"ROUTE DE SALLES";"79800";"LA MOTHE-SAINT-HERAY";"Château d'eau - réservoir"; 30.9;"Syndicat des eaux, Adduction"
1829249;-0.38750;46.34306;"00° 23' 15.00'' Ouest, 46° 20' 35.00'' Nord";"79081";;"560, ROUTE DE PARIS";"79180";"CHAURAY";"Pylône autostable"; 24.0;"ORANGE"
1829947;-0.25028;46.64639;"00° 15' 01.00'' Ouest, 46° 38' 47.00'' Nord";"79202";;"1 PLACE SAINT LAURENT EGLISE SAINT LAURENT";"79200";"PARTHENAY";"Monument religieux"; 62.0;"Commune, communauté de commune"
1833893;-0.22972;46.73083;"00° 13' 47.00'' Ouest, 46° 43' 51.00'' Nord";"79145";"LES BOUILLONS";;"79200";"LAGEON";"Pylône autostable"; 47.0;"TDF"
1855937;-0.54222;46.19222;"00° 32' 32.00'' Ouest, 46° 11' 32.00'' Nord";"79127";;"RUE DE L OUCHE ALLUMETTE LA GRANDE FOYE";"79360";"LA FOYE-MONJAULT";"Château d'eau - réservoir"; 42.0;"Société Privée SA"
1869423;-0.40806;46.34139;"00° 24' 29.00'' Ouest, 46° 20' 29.00'' Nord";"79081";;"RUE DE LA TREILLE À CHAURAY";"79180";"CHAURAY";"Pylône autostable"; 30.0;"ORANGE"
1872948;-0.49278;46.84222;"00° 29' 34.00'' Ouest, 46° 50' 32.00'' Nord";"79049";;"4 PLACE HOTEL DE VILLE";"79300";"BRESSUIRE";"Bâtiment"; 8.0;"Commune, communauté de commune"
1872950;-0.48806;46.84222;"00° 29' 17.00'' Ouest, 46° 50' 32.00'' Nord";"79049";;"27 BOULEVARD DU COLONEL AUBRY";"79300";"BRESSUIRE";"Bâtiment"; 10.0;"Commune, communauté de commune"
1878270;-0.49194;46.84167;"00° 29' 31.00'' Ouest, 46° 50' 30.00'' Nord";"79049";;"17 PLACE NOTRE DAME";"79300";"BRESSUIRE";"Monument religieux"; 47.0;"Commune, communauté de commune"
1878405;-0.37000;46.34361;"00° 22' 12.00'' Ouest, 46° 20' 37.00'' Nord";"79081";;"91 RUE DES GUILLEES";"79180";"CHAURAY";"Pylône autostable"; 27.0;"SFR"
1882789;-0.30222;46.31444;"00° 18' 08.00'' Ouest, 46° 18' 52.00'' Nord";"79129";"LES ROCS A MOREAU";"CHEMIN DIT DE SORIGNE";"79370";"FRESSINES";"Pylône autostable"; 35.0;"IFW-FREE"
1885920;-0.45639;46.32222;"00° 27' 23.00'' Ouest, 46° 19' 20.00'' Nord";"79191";;"2 AVENUE DE LIMOGES GROUPAMA";"79000";"NIORT";"Bâtiment"; 31.5;"Société Privée SA"
1905236;-0.47833;46.19139;"00° 28' 42.00'' Ouest, 46° 11' 29.00'' Nord";"79031";"SAINT-GILLES";"LE FIEF SAINT GILLES";"79360";"BEAUVOIR-SUR-NIORT";"Pylône autostable"; 35.0;"IFW-FREE"
1905864;-0.68500;46.90306;"00° 41' 06.00'' Ouest, 46° 54' 11.00'' Nord";"79079";;"PARC ECONOMIQUE DE RORTHAIS";"79700";"MAULEON";"Immeuble"; 3.0;"Société Privée SA"
1908133;-0.54472;46.18333;"00° 32' 41.00'' Ouest, 46° 10' 60.00'' Nord";"79127";"CHAMP DU CIMETIERE";"STADE";"79360";"LA FOYE-MONJAULT";"Pylône autostable"; 37.8;"IFW-FREE"
1909298;-0.46056;46.31472;"00° 27' 38.00'' Ouest, 46° 18' 53.00'' Nord";"79191";;"40 AV CHARLES DE GAULLE IFSI DU CENTRE HOSPITALIER";"79000";"NIORT";"Bâtiment"; 35.4;"Etablissement de soins"
1916185;-0.66167;46.19694;"00° 39' 42.00'' Ouest, 46° 11' 49.00'' Nord";"79170";;"45 ROUTE DE NIORT PA MAUZE";"79210";"MAUZE-SUR-LE-MIGNON";"Bâtiment"; 20.0;"DDE"
1916187;-0.53028;46.84250;"00° 31' 49.00'' Ouest, 46° 50' 33.00'' Nord";"79049";;"10 RUE DES COMPAGNONS";"79300";"BRESSUIRE";"Pylône autostable"; 35.0;"DDE"
1947315;0.03333;46.11750;"00° 02' 00.00'' Est, 46° 07' 03.00'' Nord";"79175";"AUX VALLEES";"R.D 1 DE COULONGES SUR L'AUTIZE A SAUZE VAUSSAIS";"79190";"MELLERAN";"Pylône autostable"; 50.1;"Conseil Départemental"
1954404;-0.53806;46.37250;"00° 32' 17.00'' Ouest, 46° 22' 21.00'' Nord";"79293";"LE PORTAIL";;"79410";"SAINT-REMY";"Pylône autostable"; 37.8;"IFW-FREE"
1958851;-0.48861;46.31167;"00° 29' 19.00'' Ouest, 46° 18' 42.00'' Nord";"79191";;"17 RUE BLAISE PASCAL";"79000";"NIORT";"Pylône autostable"; 36.0;"ORANGE"
1963189;-0.47611;46.41222;"00° 28' 34.00'' Ouest, 46° 24' 44.00'' Nord";"79281";"LA POINTE";"RUE DES SPORTS";"79410";"SAINT-MAXIRE";"Pylône autostable"; 30.0;"ORANGE"
1972573;-0.13722;46.55278;"00° 08' 14.00'' Ouest, 46° 33' 10.00'' Nord";"79340";;"5 ROUTE DE SAINT-MARTIN DU FOUILLOUX";"79420";"VAUSSEROUX";"Pylône autostable"; 37.0;"IFW-FREE"
1985056;-0.42972;46.28694;"00° 25' 47.00'' Ouest, 46° 17' 13.00'' Nord";"79003";"CHAILLE";;"79230";"AIFFRES";"Pylône autostable"; 37.0;"IFW-FREE"
1991527;-0.32167;46.35111;"00° 19' 18.00'' Ouest, 46° 21' 04.00'' Nord";"79048";;"ALLEE DES GRANDS CHAMPS";"79260";"LA CRECHE";"Bâtiment"; 11.0;"BOUYGUES"
2007391;-0.48167;46.32778;"00° 28' 54.00'' Ouest, 46° 19' 40.00'' Nord";"79191";;"6 PLACE LOUIS JOUVET";"79000";"NIORT";"Bâtiment"; 33.8;"Société HLM"
2007393;-0.45639;46.33389;"00° 27' 23.00'' Ouest, 46° 20' 02.00'' Nord";"79191";;"8 RUE  GUY GUILLOTTEAU";"79000";"NIORT";"Bâtiment"; 35.1;"Société HLM"
2020551;0.03583;46.07111;"00° 02' 09.00'' Est, 46° 04' 16.00'' Nord";"79211";"LUGÉE";;"79110";"PIOUSSAY";"Château d'eau - réservoir"; 25.0;"Commune, communauté de commune"
2022527;-0.02889;46.71528;"00° 01' 44.00'' Ouest, 46° 42' 55.00'' Nord";"79326";;"STADE DE TENEZAY RUE DES ORMEAUX";"79390";"THENEZAY";"Pylône autostable"; 29.0;"ORANGE"
2034502;-0.35833;46.42694;"00° 21' 30.00'' Ouest, 46° 25' 37.00'' Nord";"79086";"SENEUIL";;"79410";"CHERVEUX";"Pylône tubulaire"; 32.8;"IFW-FREE"
2034504;-0.48417;46.31861;"00° 29' 03.00'' Ouest, 46° 19' 07.00'' Nord";"79191";;"4 SQUARE MADAME DE MAINTENON";"79000";"NIORT";"Bâtiment"; 36.0;"Société HLM"
2035357;-0.06417;46.50139;"00° 03' 51.00'' Ouest, 46° 30' 05.00'' Nord";"79176";"BEAUVOIR";"D21 RUE DE PARTHENAY";"79340";"MENIGOUTE";"Pylône autostable"; 40.4;"TDF"
2035359;-0.12139;46.35944;"00° 07' 17.00'' Ouest, 46° 21' 34.00'' Nord";"79184";"CHABANAIS";;"79800";"LA MOTHE-SAINT-HERAY";"Pylône autostable"; 40.4;"TDF"
2035980;-0.31306;46.54056;"00° 18' 47.00'' Ouest, 46° 32' 26.00'' Nord";"79172";"LES NAIDES";;"79310";"MAZIERES-EN-GATINE";"Pylône autostable"; 42.0;"IFW-FREE"
