Numéro du support;Longitude;Latitude;"Position";"Insee";"Lieu dit";"Adresse";"Code postal";"Commune";"Nature du support";Hauteur en m;"Propriétaire"
20018;1.08694;46.39583;"01° 05' 13.00'' Est, 46° 23' 45.00'' Nord";"86037";"CIMETIÈRE";"CD 10 CENTRAL TÉLÉPHONIQUE";"86290";"BRIGUEIL-LE-CHANTRE";"Pylône tubulaire"; 14.0;"ORANGE Services Fixes"
20030;0.06556;46.69861;"00° 03' 56.00'' Est, 46° 41' 55.00'' Nord";"86073";"VIVONNE";;"86170";"CHERVES";"Bâtiment"; 19.0;"Météo"
20032;0.33917;46.58083;"00° 20' 21.00'' Est, 46° 34' 51.00'' Nord";"86194";;"56 R DE LA MARNE STUDIO CHERIE FM";"86000";"POITIERS";"Immeuble"; 16.0;"Société Privée SA"
55785;0.22194;46.51778;"00° 13' 19.00'' Est, 46° 31' 04.00'' Nord";"86024";"LES BRANDES DE L'EPINE";"L'AQUITAINE A10 SITE ASF";"86190";"BERUGES";"Pylône autostable"; 30.0;"Sociétés d'Autoroutes"
62501;0.62667;46.56278;"00° 37' 36.00'' Est, 46° 33' 46.00'' Nord";"86070";"LE PEURON";"CITE HLM";"86300";"CHAUVIGNY";"Immeuble"; 20.0;
62505;0.64861;46.57111;"00° 38' 55.00'' Est, 46° 34' 16.00'' Nord";"86070";;"23 R DES PUYS";"86300";"CHAUVIGNY";"Immeuble"; 15.0;"Particulier"
106496;0.18056;46.30111;"00° 10' 50.00'' Est, 46° 18' 04.00'' Nord";"86082";;"R DES FONTAINES";"86700";"COUHE";"Château d'eau - réservoir"; 51.0;"Commune, communauté de commune"
106508;0.63528;46.42861;"00° 38' 07.00'' Est, 46° 25' 43.00'' Nord";"86153";;"ZONE D'ACTIVITÉ ÉCONOMIQUE DE LA PITAGE";"86320";"MAZEROLLES";"Pylône autostable"; 45.0;"ORANGE"
106548;0.11444;46.94861;"00° 06' 52.00'' Est, 46° 56' 55.00'' Nord";"86005";"LES PRÉS DE LA MOYE";;"86330";"ANGLIERS";"Pylône autostable"; 30.0;"ORANGE"
106584;0.76611;46.73667;"00° 45' 58.00'' Est, 46° 44' 12.00'' Nord";"86193";"LE BOURG SUD";"CENTRAL F.T AV JOURDE";"86450";"PLEUMARTIN";"Pylône autostable"; 30.0;"ORANGE Services Fixes"
115099;0.36611;46.67278;"00° 21' 58.00'' Est, 46° 40' 22.00'' Nord";"86115";;"LYCEE PILOTE INNOVANT. PARC DU FUTUROSCOPE";"86130";"JAUNAY-CLAN";"Bâtiment"; 24.0;"Conseil Régional"
138207;0.32917;46.59778;"00° 19' 45.00'' Est, 46° 35' 52.00'' Nord";"86194";;"63 R DE LA BUGELLERIE LYCEE LOUIS ARMAND";"86000";"POITIERS";"Bâtiment"; 15.0;"Etat, Ministère"
144246;0.53278;46.82667;"00° 31' 58.00'' Est, 46° 49' 36.00'' Nord";"86066";;"R EDISON";"86100";"CHATELLERAULT";"Pylône autostable"; 30.0;"ORANGE"
216048;0.59389;46.90861;"00° 35' 38.00'' Est, 46° 54' 31.00'' Nord";"86092";;"RST INGRANDES PS PK 292.790";"86220";"DANGE-SAINT-ROMAIN";"Mât"; 22.0;"SNCF Réseau"
216052;0.54806;46.82139;"00° 32' 53.00'' Est, 46° 49' 17.00'' Nord";"86066";;"RST CHATELLERAULT PK 303.220";"86100";"CHATELLERAULT";"Mât"; 22.0;"SNCF Réseau"
216068;0.37333;46.65139;"00° 22' 24.00'' Est, 46° 39' 05.00'' Nord";"86062";;"RST CHASSENEUIL PK 328.110";"86360";"CHASSENEUIL-DU-POITOU";"Mât"; 22.0;"SNCF Réseau"
242991;0.37111;46.58917;"00° 22' 16.00'' Est, 46° 35' 21.00'' Nord";"86194";;"70 R DE BONNEUIL MATOURS";"86000";"POITIERS";"Immeuble"; 18.0;"Société Privée SA"
244422;0.29194;46.23889;"00° 17' 31.00'' Est, 46° 14' 20.00'' Nord";"86211";"CLIE BOUCHARD";;"86700";"ROMAGNE";"Pylône autostable"; 26.2;"ATC FRANCE"
256999;0.88361;46.55139;"00° 53' 01.00'' Est, 46° 33' 05.00'' Nord";"86223";"MACHETAU";;"86310";"SAINT-GERMAIN";"Pylône autostable"; 28.0;
257076;0.35833;46.63000;"00° 21' 30.00'' Est, 46° 37' 48.00'' Nord";"86062";"CHAUMONT";"CHEM RURAL DIT DE CHAUMONT";"86360";"CHASSENEUIL-DU-POITOU";"Pylône autostable"; 30.0;"ORANGE"
259401;0.16194;46.20611;"00° 09' 43.00'' Est, 46° 12' 22.00'' Nord";"86068";;"GRANDE RUE PYLÔNE FT";"86510";"CHAUNAY";"Pylône autostable"; 34.0;"ORANGE Services Fixes"
262190;0.34444;46.59611;"00° 20' 40.00'' Est, 46° 35' 46.00'' Nord";"86041";;"8 PARC DE BRUXEROLLES";"86180";"BUXEROLLES";"Immeuble"; 24.0;"Société HLM"
264891;0.31278;46.57972;"00° 18' 46.00'' Est, 46° 34' 47.00'' Nord";"86027";;"R VIGNAUD ATELIERS MUNICIPAUX";"86580";"BIARD";"Pylône tubulaire"; 21.0;"ORANGE"
276079;0.34139;46.58361;"00° 20' 29.00'' Est, 46° 35' 01.00'' Nord";"86194";;"6 R RENÉ SAVATIER LABORATOIRE LARTIGUE-MICHAUDET";"86000";"POITIERS";"Immeuble"; 17.0;"Société Privée SA"
277795;0.35528;46.58083;"00° 21' 19.00'' Est, 46° 34' 51.00'' Nord";"86194";;"18 BD  DU COLONEL BARTHAL";"86000";"POITIERS";"Mât métallique"; 1.5;"ORANGE"
285406;0.32917;46.56000;"00° 19' 45.00'' Est, 46° 33' 36.00'' Nord";"86214";"LES GRANDS RANDEAUX";"R DU CLAIN STADE DE LA VARENNE";"86280";"SAINT-BENOIT";"Pylône tubulaire"; 25.0;"Commune, communauté de commune"
305860;0.34278;46.55861;"00° 20' 34.00'' Est, 46° 33' 31.00'' Nord";"86214";;"2 R DES PERDRIX";"86280";"SAINT-BENOIT";"Pylône tubulaire"; 18.0;"ORANGE"
307256;0.84750;46.61972;"00° 50' 51.00'' Est, 46° 37' 11.00'' Nord";"86040";"LA CORBIÈRE";"D.11- VC";"86310";"LA BUSSIERE";"Pylône autostable"; 34.0;"ORANGE"
316237;0.01722;46.46528;"00° 01' 02.00'' Est, 46° 27' 55.00'' Nord";"86213";;"LES JAUNILIERES DE MARTRAN POINT APPUI ROUILLE MARTRAN";"86480";"ROUILLE";"Pylône autostable"; 18.0;"Sociétés d'Autoroutes"
318831;0.33056;46.73583;"00° 19' 50.00'' Est, 46° 44' 09.00'' Nord";"86281";"BOIS CHATENAIS";"CHÂTEAU D'EAU RD 21";"86380";"VENDEUVRE-DU-POITOU";"Château d'eau - réservoir"; 28.0;"Syndicat des eaux, Adduction"
329263;0.47194;46.07861;"00° 28' 19.00'' Est, 46° 04' 43.00'' Nord";"86063";"LES VIGNES";;"86250";"CHATAIN";"Pylône autostable"; 30.0;"ORANGE"
358472;0.40389;46.70139;"00° 24' 14.00'' Est, 46° 42' 05.00'' Nord";"86095";;"10 ALL DES ERABLES";"86130";"DISSAY";"Bâtiment"; 8.0;
366257;0.86694;46.42861;"00° 52' 01.00'' Est, 46° 25' 43.00'' Nord";"86165";;"2 R HENRI DUNANT";"86500";"MONTMORILLON";"Bâtiment"; 25.0;"Etablissement de soins"
366259;0.07639;47.01222;"00° 04' 35.00'' Est, 47° 00' 44.00'' Nord";"86137";;"3 R VISITANDINES";"86200";"LOUDUN";"Bâtiment"; 25.0;"Etablissement de soins"
366261;0.55444;46.83056;"00° 33' 16.00'' Est, 46° 49' 50.00'' Nord";"86066";;"R DU DR LUC MONTAGNIER";"86100";"CHATELLERAULT";"Bâtiment"; 40.0;"Etablissement de soins"
380038;0.88944;46.69444;"00° 53' 22.00'' Est, 46° 41' 40.00'' Nord";"86004";;"R BLANCOISE D.2B";"86260";"ANGLES-SUR-L'ANGLIN";"Pylône tubulaire"; 25.0;"ORANGE"
435197;0.44417;46.71472;"00° 26' 39.00'' Est, 46° 42' 53.00'' Nord";"86019";"LES LISES";"VC N°7";"86130";"BEAUMONT";"Pylône autostable"; 36.0;"TDF"
435434;0.31722;46.62972;"00° 19' 02.00'' Est, 46° 37' 47.00'' Nord";"86158";"LE PARADIS";"R DE LA TOURMALINE";"86440";"MIGNE-AUXANCES";"Pylône autostable"; 44.6;"TDF"
439112;0.32750;46.57194;"00° 19' 39.00'' Est, 46° 34' 19.00'' Nord";"86194";;"R DE LA MADELEINE";"86000";"POITIERS";"Pylône autostable"; 40.6;"TDF"
439602;0.54806;46.82778;"00° 32' 53.00'' Est, 46° 49' 40.00'' Nord";"86066";"LES MINIMES";"AV DES MIMOSAS AV DES CAPUCINES";"86100";"CHATELLERAULT";"Pylône autostable"; 52.0;"TDF"
441532;0.39028;46.55583;"00° 23' 25.00'' Est, 46° 33' 21.00'' Nord";"86194";;"370 AV JACQUES COEUR LA MILETRIE";"86000";"POITIERS";"Château d'eau - réservoir"; 35.3;"Particulier"
444544;0.33139;46.55000;"00° 19' 53.00'' Est, 46° 32' 60.00'' Nord";"86214";;"101 AV. DES HAUTS DE CHAUME";"86280";"SAINT-BENOIT";"Pylône autostable"; 30.0;"ORANGE"
447457;0.38861;46.54528;"00° 23' 19.00'' Est, 46° 32' 43.00'' Nord";"86157";"LA MOUDURERIE";"CHANTEMERLE ROUTE DE LA TOUR HERTZIENNE";"86550";"MIGNALOUX-BEAUVOIR";"Tour hertzienne"; 94.0;"TDF"
450007;0.28333;46.13556;"00° 17' 00.00'' Est, 46° 08' 08.00'' Nord";"86078";;"LES TERRES ROUGES CHÂTEAU D'EAU DE COMBEAUSSEIZE";"86400";"CIVRAY";"Château d'eau - réservoir"; 47.4;"Syndicat des eaux, Adduction"
454242;0.08333;47.01028;"00° 05' 00.00'' Est, 47° 00' 37.00'' Nord";"86137";;"1 R GAMMBETTA";"86200";"LOUDUN";"Bâtiment"; 15.0;"Commune, communauté de commune"
454244;0.86583;46.43361;"00° 51' 57.00'' Est, 46° 26' 01.00'' Nord";"86165";"LA GOUDONNE";"SILO";"86500";"MONTMORILLON";"Silo"; 16.0;"Commune, communauté de commune"
454443;0.52639;46.90472;"00° 31' 35.00'' Est, 46° 54' 17.00'' Nord";"86007";"LA BARBOTTERIE";"STATION HERTZIENNE D'ANTRAN D 43";"86100";"ANTRAN";"Tour hertzienne"; 93.0;"TDF"
454556;0.87333;46.40556;"00° 52' 24.00'' Est, 46° 24' 20.00'' Nord";"86254";"LA LOGE FRADET";"ALLÉE DES ROUSSELIÈRES PYLONE TDF";"86500";"SAULGE";"Pylône autostable"; 50.0;"TDF"
454770;0.89667;46.43194;"00° 53' 48.00'' Est, 46° 25' 55.00'' Nord";"86165";"Z.I. NORD";"12 R DES ARTISANS";"86500";"MONTMORILLON";"Pylône autostable"; 50.0;"Towercast"
454851;0.25056;46.13000;"00° 15' 02.00'' Est, 46° 07' 48.00'' Nord";"86247";"LE BREUIL D'HALEINE";;"86400";"SAINT-SAVIOL";"Château d'eau - réservoir"; 37.0;"Société Privée SA"
455061;0.31139;46.55500;"00° 18' 41.00'' Est, 46° 33' 18.00'' Nord";"86194";;"R DU BOIS D'AMOUR";"86000";"POITIERS";"Château d'eau - réservoir"; 45.7;"Syndicat des eaux, Adduction"
455094;0.36111;46.59139;"00° 21' 40.00'' Est, 46° 35' 29.00'' Nord";"86194";;"11 R DE NIMÈGUE";"86000";"POITIERS";"Immeuble"; 71.0;"Copropriété, Syndic, SCI"
455856;0.36083;46.57722;"00° 21' 39.00'' Est, 46° 34' 38.00'' Nord";"86194";;"R ST SATURNIN CH D'EAU";"86000";"POITIERS";"Château d'eau - réservoir"; 40.2;"Commune, communauté de commune"
457483;0.34361;46.58694;"00° 20' 37.00'' Est, 46° 35' 13.00'' Nord";"86194";;"R ST GERMAIN EGLISE ST GERMAIN";"86000";"POITIERS";"Monument religieux"; 20.0;"Commune, communauté de commune"
462788;0.34778;46.59139;"00° 20' 52.00'' Est, 46° 35' 29.00'' Nord";"86194";"HOP DES CHAMPS";"CHEM DES GRANDES DUNES STATION TDF LES COURONNERIES";"86000";"POITIERS";"Pylône autostable"; 62.0;"TDF"
463720;0.08500;47.01889;"00° 05' 06.00'' Est, 47° 01' 08.00'' Nord";"86137";;"21 AV DE LA COOPÉRATION";"86200";"LOUDUN";"Pylône autostable"; 35.0;"TDF"
463734;0.27694;46.52944;"00° 16' 37.00'' Est, 46° 31' 46.00'' Nord";"86100";;"49 RUE DU VERCORS ZAC";"86240";"FONTAINE-LE-COMTE";"Pylône autostable"; 48.0;"TDF"
464756;0.68417;46.96472;"00° 41' 03.00'' Est, 46° 57' 53.00'' Nord";"86042";"LES LOGES";;"37160";"BUXEUIL";"Pylône autostable"; 32.0;"TDF"
464855;0.81639;46.78111;"00° 48' 59.00'' Est, 46° 46' 52.00'' Nord";"86207";;"R DU 19 MARS 1962";"86270";"LA ROCHE-POSAY";"Pylône autostable"; 59.5;"TDF"
465265;0.87694;46.56139;"00° 52' 37.00'' Est, 46° 33' 41.00'' Nord";"86223";"LES CAVES";;"86310";"SAINT-GERMAIN";"Pylône autostable"; 26.5;"TDF"
466077;0.55778;46.56389;"00° 33' 28.00'' Est, 46° 33' 50.00'' Nord";"86114";;"ROUTE GATE BOURSE";"86800";"JARDRES";"Pylône autostable"; 50.0;"TDF"
467354;0.21194;46.79250;"00° 12' 43.00'' Est, 46° 47' 33.00'' Nord";"86160";"BOIS DE ROCHEFORT";"CHEM RURAL N°17 DIT DU BOIS DE ROCHEFORT PRÈS DE RD 725";"86110";"MIREBEAU";"Château d'eau - réservoir"; 59.4;"Syndicat des eaux, Adduction"
467446;0.74611;46.57083;"00° 44' 46.00'' Est, 46° 34' 15.00'' Nord";"86098";"LES VIEUX ESSARTS DE MAREUIL";"LA MAISON DES CHAMPS";"86300";"FLEIX";"Pylône autostable"; 38.0;"TDF"
467450;0.11333;46.66472;"00° 06' 48.00'' Est, 46° 39' 53.00'' Nord";"86142";"BOIS DE LA FOI";"CHEM RURAL N°10";"86190";"MAILLE";"Pylône autostable"; 50.0;"TDF"
468976;0.57306;46.69028;"00° 34' 23.00'' Est, 46° 41' 25.00'' Nord";"86032";"LES HAUTES SAUDIÈRES";"VOIE COM. N°2";"86210";"BONNEUIL-MATOURS";"Pylône autostable"; 52.0;"TDF"
475788;0.57944;46.83083;"00° 34' 46.00'' Est, 46° 49' 51.00'' Nord";"86066";;"CHATEAU D EAU LA GUILLOTIERE ANTOIGNE";"86100";"CHATELLERAULT";"Château d'eau - réservoir"; 47.0;"Particulier"
496261;0.46139;46.55833;"00° 27' 41.00'' Est, 46° 33' 30.00'' Nord";"86226";"LE PETIT PRÉ";"CHE DE LA FOSSE CHÂTEAU D'EAU DE SÈVRE ANXAUMONT";"86800";"SAINT-JULIEN-L'ARS";"Château d'eau - réservoir"; 62.0;"Syndicat des eaux, Adduction"
499475;0.50361;46.77806;"00° 30' 13.00'' Est, 46° 46' 41.00'' Nord";"86174";"LA GLANDÉE";"A 10 CHEMIN DES VOLEURS";"86530";"NAINTRE";"Pylône autostable"; 47.0;"Sociétés d'Autoroutes"
505592;0.34861;46.56306;"00° 20' 55.00'' Est, 46° 33' 47.00'' Nord";"86214";;"CHEM DU CHAMP DE LA CAILLE";"86280";"SAINT-BENOIT";"Château d'eau - réservoir"; 75.0;"Syndicat des eaux, Adduction"
507820;0.39667;46.66500;"00° 23' 48.00'' Est, 46° 39' 54.00'' Nord";"86222";"LES VARENNES";;"86130";"SAINT-GEORGES-LES-BAILLARGEAUX";"Château d'eau - réservoir"; 65.1;"Commune, communauté de commune"
508996;0.08000;46.98694;"00° 04' 48.00'' Est, 46° 59' 13.00'' Nord";"86049";"NERIAU";"CHÂTEAU D'EAU";"86200";"CHALAIS";"Château d'eau - réservoir"; 67.0;"Syndicat des eaux, Adduction"
510829;0.34583;46.52278;"00° 20' 45.00'' Est, 46° 31' 22.00'' Nord";"86263";"LES PIERRES BRUNES";"CHÂTEAU D'EAU VALLÉE DES PIERRES BRUNES";"86240";"SMARVES";"Château d'eau - réservoir"; 52.0;"Syndicat des eaux, Adduction"
511169;0.13111;46.42667;"00° 07' 52.00'' Est, 46° 25' 36.00'' Nord";"86139";"LES PINS";"RD 742";"86600";"LUSIGNAN";"Château d'eau - réservoir"; 57.0;"Syndicat des eaux, Adduction"
512201;0.19167;46.79083;"00° 11' 30.00'' Est, 46° 47' 27.00'' Nord";"86160";;"R RENE MABILLAUD STADE MUNICIPAL";"86110";"MIREBEAU";"Pylône tubulaire"; 44.0;"TDF"
512220;0.30889;46.62278;"00° 18' 32.00'' Est, 46° 37' 22.00'' Nord";"86158";;"RTE DE POITIERS ANGLE R DE L'ERABLE";"86440";"MIGNE-AUXANCES";"Château d'eau - réservoir"; 33.0;"Syndicat des eaux, Adduction"
512280;0.25667;46.44111;"00° 15' 24.00'' Est, 46° 26' 28.00'' Nord";"86293";"LE TREUIL";"39 CHEM DE POMMEROUX";"86370";"VIVONNE";"Pylône autostable"; 45.5;"HIVORY"
512312;0.16000;46.22611;"00° 09' 36.00'' Est, 46° 13' 34.00'' Nord";"86068";"LE MOULIN PALU";"CH DES CHAMPS DE VALENCE";"86510";"CHAUNAY";"Pylône autostable"; 51.0;"TDF"
513626;0.25639;46.38222;"00° 15' 23.00'' Est, 46° 22' 56.00'' Nord";"86293";"LES GRANDES MAISONS";;"86370";"VIVONNE";"Pylône autostable"; 35.0;"TDF"
525774;0.28611;46.55444;"00° 17' 10.00'' Est, 46° 33' 16.00'' Nord";"86297";;"R DE PRÉ CHARAUD";"86580";"VOUNEUIL-SOUS-BIARD";"Château d'eau - réservoir"; 26.3;"Commune, communauté de commune"
531702;0.22667;46.61278;"00° 13' 36.00'' Est, 46° 36' 46.00'' Nord";"86204";"BOIS DU GLAND";"RUE DE LA CROIX FERRÉE";"86190";"QUINCAY";"Château d'eau - réservoir"; 48.0;"Syndicat des eaux, Adduction"
532230;0.24444;46.30639;"00° 14' 40.00'' Est, 46° 18' 23.00'' Nord";"86082";"LE COUREAU";"D.27 - PROXIMITÉ GARE";"86700";"COUHE";"Pylône autostable"; 30.0;"HIVORY"
533950;0.24583;46.68750;"00° 14' 45.00'' Est, 46° 41' 15.00'' Nord";"86177";;"R DE LA POSTE/R DU JARDIN PUBLIC";"86170";"NEUVILLE-DE-POITOU";"Château d'eau - réservoir"; 48.0;"Syndicat des eaux, Adduction"
533954;0.33667;46.61167;"00° 20' 12.00'' Est, 46° 36' 42.00'' Nord";"86194";;"11, R HENRI MOISSAN ZI REPUBLIQUE 2";"86000";"POITIERS";"Pylône tubulaire"; 61.4;"BOUYGUES"
535465;0.40556;46.37278;"00° 24' 20.00'' Est, 46° 22' 22.00'' Nord";"86103";;"LE CHAMPS DE FOIRE";"86160";"GENCAY";"Château d'eau - réservoir"; 47.0;"Syndicat des eaux, Adduction"
538029;0.16194;46.64194;"00° 09' 43.00'' Est, 46° 38' 31.00'' Nord";"86294";"LE GRAND CHAMP";"LE STADE";"86190";"VOUILLE";"Château d'eau - réservoir"; 64.0;"Syndicat des eaux, Adduction"
540225;0.31306;46.73944;"00° 18' 47.00'' Est, 46° 44' 22.00'' Nord";"86281";"BROCHEREAU";"16 RTE DE SIGNY PRÈS DES SILOS";"86380";"VENDEUVRE-DU-POITOU";"Pylône autostable"; 38.0;"TDF"
540508;0.24361;46.63500;"00° 14' 37.00'' Est, 46° 38' 06.00'' Nord";"86076";"LES MOTAIS";"RTE DU CHÂTELET";"86170";"CISSE";"Château d'eau - réservoir"; 58.3;"Syndicat des eaux, Adduction"
546323;0.70722;46.41361;"00° 42' 26.00'' Est, 46° 24' 49.00'' Nord";"86140";"LA CLERJAUDRIE";;"86320";"LUSSAC-LES-CHATEAUX";"Pylône autostable"; 49.0;"HIVORY"
546387;0.43500;46.69778;"00° 26' 06.00'' Est, 46° 41' 52.00'' Nord";"86095";"LA MORINIÈRE";;"86130";"DISSAY";"Château d'eau - réservoir"; 32.4;"Commune, communauté de commune"
555428;0.53278;46.81556;"00° 31' 58.00'' Est, 46° 48' 56.00'' Nord";"86066";;"1, SQ DANAN RÉSIDENCE STONGE";"86100";"CHATELLERAULT";"Immeuble"; 35.0;"Copropriété, Syndic, SCI"
567094;0.24889;46.51083;"00° 14' 56.00'' Est, 46° 30' 39.00'' Nord";"86133";"LE GRAND CARRÉ";"LA DOUARDIERE";"86240";"LIGUGE";"Pylône autostable"; 48.0;"HIVORY"
569396;0.41972;46.74694;"00° 25' 11.00'' Est, 46° 44' 49.00'' Nord";"86019";"LE BOIS ROND";"V C N° 8 DE LA TOUR SAVARY";"86490";"BEAUMONT";"Pylône autostable"; 50.0;"CELLNEX"
577011;0.02972;46.41667;"00° 01' 47.00'' Est, 46° 24' 60.00'' Nord";"86213";"CHAVAGNÉ";"PRÈS VOIE FERRÉE LA ROCHELLE - POITIERS";"86480";"ROUILLE";"Pylône autostable"; 37.0;"ATC FRANCE"
577716;0.21806;46.92583;"00° 13' 05.00'' Est, 46° 55' 33.00'' Nord";"86167";"L'ORMEAU CREUX";"LE HAUT GATEUIL";"86420";"MONTS-SUR-GUESNES";"Pylône autostable"; 48.0;"TDF"
580910;0.06944;46.81611;"00° 04' 10.00'' Est, 46° 48' 58.00'' Nord";"86225";"LES VIGNES DE LEUGNY";"RD18 DE MARNES LA CUEILLE À ETABLES PROCHE CHÂTEAU D' EAU";"86330";"SAINT-JEAN-DE-SAUVES";"Pylône autostable"; 35.0;"HIVORY"
585977;0.51667;46.47028;"00° 31' 00.00'' Est, 46° 28' 13.00'' Nord";"86099";"LA GÈRE";"SILO GROUPE CTRE ATLANTIQUE CD 2 DE TOURNON ST MARTIN";"86340";"FLEURE";"Pylône autostable"; 45.0;"HIVORY"
586398;0.15000;46.51000;"00° 09' 00.00'' Est, 46° 30' 36.00'' Nord";"86083";"LES GROS SILLONS";"AIRE DE REPOS SUD  A10";"86600";"COULOMBIERS";"Pylône autostable"; 45.0;"ORANGE"
587655;0.64972;46.55806;"00° 38' 59.00'' Est, 46° 33' 29.00'' Nord";"86070";;"LES PLANTIS";"86300";"CHAUVIGNY";"Pylône autostable"; 45.0;"TDF"
587768;0.62361;46.93444;"00° 37' 25.00'' Est, 46° 56' 04.00'' Nord";"86092";"LA DAVIÈRE";"PYLONE TDF";"86220";"DANGE-SAINT-ROMAIN";"Pylône autostable"; 44.0;"TDF"
612693;0.66444;46.55639;"00° 39' 52.00'' Est, 46° 33' 23.00'' Nord";"86070";"LA GARNIÈRE";"CHEM RURAL DE CHAUVIGNY À LA CARONNIÈRE";"86300";"CHAUVIGNY";"Château d'eau - réservoir"; 63.0;"Commune, communauté de commune"
612825;0.33833;46.57944;"00° 20' 18.00'' Est, 46° 34' 46.00'' Nord";"86194";;"22, R CARNOT";"86000";"POITIERS";"Immeuble"; 32.0;"Commune, communauté de commune"
614500;0.31250;46.32639;"00° 18' 45.00'' Est, 46° 19' 35.00'' Nord";"86052";"FOUGÈRE";"CHEM RURAL N°7";"86160";"CHAMPAGNE-SAINT-HILAIRE";"Pylône autostable"; 35.7;"ORANGE Services Fixes"
622547;0.40778;46.82361;"00° 24' 28.00'' Est, 46° 49' 25.00'' Nord";"86258";"LE CHÂTENET";"CHEM DÉPARTEMENTAL N°23";"86140";"SCORBE-CLAIRVAUX";"Pylône autostable"; 37.6;"ORANGE"
630876;0.32639;46.58861;"00° 19' 35.00'' Est, 46° 35' 19.00'' Nord";"86194";;"R JEAN MERMOZ";"86000";"POITIERS";"Château d'eau - réservoir"; 32.3;"Commune, communauté de commune"
654960;0.36111;46.58972;"00° 21' 40.00'' Est, 46° 35' 23.00'' Nord";"86194";;"71, AV JOHN KENNEDY";"86000";"POITIERS";"Immeuble"; 42.5;"Société HLM"
661218;0.45194;46.49833;"00° 27' 07.00'' Est, 46° 29' 54.00'' Nord";"86180";"LE PINIER";"45 RTE DU PINIER";"86340";"NOUAILLE-MAUPERTUIS";"Château d'eau - réservoir"; 47.0;"Syndicat des eaux, Adduction"
661642;0.58444;46.44250;"00° 35' 04.00'' Est, 46° 26' 33.00'' Nord";"86131";"BEL AIR";"RN.147";"86410";"LHOMMAIZE";"Pylône autostable"; 49.3;"TDF"
668873;0.38333;46.58444;"00° 23' 00.00'' Est, 46° 35' 04.00'' Nord";"86194";"LA CROIX GALIPEAU";"ROUTE DE BIGNOUX";"86000";"POITIERS";"Pylône autostable"; 53.0;"ORANGE Services Fixes"
671255;0.24611;46.27917;"00° 14' 46.00'' Est, 46° 16' 45.00'' Nord";"86082";"LES CHAUMES";"CHEM RURAL DES CHAMPS DU THEIL";"86700";"COUHE";"Pylône autostable"; 33.0;"ATC FRANCE"
671277;0.23861;46.22583;"00° 14' 19.00'' Est, 46° 13' 33.00'' Nord";"86029";"LA FOSSE AU BORGNE";"PRÈS D.28";"86400";"BLANZAY";"Pylône autostable"; 34.0;"CELLNEX"
671875;0.21556;46.18472;"00° 12' 56.00'' Est, 46° 11' 05.00'' Nord";"86029";"BOIS GUILLEMOT";;"86400";"BLANZAY";"Pylône autostable"; 32.0;"TDF"
673013;0.38500;46.55917;"00° 23' 06.00'' Est, 46° 33' 33.00'' Nord";"86194";;"AV JACQUES COEUR CHU POITIERS";"86000";"POITIERS";"Bâtiment"; 64.0;"Etablissement de soins"
675530;0.68444;46.96417;"00° 41' 04.00'' Est, 46° 57' 51.00'' Nord";"86042";"COLLINE LA BELLE VENTRIE";;"37160";"BUXEUIL";"Pylône autostable"; 33.0;"Towercast"
675929;0.88111;46.56194;"00° 52' 52.00'' Est, 46° 33' 43.00'' Nord";"86223";;"D32 ROUTE DE BETHINE";"86310";"SAINT-GERMAIN";"Pylône autostable"; 29.0;"Towercast"
681235;0.19056;46.32222;"00° 11' 26.00'' Est, 46° 19' 20.00'' Nord";"86082";"LE BOIS DE TORSAC";"RTE DE PAYRE";"86700";"COUHE";"Pylône autostable"; 49.0;"TDF"
683971;0.34556;46.51750;"00° 20' 44.00'' Est, 46° 31' 03.00'' Nord";"86263";;"LES TROIS BOQUETEAUX CHEM DES PIERRES BRUNES";"86240";"SMARVES";"Pylône autostable"; 17.0;"TDF"
687893;0.50750;46.56111;"00° 30' 27.00'' Est, 46° 33' 40.00'' Nord";"86226";"LA VALLÉE D'AUGUIN";"4 R DE LA VALLÉE D'AUGUIN  COOPÉRATIVE AGRICOLE";"86800";"SAINT-JULIEN-L'ARS";"Bâtiment"; 33.0;"Coopérative Agricole, Vinicole"
692835;0.73722;46.50222;"00° 44' 14.00'' Est, 46° 30' 08.00'' Nord";"86126";"FONTPREVOIR";"LE GACHE";"86300";"LEIGNES-SUR-FONTAINE";"Mât béton"; 12.0;"ORANGE Services Fixes"
695326;0.73722;46.81694;"00° 44' 14.00'' Est, 46° 49' 01.00'' Nord";"86086";"LA CÔTE DE CHAUVIGNY";"RTE D'OYRE";"86270";"COUSSAY-LES-BOIS";"Pylône autostable"; 39.6;"TDF"
695649;0.38472;46.14750;"00° 23' 05.00'' Est, 46° 08' 51.00'' Nord";"86061";"LES COTEAUX";;"86250";"CHARROUX";"Château d'eau - réservoir"; 58.0;"Syndicat des eaux, Adduction"
699991;0.66972;46.12722;"00° 40' 11.00'' Est, 46° 07' 38.00'' Nord";"86015";"LA BILLOTTE";;"86460";"AVAILLES-LIMOUZINE";"Pylône autostable"; 45.0;"Conseil Départemental"
704480;0.34417;46.62139;"00° 20' 39.00'' Est, 46° 37' 17.00'' Nord";"86194";"PÉAGE POITIERS-NORD";"A10/PEAGE N° 19 A A10 (SENS PARIS - PROVINCE) - PK 301.4";"86000";"POITIERS";"Pylône autostable"; 40.0;"Sociétés d'Autoroutes"
704484;0.34972;46.57056;"00° 20' 59.00'' Est, 46° 34' 14.00'' Nord";"86194";"LES TROIS CITÉS";"R JEAN-RICHARD BLOCH";"86000";"POITIERS";"Château d'eau - réservoir"; 48.0;"Commune, communauté de commune"
704488;0.37833;46.57417;"00° 22' 42.00'' Est, 46° 34' 27.00'' Nord";"86194";;"3 PL JEAN LE BON";"86000";"POITIERS";"Immeuble"; 24.0;"Copropriété, Syndic, SCI"
704491;0.34139;46.56528;"00° 20' 29.00'' Est, 46° 33' 55.00'' Nord";"86194";;"2 R DES GRAVIÈRES";"86000";"POITIERS";"Immeuble"; 44.0;"Copropriété, Syndic, SCI"
704495;0.35361;46.59111;"00° 21' 13.00'' Est, 46° 35' 28.00'' Nord";"86194";;"30-34 R DES COURONNERIES";"86000";"POITIERS";"Immeuble"; 32.0;"Société HLM"
704497;0.34611;46.57944;"00° 20' 46.00'' Est, 46° 34' 46.00'' Nord";"86194";;"16 R ST PIERRE LE PUELLIER LE LOCAL";"86000";"POITIERS";"Immeuble"; 23.0;"Commune, communauté de commune"
704502;0.31083;46.56778;"00° 18' 39.00'' Est, 46° 34' 04.00'' Nord";"86194";;"R EDITH PIAF TOUR STONGE";"86000";"POITIERS";"Immeuble"; 35.0;"Société HLM"
704506;0.38944;46.57639;"00° 23' 22.00'' Est, 46° 34' 35.00'' Nord";"86194";"LE CHIRON PRÉVOST";"R DE GENIEC";"86000";"POITIERS";"Château d'eau - réservoir"; 66.0;"Commune, communauté de commune"
704508;0.33667;46.58250;"00° 20' 12.00'' Est, 46° 34' 57.00'' Nord";"86194";;"5, R JACQUES DE GRAILLY";"86000";"POITIERS";"Immeuble"; 39.0;"La Poste"
704510;0.34639;46.58528;"00° 20' 47.00'' Est, 46° 35' 07.00'' Nord";"86194";;"34 R DU JARDIN DES PLANTES UFR DE MÉDECINE ET DE PHARMACIE FACULTÉ DE MÉDECINE ET PHARMACIE";"86000";"POITIERS";"Immeuble"; 34.9;"Etat, Ministère"
704514;0.38639;46.56500;"00° 23' 11.00'' Est, 46° 33' 54.00'' Nord";"86194";;"R RAOUL FOLLEREAU";"86000";"POITIERS";"Pylône autostable"; 35.0;"ORANGE"
704520;0.31222;46.56750;"00° 18' 44.00'' Est, 46° 34' 03.00'' Nord";"86194";;"6 R WILLIAM CODY TOUR AUNIS";"86000";"POITIERS";"Immeuble"; 35.0;"Société HLM"
713158;0.25417;46.68889;"00° 15' 15.00'' Est, 46° 41' 20.00'' Nord";"86177";"LE BÉTIN";;"86170";"NEUVILLE-DE-POITOU";"Pylône autostable"; 45.0;"HIVORY"
720416;0.56639;46.84389;"00° 33' 59.00'' Est, 46° 50' 38.00'' Nord";"86066";;"LA CHAMPIGNONNIÈRE DE DURAUDERIE";"86100";"CHATELLERAULT";"Pylône autostable"; 43.0;"Sociétés d'Autoroutes"
722592;0.19611;46.56861;"00° 11' 46.00'' Est, 46° 34' 07.00'' Nord";"86024";"LE CHÊNE À LA DEMOISELLE";"PRÈS D.40 STADE MUNICIPAL";"86190";"BERUGES";"Pylône tubulaire"; 25.0;"ORANGE"
724592;0.69000;46.32139;"00° 41' 24.00'' Est, 46° 19' 17.00'' Nord";"86190";"LE GRAND CHEM";;"86320";"PERSAC";"Pylône autostable"; 40.1;"TDF"
728593;0.36917;46.46917;"00° 22' 09.00'' Est, 46° 28' 09.00'' Nord";"86209";"LA VALLÉE MOREAU";"RD 741";"86340";"ROCHES-PREMARIE-ANDILLE";"Château d'eau - réservoir"; 49.0;"Syndicat des eaux, Adduction"
729827;0.34167;46.61917;"00° 20' 30.00'' Est, 46° 37' 09.00'' Nord";"86194";"LA GARDE";"ROUTE DE CHARDONCHAMP";"86000";"POITIERS";"Pylône autostable"; 40.0;"DDE"
730990;0.18000;46.28333;"00° 10' 48.00'' Est, 46° 16' 60.00'' Nord";"86082";;"6 RTE DE BRUX LES TRANCHIS";"86700";"COUHE";"Pylône autostable"; 20.0;"DDE"
732831;0.35611;46.59917;"00° 21' 22.00'' Est, 46° 35' 57.00'' Nord";"86041";;"VOIE ROMAINE CHÂTEAU D'EAU";"86180";"BUXEROLLES";"Château d'eau - réservoir"; 42.0;"Commune, communauté de commune"
732833;0.37111;46.61139;"00° 22' 16.00'' Est, 46° 36' 41.00'' Nord";"86041";;"RTE DE LA VALLÉE - GR.364 CHÂTEAU D'EAU";"86180";"BUXEROLLES";"Château d'eau - réservoir"; 31.0;"Commune, communauté de commune"
732841;0.36472;46.64889;"00° 21' 53.00'' Est, 46° 38' 56.00'' Nord";"86062";;"14 R DU COMMERCE HÔTEL MERCURE";"86360";"CHASSENEUIL-DU-POITOU";"Immeuble"; 15.0;"Copropriété, Syndic, SCI"
737971;0.85972;46.55750;"00° 51' 35.00'' Est, 46° 33' 27.00'' Nord";"86006";;"LA CROIX CHANTE CHÂTEAU D'EAU";"86310";"ANTIGNY";"Château d'eau - réservoir"; 50.0;"Syndicat des eaux, Adduction"
738022;0.07000;46.66222;"00° 04' 12.00'' Est, 46° 39' 44.00'' Nord";"86017";;"GATE BOURSE RD 27";"86190";"AYRON";"Château d'eau - réservoir"; 46.0;"Syndicat des eaux, Adduction"
738028;1.02917;46.46611;"01° 01' 45.00'' Est, 46° 27' 58.00'' Nord";"86273";"LA GRANDE GORCE";"ROUTE DE JOURNET STADE MUNICIPAL";"86290";"LA TRIMOUILLE";"Pylône autostable"; 26.0;"ORANGE"
739291;0.88444;46.42389;"00° 53' 04.00'' Est, 46° 25' 26.00'' Nord";"86165";"NÉCHAUD";;"86500";"MONTMORILLON";"Pylône autostable"; 77.0;"ORANGE Services Fixes"
741431;0.62361;46.93444;"00° 37' 25.00'' Est, 46° 56' 04.00'' Nord";"86092";"LA DAVIÈRE";"CHÂTEAU D'EAU";"86220";"DANGE-SAINT-ROMAIN";"Château d'eau - réservoir"; 45.0;"Syndicat des eaux, Adduction"
741838;0.38333;46.56472;"00° 23' 00.00'' Est, 46° 33' 53.00'' Nord";"86194";;"40 AV DU RECTEUR PINEAU CAMPUS SCIENCES";"86022";"POITIERS";"Bâtiment"; 14.0;"Etat, Ministère"
742073;0.85694;46.27139;"00° 51' 25.00'' Est, 46° 16' 17.00'' Nord";"86120";"L'ETRIER DE L'EPÉE";"LA RONERIE";"86390";"LATHUS-SAINT-REMY";"Pylône autostable"; 40.0;"ORANGE Services Fixes"
744944;0.86361;46.68222;"00° 51' 49.00'' Est, 46° 40' 56.00'' Nord";"86236";"LES QUATRE ROUTES DES VAUX";"D.2";"86260";"SAINT-PIERRE-DE-MAILLE";"Pylône autostable"; 46.8;"ORANGE Services Fixes"
751408;0.54417;46.80139;"00° 32' 39.00'' Est, 46° 48' 05.00'' Nord";"86066";;"2 R EDOUARD BRANLY LYCÉE E. BRANLY";"86100";"CHATELLERAULT";"Bâtiment"; 21.0;"Etat, Ministère"
752309;0.59278;46.59972;"00° 35' 34.00'' Est, 46° 35' 59.00'' Nord";"86031";"PIED MARTIN";"STADE MUNICIPAL";"86300";"BONNES";"Pylône tubulaire"; 36.5;"TDF"
759803;0.51861;46.89194;"00° 31' 07.00'' Est, 46° 53' 31.00'' Nord";"86007";"LES BORDES";"P.R. 266.133";"86100";"ANTRAN";"Mât béton"; 18.0;"Sociétés d'Autoroutes"
760600;0.49139;46.77500;"00° 29' 29.00'' Est, 46° 46' 30.00'' Nord";"86174";"CORSET";"P.R. 279.885";"86530";"NAINTRE";"Mât béton"; 18.0;"Sociétés d'Autoroutes"
760602;0.42667;46.74417;"00° 25' 36.00'' Est, 46° 44' 39.00'' Nord";"86019";"LE CALCULA";"P.R. 286.10";"86490";"BEAUMONT";"Mât béton"; 18.0;"Sociétés d'Autoroutes"
760604;0.35500;46.64639;"00° 21' 18.00'' Est, 46° 38' 47.00'' Nord";"86062";"FRABOEUF";"P.R. 298.800";"86360";"CHASSENEUIL-DU-POITOU";"Mât béton"; 18.0;"Sociétés d'Autoroutes"
760931;0.01389;46.86722;"00° 00' 50.00'' Est, 46° 52' 02.00'' Nord";"86161";"BOIS DE LA MOULIERE";"D41";"86330";"MONCONTOUR";"Pylône autostable"; 40.0;"SFR"
762272;0.57306;46.69056;"00° 34' 23.00'' Est, 46° 41' 26.00'' Nord";"86032";"PUY CHEVRIER";;"86210";"BONNEUIL-MATOURS";"Pylône autostable"; 34.0;"Towercast"
763415;0.36278;46.68639;"00° 21' 46.00'' Est, 46° 41' 11.00'' Nord";"86115";"LA DIETTE";"P.R. 294.300";"86130";"JAUNAY-CLAN";"Mât béton"; 18.0;"Sociétés d'Autoroutes"
763449;0.31611;46.56639;"00° 18' 58.00'' Est, 46° 33' 59.00'' Nord";"86194";;"13, R JEAN VALADE RÉSERVOIR DE BELLEJOUANNE";"86000";"POITIERS";"Château d'eau - réservoir"; 44.0;"Syndicat des eaux, Adduction"
768372;0.66778;46.46889;"00° 40' 04.00'' Est, 46° 28' 08.00'' Nord";"86233";;"LE BEAU PEU";"86300";"VALDIVIENNE";"Pylône autostable"; 40.0;"TDF"
769388;0.82889;46.31750;"00° 49' 44.00'' Est, 46° 19' 03.00'' Nord";"86192";"LES PATUREAUX";;"86500";"PLAISANCE";"Pylône autostable"; 43.5;"TDF"
770695;0.47444;46.88889;"00° 28' 28.00'' Est, 46° 53' 20.00'' Nord";"86275";"LES BOURDIGAUX";"RELAIS LES BOURDIGAUX";"86230";"USSEAU";"Pylône autostable"; 40.0;"EDF ou GDF"
770700;0.88444;46.70306;"00° 53' 04.00'' Est, 46° 42' 11.00'' Nord";"86004";"LES GRANDS BREUX";"CHÂTEAU D'AU LES GRANDS BREUX";"86260";"ANGLES-SUR-L'ANGLIN";"Château d'eau - réservoir"; 62.5;"Syndicat des eaux, Adduction"
770884;0.36056;46.59306;"00° 21' 38.00'' Est, 46° 35' 35.00'' Nord";"86194";"LES COURONNERIES";"R DES 2 COMMUNES CHÂTEAU D'EAU";"86000";"POITIERS";"Château d'eau - réservoir"; 73.0;"Syndicat des eaux, Adduction"
772844;0.51778;46.84139;"00° 31' 04.00'' Est, 46° 50' 29.00'' Nord";"86066";"LES TRONCES";;"86100";"CHATELLERAULT";"Pylône autostable"; 31.7;"ORANGE"
775641;0.71528;46.32250;"00° 42' 55.00'' Est, 46° 19' 21.00'' Nord";"86190";"LE CHILLOU";"VC 5 L'ARBRE SEUL";"86320";"PERSAC";"Pylône autostable"; 64.0;"TDF"
777960;0.37306;46.09694;"00° 22' 23.00'' Est, 46° 05' 49.00'' Nord";"86266";"LE NUTIN";;"86250";"SURIN";"Pylône autostable"; 39.0;"ORANGE"
777962;0.30194;46.08556;"00° 18' 07.00'' Est, 46° 05' 08.00'' Nord";"86136";"LA FOUCHARDIÈRE";;"86400";"LIZANT";"Château d'eau - réservoir"; 54.0;"Syndicat des eaux, Adduction"
780290;0.54361;46.81611;"00° 32' 37.00'' Est, 46° 48' 58.00'' Nord";"86066";;"78 BD  DE BLOSSAC";"86100";"CHATELLERAULT";"Bâtiment"; 25.0;"Commune, communauté de commune"
784236;0.55944;46.44528;"00° 33' 34.00'' Est, 46° 26' 43.00'' Nord";"86094";;"CHEM DU MANGON RES HOTELIERE";"86410";"DIENNE";"Bâtiment"; 11.0;"Société Privée SA"
784554;0.64861;46.57056;"00° 38' 55.00'' Est, 46° 34' 14.00'' Nord";"86070";;"PL ST PIERRE";"86300";"CHAUVIGNY";"Monument religieux"; 34.9;"Commune, communauté de commune"
785478;0.82694;46.62861;"00° 49' 37.00'' Est, 46° 37' 43.00'' Nord";"86040";"LA GALERIE";;"86310";"LA BUSSIERE";"Château d'eau - réservoir"; 39.0;"Syndicat des eaux, Adduction"
789126;0.68806;46.23167;"00° 41' 17.00'' Est, 46° 13' 54.00'' Nord";"86112";;"PL DU CHAMP DE FOIRE";"86150";"L'ISLE-JOURDAIN";"Pylône autostable"; 28.0;"ORANGE Services Fixes"
791857;0.63778;46.19944;"00° 38' 16.00'' Est, 46° 11' 58.00'' Nord";"86289";"LA CITÉ DE LA RYE";"CHEM. DU CHÂTEAU D'EAU";"86150";"LE VIGEANT";"Pylône autostable"; 51.0;"Conseil Départemental"
793405;0.07583;46.74861;"00° 04' 33.00'' Est, 46° 44' 55.00'' Nord";"86150";"LA CROIX DES AMIRAUX";"RTE DÉPARTEMENTALE 72 CHÂTEAU D' EAU";"86170";"MASSOGNES";"Château d'eau - réservoir"; 42.0;"Syndicat des eaux, Adduction"
806829;0.28611;46.21389;"00° 17' 10.00'' Est, 46° 12' 50.00'' Nord";"86029";"LA FÉOLLE";"CHÂTEAU D'EAU LA FÉOLLE";"86400";"BLANZAY";"Château d'eau - réservoir"; 69.5;"Syndicat des eaux, Adduction"
810889;0.25722;46.36889;"00° 15' 26.00'' Est, 46° 22' 08.00'' Nord";"86296";"LES RETS";"LE CHAMP DE LA ROCHE";"86700";"VOULON";"Pylône autostable"; 40.0;"HIVORY"
819597;0.34778;46.89278;"00° 20' 52.00'' Est, 46° 53' 34.00'' Nord";"86260";"LA ROCHE PIED NU";"VC N°3 DE CHAMP CHAUVIN À ORCHES";"86230";"SERIGNY";"Pylône autostable"; 52.6;"Conseil Départemental"
819619;0.63222;46.56639;"00° 37' 56.00'' Est, 46° 33' 59.00'' Nord";"86070";"LES GIRAUDIÉRES";"R DES BOIS GALANTS";"86300";"CHAUVIGNY";"Immeuble"; 15.0;"Société HLM"
819633;0.41444;46.25306;"00° 24' 52.00'' Est, 46° 15' 11.00'' Nord";"86064";"LES CHAMPS DE LA TERRIÈRE";"D N° 36";"86350";"CHATEAU-GARNIER";"Pylône autostable"; 43.0;"HIVORY"
819642;0.06694;46.55333;"00° 04' 01.00'' Est, 46° 33' 12.00'' Nord";"86123";"LA PETITE JUZIE";"D 3";"86470";"LAVAUSSEAU";"Pylône autostable"; 35.0;"HIVORY"
819648;0.25139;46.40250;"00° 15' 05.00'' Est, 46° 24' 09.00'' Nord";"86293";"CLOS DES GRANDS CHAMPS";"CHEM RURAL";"86370";"VIVONNE";"Pylône autostable"; 26.0;"HIVORY"
819669;0.31528;46.80944;"00° 18' 55.00'' Est, 46° 48' 34.00'' Nord";"86128";"LA LANDE";"R CHARLES DE GAULLE";"86140";"LENCLOITRE";"Château d'eau - réservoir"; 53.0;"Syndicat des eaux, Adduction"
819671;0.48361;46.76222;"00° 29' 01.00'' Est, 46° 45' 44.00'' Nord";"86174";"LA SABLIÈRE";"STADE MUNICIPAL";"86530";"NAINTRE";"Pylône tubulaire"; 30.0;"ORANGE"
819675;0.07278;46.48444;"00° 04' 22.00'' Est, 46° 29' 04.00'' Nord";"86116";"LE COUDREAU";;"86600";"JAZENEUIL";"Pylône autostable"; 54.0;"ATC FRANCE"
819680;0.55417;46.84611;"00° 33' 15.00'' Est, 46° 50' 46.00'' Nord";"86066";"LE MARAIS";;"86100";"CHATELLERAULT";"Pylône autostable"; 34.0;"ORANGE"
819682;0.54667;46.82222;"00° 32' 48.00'' Est, 46° 49' 20.00'' Nord";"86066";;"7 AV DU GL DE GAULLE";"86100";"CHATELLERAULT";"Immeuble"; 41.0;"Société HLM"
819711;0.54444;46.81167;"00° 32' 40.00'' Est, 46° 48' 42.00'' Nord";"86066";;"61 BD  ARISTIDE BRIAND CENTRAL FT";"86100";"CHATELLERAULT";"Pylône autostable"; 40.0;"ORANGE Services Fixes"
819715;0.54861;46.79667;"00° 32' 55.00'' Est, 46° 47' 48.00'' Nord";"86066";;"31 R DU PARADIS";"86100";"CHATELLERAULT";"Pylône autostable"; 25.0;"ORANGE"
819717;0.51583;46.82000;"00° 30' 57.00'' Est, 46° 49' 12.00'' Nord";"86066";"PIETARD";"AV DU MARÉCHAL DE LATTRE DE TASSIGNY A 10 CHÂTEAU D'EAU DE PIETARD";"86100";"CHATELLERAULT";"Château d'eau - réservoir"; 23.0;"Commune, communauté de commune"
825675;0.86639;46.42611;"00° 51' 59.00'' Est, 46° 25' 34.00'' Nord";"86165";"LE BOURG HOP";"R DU PUITS CORNET";"86500";"MONTMORILLON";"Monument religieux"; 32.0;"Commune, communauté de commune"
835676;0.93500;46.32444;"00° 56' 06.00'' Est, 46° 19' 28.00'' Nord";"86120";"LA GRANDE PIECE";;"86390";"LATHUS-SAINT-REMY";"Pylône autostable"; 43.0;"Conseil Départemental"
835678;1.09972;46.39833;"01° 05' 59.00'' Est, 46° 23' 54.00'' Nord";"86037";"LE CHAUSSIDOUX";;"86290";"BRIGUEIL-LE-CHANTRE";"Pylône autostable"; 41.0;"BOUYGUES"
835680;0.77500;46.24722;"00° 46' 30.00'' Est, 46° 14' 50.00'' Nord";"86001";"LES GRANDS BUISSONS";;"86430";"ADRIERS";"Pylône autostable"; 42.0;"Conseil Départemental"
851349;0.89222;46.43139;"00° 53' 32.00'' Est, 46° 25' 53.00'' Nord";"86165";;"4 R DE LA BARRE";"86500";"MONTMORILLON";"Mât"; 10.0;"Particulier"
851359;0.08833;46.98333;"00° 05' 18.00'' Est, 46° 59' 00.00'' Nord";"86049";;"MAZAULT";"86200";"CHALAIS";"Pylône autostable"; 31.0;"Syndicat des eaux, Adduction"
851385;0.73639;46.29667;"00° 44' 11.00'' Est, 46° 17' 48.00'' Nord";"86176";;"LA BROUHETE";"86150";"NERIGNAC";"Pylône autostable"; 28.0;"Syndicat des eaux, Adduction"
852591;0.31222;46.32583;"00° 18' 44.00'' Est, 46° 19' 33.00'' Nord";"86052";;"PLN DE FOUGÈRE ROUTE DU RADAR PYLONE SORÉGIES";"86160";"CHAMPAGNE-SAINT-HILAIRE";"Pylône autostable"; 25.0;"Société Privée SA"
852615;0.54917;46.17306;"00° 32' 57.00'' Est, 46° 10' 23.00'' Nord";"86152";;"LA PHILIPIERE";"86460";"MAUPREVOIR";"Pylône autostable"; 24.0;"Société Privée SA"
854181;0.26389;46.43111;"00° 15' 50.00'' Est, 46° 25' 52.00'' Nord";"86293";;"19 R DES PORTES ROUGES";"86370";"VIVONNE";"Bâtiment"; 10.0;"Syndicat des eaux, Adduction"
864762;1.16917;46.41611;"01° 10' 09.00'' Est, 46° 24' 58.00'' Nord";"86084";"LA CROIX DE LABRON";;"86290";"COULONGES";"Pylône autostable"; 40.0;"Conseil Départemental"
867121;0.70028;46.21417;"00° 42' 01.00'' Est, 46° 12' 51.00'' Nord";"86159";"LES CHAUMES DE LA CROIX DE BEL";;"86150";"MILLAC";"Château d'eau - réservoir"; 65.0;"Syndicat des eaux, Adduction"
870324;0.75389;46.18306;"00° 45' 14.00'' Est, 46° 10' 59.00'' Nord";"86138";"CHEZ TOURAUD";;"86430";"LUCHAPT";"Pylône autostable"; 40.0;"Conseil Départemental"
871124;0.81778;46.48389;"00° 49' 04.00'' Est, 46° 29' 02.00'' Nord";"86191";"LE ROCHER MAILLET";"CHEM RURAL N°40";"86500";"PINDRAY";"Pylône autostable"; 35.0;"Conseil Départemental"
877234;0.53528;46.81111;"00° 32' 07.00'' Est, 46° 48' 40.00'' Nord";"86066";"CHATEAUNEUF";"R DE GRAVELINES USINE CHATELLERAULT";"86100";"CHATELLERAULT";"Bâtiment"; 18.0;"EDF ou GDF"
877272;0.67333;46.16972;"00° 40' 24.00'' Est, 46° 10' 11.00'' Nord";"86159";"JOUSSEAU";"USINE DE JOUSSEAU";"86150";"MILLAC";"Bâtiment"; 10.0;"EDF ou GDF"
877295;0.68000;46.22583;"00° 40' 48.00'' Est, 46° 13' 33.00'' Nord";"86159";"LA ROCHE";"USINE MILLAC";"86150";"MILLAC";"Bâtiment"; 6.0;"EDF ou GDF"
877360;0.68389;46.24306;"00° 41' 02.00'' Est, 46° 14' 35.00'' Nord";"86112";"CHARDES";"USINE DE CHARDES";"86150";"L'ISLE-JOURDAIN";"Bâtiment"; 6.0;"EDF ou GDF"
885446;0.92278;46.49778;"00° 55' 22.00'' Est, 46° 29' 52.00'' Nord";"86110";"LE PUIT DES LANDES";"LA PEUPLIÈRE ROUTE DEPARTEMENTALE - D33";"86310";"HAIMS";"Pylône autostable"; 35.0;"Conseil Départemental"
897325;0.96833;46.32250;"00° 58' 06.00'' Est, 46° 19' 21.00'' Nord";"86120";"LA MARTAIZIERE";"CHATEAU D'EAU CHATEAU D EAU";"86390";"LATHUS-SAINT-REMY";"Château d'eau - réservoir"; 35.0;"Syndicat des eaux, Adduction"
897518;0.36583;46.59250;"00° 21' 57.00'' Est, 46° 35' 33.00'' Nord";"86194";;"19 R ALPHONSE DAUDET";"86000";"POITIERS";"Immeuble"; 55.0;"Copropriété, Syndic, SCI"
899828;0.37917;46.58139;"00° 22' 45.00'' Est, 46° 34' 53.00'' Nord";"86194";;"9, AV DE NORTHAMPTON";"86009";"POITIERS";"Immeuble"; 12.0;"Société Privée SA"
902433;0.28944;46.54889;"00° 17' 22.00'' Est, 46° 32' 56.00'' Nord";"86100";;"PEAGE POITIERS SUD A10 30 PR311 LA GARAINNE";"86240";"FONTAINE-LE-COMTE";"Bâtiment"; 6.0;"Sociétés d'Autoroutes"
902435;0.50444;46.77861;"00° 30' 16.00'' Est, 46° 46' 43.00'' Nord";"86174";;"PEAGE SUDA10 27 PR278 LA GLANDEE";"86530";"NAINTRE";"Bâtiment"; 6.0;"Sociétés d'Autoroutes"
903825;0.06528;46.47889;"00° 03' 55.00'' Est, 46° 28' 44.00'' Nord";"86116";;"PK 330 A10 LA BARRE ZER DE NIORT";"86600";"JAZENEUIL";"Pylône autostable"; 82.0;"Société Privée SA"
919217;0.00694;47.13250;"00° 00' 25.00'' Est, 47° 07' 57.00'' Nord";"86250";"POILEVANTS";;"86120";"SAIX";"Pylône autostable"; 38.0;"SFR"
920251;0.26361;46.61056;"00° 15' 49.00'' Est, 46° 36' 38.00'' Nord";"86297";"BEAUVOIR";"CHEMIN DU CHÂTEAU D'EAU";"86580";"VOUNEUIL-SOUS-BIARD";"Château d'eau - réservoir"; 48.0;"Syndicat des eaux, Adduction"
924333;0.64972;46.45778;"00° 38' 59.00'' Est, 46° 27' 28.00'' Nord";"86077";;"CENTRALE DE CIVAUX";"86320";"CIVAUX";"Pylône autostable"; 17.0;"EDF ou GDF"
933506;0.33750;46.58222;"00° 20' 15.00'' Est, 46° 34' 56.00'' Nord";"86194";;"16, R ARTHUR RANC";"86000";"POITIERS";"Bâtiment"; 37.0;"Etat, Ministère"
947544;0.33889;46.56444;"00° 20' 20.00'' Est, 46° 33' 52.00'' Nord";"86194";;"R NORMANDIE  NIEMEN";"86000";"POITIERS";"Immeuble"; 53.0;"Société HLM"
954833;0.47028;46.46778;"00° 28' 13.00'' Est, 46° 28' 04.00'' Nord";"86178";"LE MINERET";"CHEM DE MINERET";"86340";"NIEUIL-L'ESPOIR";"Pylône autostable"; 30.0;"ORANGE"
971904;0.92583;46.37583;"00° 55' 33.00'' Est, 46° 22' 33.00'' Nord";"86254";"LE GRAND ETANG";"LE GRAND ETANG";"86500";"SAULGE";"Pylône autostable"; 29.2;"BOUYGUES"
1003793;0.33639;46.58333;"00° 20' 11.00'' Est, 46° 35' 00.00'' Nord";"86194";;"27 RUE SOLFÉRINO 86000 POITIER S";"86000";"POITIERS";"Bâtiment"; 15.0;"Société Privée SA"
1005169;0.95750;46.55889;"00° 57' 27.00'' Est, 46° 33' 32.00'' Nord";"86025";"PIECE DU BLANCHET";;"86310";"BETHINES";"Pylône autostable"; 35.0;"Conseil Départemental"
1006649;1.08722;46.50250;"01° 05' 14.00'' Est, 46° 30' 09.00'' Nord";"86132";"L'EPINAT";;"86290";"LIGLET";"Pylône autostable"; 38.0;"Conseil Départemental"
1017779;0.32278;46.50167;"00° 19' 22.00'' Est, 46° 30' 06.00'' Nord";"86113";;"ROUTE DE PAPAULT";"86240";"ITEUIL";"Bâtiment"; 8.0;"EDF ou GDF"
1017782;0.36556;46.69389;"00° 21' 56.00'' Est, 46° 41' 38.00'' Nord";"86115";"LA BONDE";;"86130";"JAUNAY-CLAN";"Bâtiment"; 7.0;"EDF ou GDF"
1017794;0.57639;46.84417;"00° 34' 35.00'' Est, 46° 50' 39.00'' Nord";"86111";;"ROUTE DE OYRE";"86220";"INGRANDES";"Bâtiment"; 7.0;"EDF ou GDF"
1017829;0.62250;46.56556;"00° 37' 21.00'' Est, 46° 33' 56.00'' Nord";"86114";;"ROUTE DE POUILLE";"86800";"JARDRES";"Bâtiment"; 7.0;"EDF ou GDF"
1017854;0.35944;46.63139;"00° 21' 34.00'' Est, 46° 37' 53.00'' Nord";"86062";;"CHEMIN DE CHAUMONT";"86360";"CHASSENEUIL-DU-POITOU";"Bâtiment"; 10.0;"EDF ou GDF"
1018174;0.77833;46.74583;"00° 46' 42.00'' Est, 46° 44' 45.00'' Nord";"86193";;"ROUTE DE LA ROCHE-POSAY";"86450";"PLEUMARTIN";"Bâtiment"; 6.0;"EDF ou GDF"
1018176;0.87861;46.43333;"00° 52' 43.00'' Est, 46° 25' 60.00'' Nord";"86165";;"ROUTE D'HAIMS BOULEVARD DU TERRIER BLANC";"86500";"MONTMORILLON";"Bâtiment"; 8.0;"EDF ou GDF"
1018196;0.34389;46.60833;"00° 20' 38.00'' Est, 46° 36' 30.00'' Nord";"86194";;"RUE DU PORTEAU";"86000";"POITIERS";"Bâtiment"; 6.0;"EDF ou GDF"
1018209;0.36000;46.58778;"00° 21' 36.00'' Est, 46° 35' 16.00'' Nord";"86194";;"8 RUE MARCEL PAUL";"86000";"POITIERS";"Bâtiment"; 12.0;"EDF ou GDF"
1018214;0.36472;46.58639;"00° 21' 53.00'' Est, 46° 35' 11.00'' Nord";"86194";;"74 RUE DE BOURGOGNE";"86000";"POITIERS";"Bâtiment"; 10.0;"EDF ou GDF"
1018759;0.30250;46.54389;"00° 18' 09.00'' Est, 46° 32' 38.00'' Nord";"86088";;"ZI POINTE A MITEAU";"86240";"CROUTELLE";"Bâtiment"; 8.0;"EDF ou GDF"
1018787;0.36056;46.55778;"00° 21' 38.00'' Est, 46° 33' 28.00'' Nord";"86214";;"ROUTE DE FONTARNA";"86280";"SAINT-BENOIT";"Bâtiment"; 8.0;"EDF ou GDF"
1018798;0.26000;46.15000;"00° 15' 36.00'' Est, 46° 08' 60.00'' Nord";"86237";"LES VIGNES";;"86400";"SAINT-PIERRE-D'EXIDEUIL";"Bâtiment"; 6.0;"EDF ou GDF"
1018802;0.33806;46.81417;"00° 20' 17.00'' Est, 46° 48' 51.00'' Nord";"86221";;"ROUTE DE GIRONDE";"86140";"SAINT-GENEST-D'AMBIERE";"Bâtiment"; 6.0;"EDF ou GDF"
1020403;0.33889;46.58444;"00° 20' 20.00'' Est, 46° 35' 04.00'' Nord";"86194";;"84 RUE DES CARMELITES";"86000";"POITIERS";"Bâtiment"; 15.0;"Etat, Ministère"
1022088;0.00222;46.67944;"00° 00' 08.00'' Est, 46° 40' 46.00'' Nord";"86073";"BOIS BAUDRY";;"86170";"CHERVES";"Château d'eau - réservoir"; 37.0;"Syndicat des eaux, Adduction"
1040241;0.25194;46.38694;"00° 15' 07.00'' Est, 46° 23' 13.00'' Nord";"86293";"CHAVAGNE – LES VERNONS";;"86370";"VIVONNE";"Pylône autostable"; 25.0;"SNCF Réseau"
1049975;0.85083;46.41667;"00° 51' 03.00'' Est, 46° 24' 60.00'' Nord";"86165";;"AVENUE DE PROVENCE";"86500";"MONTMORILLON";"Château d'eau - réservoir"; 46.0;"Syndicat des eaux, Adduction"
1057928;0.22306;46.15556;"00° 13' 23.00'' Est, 46° 09' 20.00'' Nord";"86247";"BOIS DE LA POINTE";;"86400";"SAINT-SAVIOL";"Pylône autostable"; 30.0;"SNCF Réseau"
1058594;0.24361;46.29444;"00° 14' 37.00'' Est, 46° 17' 40.00'' Nord";"86082";"LES CHAMPS DU CARBON";;"86700";"COUHE";"Pylône autostable"; 30.0;"SNCF Réseau"
1084705;0.29417;46.45111;"00° 17' 39.00'' Est, 46° 27' 04.00'' Nord";"86293";;"QUEUE DE MAUGUE";"86370";"VIVONNE";"Pylône autostable"; 25.0;"SNCF Réseau"
1107547;0.32250;46.50194;"00° 19' 21.00'' Est, 46° 30' 07.00'' Nord";"86113";"PAPAULT";;"86240";"ITEUIL";"Pylône autostable"; 25.0;"SNCF Réseau"
1146599;0.34028;46.60889;"00° 20' 25.00'' Est, 46° 36' 32.00'' Nord";"86194";;"3, R EUGÈNE CHEVREUL";"86000";"POITIERS";"Immeuble"; 8.0;"Société Privée SA"
1146651;0.36694;46.56444;"00° 22' 01.00'' Est, 46° 33' 52.00'' Nord";"86194";;"1 RUE DE LA PROVIDENCE";"86000";"POITIERS";"Immeuble"; 25.0;"Etablissement de soins"
1185859;0.42139;46.56417;"00° 25' 17.00'' Est, 46° 33' 51.00'' Nord";"86157";;"2133 RTE DE CHAUVIGY";"86550";"MIGNALOUX-BEAUVOIR";"Bâtiment"; 10.5;"Etat, Ministère"
1208448;0.46361;46.51444;"00° 27' 49.00'' Est, 46° 30' 52.00'' Nord";"86178";"LE BAIL";"N 147";"86340";"NIEUIL-L'ESPOIR";"Pylône autostable"; 25.0;"ORANGE"
1273403;0.16861;46.68389;"00° 10' 07.00'' Est, 46° 41' 02.00'' Nord";"86292";;"LES TERRES NOIRES";"86190";"VILLIERS";"Silo"; 17.0;"Société Privée SA"
1301018;0.56667;46.87056;"00° 34' 00.00'' Est, 46° 52' 14.00'' Nord";"86111";;"CHAMPS DU CHEMIN DE LA HAY";"86220";"INGRANDES";"Pylône autostable"; 20.0;"SNCF Réseau"
1314621;0.53639;46.79556;"00° 32' 11.00'' Est, 46° 47' 44.00'' Nord";"86066";;"LA GORNIÈRE";"86100";"CHATELLERAULT";"Pylône autostable"; 30.0;"SNCF Réseau"
1314623;0.60250;46.92194;"00° 36' 09.00'' Est, 46° 55' 19.00'' Nord";"86092";"LA TAILLE DU MOULIN À VENT";;"86220";"DANGE-SAINT-ROMAIN";"Pylône autostable"; 35.0;"SNCF Réseau"
1314625;0.42639;46.71889;"00° 25' 35.00'' Est, 46° 43' 08.00'' Nord";"86095";"LONGÈVE";;"86130";"DISSAY";"Pylône autostable"; 25.0;"SNCF Réseau"
1314627;0.32778;46.56361;"00° 19' 40.00'' Est, 46° 33' 49.00'' Nord";"86194";;"CHEMIN DU SÉMAPHORE";"86000";"POITIERS";"Pylône autostable"; 12.0;"SNCF Réseau"
1319186;0.85389;46.56417;"00° 51' 14.00'' Est, 46° 33' 51.00'' Nord";"86246";"LA CROIX DE PIERRE";"ZONE D'ACTIVITE";"86310";"SAINT-SAVIN";"Pylône tubulaire"; 44.3;"TDF"
1331623;0.30194;46.52611;"00° 18' 07.00'' Est, 46° 31' 34.00'' Nord";"86133";;"LES CÔTEAUX DE LA BRASSAIS";"86240";"LIGUGE";"Pylône autostable"; 20.0;"SNCF Réseau"
1331625;0.37556;46.65528;"00° 22' 32.00'' Est, 46° 39' 19.00'' Nord";"86062";;"LE BOURG NORD";"86360";"CHASSENEUIL-DU-POITOU";"Pylône autostable"; 25.0;"SNCF Réseau"
1336547;0.49528;46.75861;"00° 29' 43.00'' Est, 46° 45' 31.00'' Nord";"86174";;"LES COINDRES SUD";"86530";"NAINTRE";"Pylône autostable"; 20.0;"SNCF Réseau"
1348728;0.59111;46.39667;"00° 35' 28.00'' Est, 46° 23' 48.00'' Nord";"86285";"FONTJOIN";"D8 CHÂTEAU D'EAU";"86410";"VERRIERES";"Château d'eau - réservoir"; 50.0;"Syndicat des eaux, Adduction"
1352589;0.53194;46.80583;"00° 31' 55.00'' Est, 46° 48' 21.00'' Nord";"86066";;"RUE DE GAVELINE POSTE ELECTRIQUE DE GRAVELINE";"86100";"CHATELLERAULT";"Bâtiment"; 8.0;"EDF ou GDF"
1352607;0.07583;47.00333;"00° 04' 33.00'' Est, 47° 00' 12.00'' Nord";"86137";"LE GRILLEMENT";"AVENUE DU DOCTEUR ANDRE COLAS";"86200";"LOUDUN";"Bâtiment"; 8.0;"EDF ou GDF"
1352611;0.68194;46.22361;"00° 40' 55.00'' Est, 46° 13' 25.00'' Nord";"86159";"LA ROCHE";"LA ROCHE";"86150";"MILLAC";"Mât"; 15.0;"EDF ou GDF"
1353277;0.60250;46.98722;"00° 36' 09.00'' Est, 46° 59' 14.00'' Nord";"86183";"SOUS STATION ELECTRIQUE DU COL";"LES BEAUVAIS";"86220";"LES ORMES";"Mât"; 9.0;"EDF ou GDF"
1372289;0.39222;46.59806;"00° 23' 32.00'' Est, 46° 35' 53.00'' Nord";"86194";"LE CHIRON FERRE";"D3 RUE DE BONNEIL MATOURS";"86000";"POITIERS";"Mât"; 20.0;"EDF ou GDF"
1373955;0.26333;46.53000;"00° 15' 48.00'' Est, 46° 31' 48.00'' Nord";"86100";"LA FORET";"ROUTE DE BÉRUGES";"86240";"FONTAINE-LE-COMTE";"Château d'eau - réservoir"; 30.0;"Syndicat des eaux, Adduction"
1381177;0.25417;46.54611;"00° 15' 15.00'' Est, 46° 32' 46.00'' Nord";"86297";"LA DEVINALIÈRE";"CHEM D'EXPLOITATION N° 2 LES TROIS THUETS";"86580";"VOUNEUIL-SOUS-BIARD";"Pylône autostable"; 36.0;"Société Privée SA"
1387283;0.29778;46.45472;"00° 17' 52.00'' Est, 46° 27' 17.00'' Nord";"86293";;"QUEUE DE MAUGUE";"86370";"VIVONNE";"Ouvrage d'art (pont, viaduc)"; 13.0;"SNCF Réseau"
1394358;0.32750;46.57417;"00° 19' 39.00'' Est, 46° 34' 27.00'' Nord";"86194";;"4 RUE DU VERSANT OUEST";"86000";"POITIERS";"Tunnel"; 13.0;"SNCF Réseau"
1394360;0.32750;46.57139;"00° 19' 39.00'' Est, 46° 34' 17.00'' Nord";"86194";;"CHEMIN DE LA CAGOUILLÈRE";"86000";"POITIERS";"Tunnel"; 13.0;"SNCF Réseau"
1395939;0.33389;46.54444;"00° 20' 02.00'' Est, 46° 32' 40.00'' Nord";"86214";"PASSELOURDAIN";;"86280";"SAINT-BENOIT";"Pylône autostable"; 30.0;"SNCF Réseau"
1399755;0.32667;46.48972;"00° 19' 36.00'' Est, 46° 29' 23.00'' Nord";"86113";"ROUTE D 4A";;"86240";"ITEUIL";"Pylône tubulaire"; 12.0;"ORANGE"
1402473;0.33833;46.54167;"00° 20' 18.00'' Est, 46° 32' 30.00'' Nord";"86214";"ROCHERS DE PASSELOURDAIN";;"86280";"SAINT-BENOIT";"Mât métallique"; 2.0;"SNCF Réseau"
1433932;-0.00778;46.66528;"00° 00' 28.00'' Ouest, 46° 39' 55.00'' Nord";"86050";;"CHEMIN COMMUNAL DE LA VAUPEROUZE";"86190";"CHALANDRAY";"Pylône autostable"; 59.4;"TDF"
1437267;0.64889;46.45611;"00° 38' 56.00'' Est, 46° 27' 22.00'' Nord";"86077";"CENTRALE NUCLÉAIRE DE CIVAUX";"RTE DE LA CENTRALE NUCLÉAIRE D 114B";"86320";"CIVAUX";"Pylône autostable"; 70.0;"EDF ou GDF"
1439336;0.62222;46.48500;"00° 37' 20.00'' Est, 46° 29' 06.00'' Nord";"86233";;"BOIS DE LA CHAGNERAIE";"86300";"VALDIVIENNE";"Pylône autostable"; 32.0;"TDF"
1444190;0.30333;46.54500;"00° 18' 12.00'' Est, 46° 32' 42.00'' Nord";"86088";;"LA GRANDE PIÈCE";"86240";"CROUTELLE";"Pylône autostable"; 46.6;"HIVORY"
1444739;0.62361;46.93389;"00° 37' 25.00'' Est, 46° 56' 02.00'' Nord";"86092";;"LA DAVIÈRE";"86220";"DANGE-SAINT-ROMAIN";"Pylône autostable"; 42.0;"Towercast"
1450954;0.18333;46.49444;"00° 11' 00.00'' Est, 46° 29' 40.00'' Nord";"86083";"LA PETITE CHAUME - LA GUESSERI";;"86600";"COULOMBIERS";"Pylône autostable"; 54.3;"TDF"
1456074;0.35556;46.62222;"00° 21' 20.00'' Est, 46° 37' 20.00'' Nord";"86158";"CHAMPS CHAUMONT";;"86440";"MIGNE-AUXANCES";"Pylône autostable"; 25.0;"SNCF Réseau"
1456600;0.33861;46.58833;"00° 20' 19.00'' Est, 46° 35' 18.00'' Nord";"86194";;"20 BD DU GRAND CERF";"86000";"POITIERS";"Pylône autostable"; 26.0;"SNCF"
1461402;0.52889;46.78417;"00° 31' 44.00'' Est, 46° 47' 03.00'' Nord";"86066";"LES CHAMPS DES BORDES";;"86100";"CHATELLERAULT";"Pylône autostable"; 34.0;"HIVORY"
1467222;0.13417;46.19833;"00° 08' 03.00'' Est, 46° 11' 54.00'' Nord";"86068";"LES GRANDES VERSANNES";;"86510";"CHAUNAY";"Pylône autostable"; 20.0;"SNCF Réseau"
1468392;0.23583;46.51750;"00° 14' 09.00'' Est, 46° 31' 03.00'' Nord";"86100";"LES BARBERIES";;"86240";"FONTAINE-LE-COMTE";"Pylône autostable"; 30.0;"SNCF Réseau"
1468394;0.21278;46.47250;"00° 12' 46.00'' Est, 46° 28' 21.00'' Nord";"86145";"LE CHAMP AUX DAMES";;"86370";"MARCAY";"Pylône autostable"; 20.0;"SNCF Réseau"
1468396;0.16194;46.35556;"00° 09' 43.00'' Est, 46° 21' 20.00'' Nord";"86082";"CHAMP DE DERRIERE";"LGV SEA TOURS-BORDEAUX";"86700";"COUHE";"Pylône autostable"; 20.0;"SNCF Réseau"
1471349;0.20611;46.41833;"00° 12' 22.00'' Est, 46° 25' 06.00'' Nord";"86147";"PLAINE DE LA VIGERIE";;"86370";"MARIGNY-CHEMEREAU";"Pylône autostable"; 30.0;"SNCF Réseau"
1471351;0.20194;46.49083;"00° 12' 07.00'' Est, 46° 29' 27.00'' Nord";"86083";"LES ESSARTS";;"86600";"COULOMBIERS";"Pylône autostable"; 30.0;"SNCF Réseau"
1473274;0.38194;46.72167;"00° 22' 55.00'' Est, 46° 43' 18.00'' Nord";"86115";"LE RENFERME";;"86380";"JAUNAY-CLAN";"Pylône autostable"; 30.0;"SNCF Réseau"
1473276;0.34944;46.63306;"00° 20' 58.00'' Est, 46° 37' 59.00'' Nord";"86158";"LES RENARDIERES";;"86440";"MIGNE-AUXANCES";"Pylône autostable"; 30.0;"SNCF Réseau"
1476705;0.33500;46.52528;"00° 20' 06.00'' Est, 46° 31' 31.00'' Nord";"86133";"LE CHAMPS DE LA LIGNE";;"86240";"LIGUGE";"Pylône autostable"; 25.0;"SNCF Réseau"
1505197;0.25500;46.54361;"00° 15' 18.00'' Est, 46° 32' 37.00'' Nord";"86100";"BUTTE AU SUD";"ACCÈS DE SERVICE -NORD";"86240";"FONTAINE-LE-COMTE";"Mât métallique"; 16.0;"Sociétés d'Autoroutes"
1519474;0.32222;46.60833;"00° 19' 20.00'' Est, 46° 36' 30.00'' Nord";"86194";"PIED DE LAC";"P.R. 305.600";"86000";"POITIERS";"Mât béton"; 18.0;"Sociétés d'Autoroutes"
1527508;0.36056;46.68556;"00° 21' 38.00'' Est, 46° 41' 08.00'' Nord";"86115";;"R DE MONTE À BOUCHA";"86130";"JAUNAY-CLAN";"Pylône autostable"; 30.0;"SNCF Réseau"
1539860;0.25167;46.54194;"00° 15' 06.00'' Est, 46° 32' 31.00'' Nord";"86100";"LA BRUÈRE";;"86240";"FONTAINE-LE-COMTE";"Ouvrage d'art (pont, viaduc)"; 7.9;"SNCF Réseau"
1543802;0.01417;47.09167;"00° 00' 51.00'' Est, 47° 05' 30.00'' Nord";"86274";;"ROUTE DES TROIS MOUTIERS CENTER PARCS";"86120";"LES TROIS-MOUTIERS";"Bâtiment"; 12.0;"Société Privée SA"
1543804;0.00167;47.09250;"00° 00' 06.00'' Est, 47° 05' 33.00'' Nord";"86169";;"ROUTE DES TROIS MOUTIERS  CENTER PARCS";"86120";"MORTON";"Bâtiment"; 4.0;"Société Privée SA"
1545315;0.57833;46.82167;"00° 34' 42.00'' Est, 46° 49' 18.00'' Nord";"86066";"LES HAUTES PERRIÈRES";"CHATEAU D'EAU";"86100";"CHATELLERAULT";"Château d'eau - réservoir"; 36.0;"Commune, communauté de commune"
1563392;0.32500;46.54750;"00° 19' 30.00'' Est, 46° 32' 51.00'' Nord";"86214";;"NAINTRÉ R DU CHÂTEAU D'EAU";"86280";"SAINT-BENOIT";"Château d'eau - réservoir"; 41.3;"Commune, communauté de commune"
1572019;0.36528;46.65833;"00° 21' 55.00'' Est, 46° 39' 30.00'' Nord";"86062";;"AVENUE DU FUTUROSCOPE HOTEL ALTEORA";"86360";"CHASSENEUIL-DU-POITOU";"Bâtiment"; 28.0;"Société Privée SA"
1572023;0.58694;46.11639;"00° 35' 13.00'' Est, 46° 06' 59.00'' Nord";"86200";"PIÈCE DE L'ETANG";"0 RD N° 34";"86460";"PRESSAC";"Pylône autostable"; 49.7;"HIVORY"
1572027;0.85583;46.37722;"00° 51' 21.00'' Est, 46° 22' 38.00'' Nord";"86254";"LA CLAUDE ALINE";"0";"86500";"SAULGE";"Pylône autostable"; 45.5;"HIVORY"
1583640;0.36250;46.64917;"00° 21' 45.00'' Est, 46° 38' 57.00'' Nord";"86062";;"ALLEE DU HAUT POITOU";"86360";"CHASSENEUIL-DU-POITOU";"Immeuble"; 24.5;"Copropriété, Syndic, SCI"
1584877;0.52389;46.24944;"00° 31' 26.00'' Est, 46° 14' 58.00'' Nord";"86276";"ARTRON";"D 741";"86350";"USSON-DU-POITOU";"Pylône autostable"; 36.0;"ATC FRANCE"
1585120;0.30639;46.59944;"00° 18' 23.00'' Est, 46° 35' 58.00'' Nord";"86027";;"ZAE DE LA TARDIVERIE ROUTE DE LARNAY";"86580";"BIARD";"Pylône autostable"; 30.0;"ORANGE"
1585122;0.27667;46.56556;"00° 16' 36.00'' Est, 46° 33' 56.00'' Nord";"86297";"LA GOURAUDIÈRE";;"86580";"VOUNEUIL-SOUS-BIARD";"Pylône autostable"; 30.0;"ORANGE"
1585289;0.53111;46.58806;"00° 31' 52.00'' Est, 46° 35' 17.00'' Nord";"86124";"BOIS DES CHAUMES";;"86800";"LAVOUX";"Pylône autostable"; 26.2;"HIVORY"
1585293;0.56250;46.50722;"00° 33' 45.00'' Est, 46° 30' 26.00'' Nord";"86268";"LE POTEAU";"V COMMUNALE N°34";"86800";"TERCE";"Pylône autostable"; 38.6;"HIVORY"
1587787;0.33750;46.40889;"00° 20' 15.00'' Est, 46° 24' 32.00'' Nord";"86148";"LE ROCHOLET";"D 742 / JARRIGE";"86160";"MARNAY";"Pylône autostable"; 37.5;"HIVORY"
1587791;0.19750;46.56889;"00° 11' 51.00'' Est, 46° 34' 08.00'' Nord";"86024";"LE CHÊNE À LA DEMOISELLE";"PRÈS D.40 STADE MUNICIPAL";"86190";"BERUGES";"Pylône tubulaire"; 27.0;"SFR"
1587800;0.36083;46.56472;"00° 21' 39.00'' Est, 46° 33' 53.00'' Nord";"86194";;"60 AV DU 11 NOVEMBRE";"86000";"POITIERS";"Immeuble"; 20.3;"Société Privée SA"
1588165;0.20750;46.45722;"00° 12' 27.00'' Est, 46° 27' 26.00'' Nord";"86145";"BOIS DE LA BADONNIÈRE";;"86370";"MARCAY";"Pylône autostable"; 30.0;"ORANGE"
1588636;0.71528;46.32056;"00° 42' 55.00'' Est, 46° 19' 14.00'' Nord";"86190";"LES PIÈCES DU CHILLOU";;"86320";"PERSAC";"Pylône autostable"; 35.0;"BOUYGUES"
1588648;0.70028;46.23167;"00° 42' 01.00'' Est, 46° 13' 54.00'' Nord";"86112";"LES TERRIÈRES";;"86150";"L'ISLE-JOURDAIN";"Pylône autostable"; 29.8;"Commune, communauté de commune"
1588931;0.33833;46.58722;"00° 20' 18.00'' Est, 46° 35' 14.00'' Nord";"86194";;"12-14 BD DU GRAND CERF 1 AV DE LA GARE";"86000";"POITIERS";"Immeuble"; 27.0;"Commune, communauté de commune"
1588937;0.22306;46.46806;"00° 13' 23.00'' Est, 46° 28' 05.00'' Nord";"86145";"LA CARBASSE";;"86370";"MARCAY";"Pylône autostable"; 27.5;"HIVORY"
1588961;0.41944;46.61972;"00° 25' 10.00'' Est, 46° 37' 11.00'' Nord";"86163";;"2 R DU PUITS DE LA VALLEE";"86360";"MONTAMISE";"Pylône tubulaire"; 13.0;"HIVORY"
1589006;0.32722;46.60389;"00° 19' 38.00'' Est, 46° 36' 14.00'' Nord";"86194";;"112 À 116 R DE LA BUGELLERIE";"86000";"POITIERS";"Pylône autostable"; 22.0;"HIVORY"
1589010;0.34250;46.60694;"00° 20' 33.00'' Est, 46° 36' 25.00'' Nord";"86194";;"187 R DU PORTEAU";"86000";"POITIERS";"Pylône autostable"; 22.0;"HIVORY"
1590777;0.19250;46.48500;"00° 11' 33.00'' Est, 46° 29' 06.00'' Nord";"86145";"LE POUFFON";;"86370";"MARCAY";"Pylône autostable"; 35.0;"HIVORY"
1590799;0.39278;46.59694;"00° 23' 34.00'' Est, 46° 35' 49.00'' Nord";"86194";"RELAIS LES MEUNIERS";"RUE DES MEUNIERS - ACR";"86000";"POITIERS";"Bâtiment"; 9.0;"EDF ou GDF"
1597382;0.37389;46.66556;"00° 22' 26.00'' Est, 46° 39' 56.00'' Nord";"86062";;"31 AV DES TEMPS MODERNES";"86360";"CHASSENEUIL-DU-POITOU";"Pylône autostable"; 29.0;"Copropriété, Syndic, SCI"
1597502;0.36306;46.58917;"00° 21' 47.00'' Est, 46° 35' 21.00'' Nord";"86194";;"1 RUE DE PICARDIE";"86000";"POITIERS";"Immeuble"; 41.0;"Société HLM"
1597525;0.44722;46.63611;"00° 26' 50.00'' Est, 46° 38' 10.00'' Nord";"86163";"LA ROCHE DE BRAN";;"86360";"MONTAMISE";"Pylône autostable"; 30.0;"HIVORY"
1600092;0.06167;46.61222;"00° 03' 42.00'' Est, 46° 36' 44.00'' Nord";"86121";"LA GORLIÈRE";;"86190";"LATILLE";"Pylône autostable"; 32.0;"HIVORY"
1600134;0.47139;46.84556;"00° 28' 17.00'' Est, 46° 50' 44.00'' Nord";"86272";"CLOS DE LA PELLETRIE";"CHEM RURAL DE LA GUILLONNIÈRE À SERVOLLET";"86540";"THURE";"Pylône autostable"; 32.0;"HIVORY"
1601275;0.34611;46.57972;"00° 20' 46.00'' Est, 46° 34' 47.00'' Nord";"86194";;"9 ET 11 R ST VINCENT DE PAUL";"86000";"POITIERS";"Immeuble"; 21.0;"Copropriété, Syndic, SCI"
1601338;0.31139;46.68500;"00° 18' 41.00'' Est, 46° 41' 06.00'' Nord";"86115";"LOUNEUIL";"DEPART N° 62";"86130";"JAUNAY-CLAN";"Château d'eau - réservoir"; 27.9;"Commune, communauté de commune"
1603970;0.27778;46.58333;"00° 16' 40.00'' Est, 46° 35' 00.00'' Nord";"86027";"LA PARISIERE";;"86580";"BIARD";"Pylône autostable"; 29.0;"ATC FRANCE"
1604066;0.34444;46.61667;"00° 20' 40.00'' Est, 46° 37' 00.00'' Nord";"86194";;"19 RUE DES ENTREPRENEURS";"86000";"POITIERS";"Pylône tubulaire"; 25.0;"IFW-FREE"
1605521;0.18806;46.38611;"00° 11' 17.00'' Est, 46° 23' 10.00'' Nord";"86045";"LES PETITS CHAMPS";;"86600";"CELLE-LEVESCAULT";"Pylône autostable"; 30.0;"ORANGE"
1611817;0.87194;46.42667;"00° 52' 19.00'' Est, 46° 25' 36.00'' Nord";"86165";"PLACE ST MARTIEL";"6 R DE LA CLOTURE";"86500";"MONTMORILLON";"Monument religieux"; 54.0;"Commune, communauté de commune"
1612710;0.58417;46.89667;"00° 35' 03.00'' Est, 46° 53' 48.00'' Nord";"86111";;"ZA DE ST USTRE";"86220";"INGRANDES";"Château d'eau - réservoir"; 33.4;"Commune, communauté de commune"
1612996;0.31444;46.48944;"00° 18' 52.00'' Est, 46° 29' 22.00'' Nord";"86113";"LE PAS MARTIN";"9 RUE DU STADE STADE";"86240";"ITEUIL";"Pylône autostable"; 34.4;"Commune, communauté de commune"
1628145;0.44472;46.82944;"00° 26' 41.00'' Est, 46° 49' 46.00'' Nord";"86272";"LES COMMUNEAUX";"1 CHEMIN DE PUYDONNEAU";"86540";"THURE";"Pylône autostable"; 29.4;"CELLNEX"
1629945;0.35972;46.66222;"00° 21' 35.00'' Est, 46° 39' 44.00'' Nord";"86062";;"8 AV BLAISE PASCAL RES GEMINI";"86360";"CHASSENEUIL-DU-POITOU";"Bâtiment"; 26.0;"Conseil Départemental"
1632248;0.13306;46.71472;"00° 07' 59.00'' Est, 46° 42' 53.00'' Nord";"86053";;"LE CLOS DE GELY";"86170";"CHAMPIGNY-LE-SEC";"Pylône autostable"; 29.0;"ATC FRANCE"
1632868;0.08306;46.62806;"00° 04' 59.00'' Est, 46° 37' 41.00'' Nord";"86074";"LA CROIX";;"86190";"CHIRE-EN-MONTREUIL";"Pylône autostable"; 28.0;"CELLNEX"
1635385;0.38972;46.79000;"00° 23' 23.00'' Est, 46° 47' 24.00'' Nord";"86258";"LE PASSAUDRU";"CHEM DES GRANDS BOIS";"86140";"SCORBE-CLAIRVAUX";"Pylône autostable"; 30.0;"ORANGE"
1636231;0.23778;46.51722;"00° 14' 16.00'' Est, 46° 31' 02.00'' Nord";"86100";"LES BARBERIES";"CHEM D'EXPLOITATION 18 D611";"86240";"FONTAINE-LE-COMTE";"Pylône autostable"; 30.0;"ORANGE"
1643589;0.13722;46.26528;"00° 08' 14.00'' Est, 46° 15' 55.00'' Nord";"86039";"CHAMP ROUSSEAU";;"86510";"BRUX";"Pylône autostable"; 30.0;"ORANGE"
1643963;0.60639;46.43528;"00° 36' 23.00'' Est, 46° 26' 07.00'' Nord";"86131";"LA VALLÉE DES NOYERS";;"86410";"LHOMMAIZE";"Pylône autostable"; 32.8;"HIVORY"
1643967;0.62194;46.50944;"00° 37' 19.00'' Est, 46° 30' 34.00'' Nord";"86233";"BOIS LION";;"86300";"VALDIVIENNE";"Pylône autostable"; 34.0;"HIVORY"
1644018;0.61833;46.79028;"00° 37' 06.00'' Est, 46° 47' 25.00'' Nord";"86245";"LES BORNAIS";;"86100";"SAINT-SAUVEUR";"Pylône autostable"; 32.3;"HIVORY"
1644066;0.84611;46.67861;"00° 50' 46.00'' Est, 46° 40' 43.00'' Nord";"86236";"LA PILOTRIE";"R DE LA PILOTERIE";"86260";"SAINT-PIERRE-DE-MAILLE";"Pylône autostable"; 33.3;"TDF"
1650910;0.65000;46.45694;"00° 39' 00.00'' Est, 46° 27' 25.00'' Nord";"86077";"TETRA-CIVAUX";"CNPE CIVAUX - LUSSAC LES CHATEAUX";"86320";"CIVAUX";"Pylône haubané"; 71.0;"EDF ou GDF"
1652680;0.75417;46.62028;"00° 45' 15.00'' Est, 46° 37' 13.00'' Nord";"86202";"LES BORDERIES";"PRÈS D 9 SORTIE BOIS DE L' ESSART";"86260";"LA PUYE";"Pylône autostable"; 30.0;"ORANGE"
1653849;0.61000;46.96611;"00° 36' 36.00'' Est, 46° 57' 58.00'' Nord";"86183";"LA RENAUDERIE";"LA JARRIE EST RN10";"86220";"LES ORMES";"Pylône autostable"; 35.0;"HIVORY"
1655130;0.36111;46.68528;"00° 21' 40.00'' Est, 46° 41' 07.00'' Nord";"86115";;"5 RUE DE MONTÉ À BOUCHA SILO";"86130";"JAUNAY-CLAN";"Silo"; 24.0;"Commune, communauté de commune"
1655144;0.66972;46.67806;"00° 40' 11.00'' Est, 46° 40' 41.00'' Nord";"86009";"LES FLAMMES";"RTE DÉPARTEMENTALE 3";"86210";"ARCHIGNY";"Château d'eau - réservoir"; 34.0;"Commune, communauté de commune"
1673583;0.40472;46.70500;"00° 24' 17.00'' Est, 46° 42' 18.00'' Nord";"86095";"CHAUME";"CHEM DES MEUNIERS PRÈS N.10";"86130";"DISSAY";"Pylône autostable"; 24.0;"ORANGE"
1681362;0.57917;46.75694;"00° 34' 45.00'' Est, 46° 45' 25.00'' Nord";"86014";;"RUE DE L'EGLISE";"86530";"AVAILLES-EN-CHATELLERAULT";"Bâtiment"; 17.0;"Commune, communauté de commune"
1681364;0.60583;46.78167;"00° 36' 21.00'' Est, 46° 46' 54.00'' Nord";"86245";"LA MOTTE";"D38 RUE DES LAVOIRS";"86100";"SAINT-SAUVEUR";"Bâtiment"; 9.0;"Commune, communauté de commune"
1681427;0.20194;46.40861;"00° 12' 07.00'' Est, 46° 24' 31.00'' Nord";"86147";"CHAMPS TERRAGEAUX";;"86370";"MARIGNY-CHEMEREAU";"Pylône autostable"; 30.0;"ORANGE"
1682224;0.37694;46.66639;"00° 22' 37.00'' Est, 46° 39' 59.00'' Nord";"86062";;"30B  R DU 21ÈME SIÈCLE";"86360";"CHASSENEUIL-DU-POITOU";"Pylône tubulaire"; 35.0;"ORANGE"
1685058;0.23750;46.64944;"00° 14' 15.00'' Est, 46° 38' 58.00'' Nord";"86076";"ST MAUR";"CHEM DE L'EUROPE";"86170";"CISSE";"Pylône autostable"; 32.0;"ORANGE"
1686656;0.07750;46.61056;"00° 04' 39.00'' Est, 46° 36' 38.00'' Nord";"86121";;"RUE DU MOULIN À VENT";"86190";"LATILLE";"Pylône autostable"; 32.7;"TDF"
1688620;0.11000;46.44361;"00° 06' 36.00'' Est, 46° 26' 37.00'' Nord";"86139";"LES BROUSSES";"D.94 - RTE DE LUSIGNAN À JAZENEUIL";"86600";"LUSIGNAN";"Pylône autostable"; 35.0;"ORANGE Services Fixes"
1689893;0.59056;46.85389;"00° 35' 26.00'' Est, 46° 51' 14.00'' Nord";"86111";;"SEDE ENVIRONNEMENT ZA LA CROIX BAUDY";"86220";"INGRANDES";"Pylône autostable"; 14.5;"HIVORY"
1690568;0.54278;46.80444;"00° 32' 34.00'' Est, 46° 48' 16.00'' Nord";"86066";;"5 PL WINSTON CHURCHILL";"86100";"CHATELLERAULT";"Immeuble"; 41.3;"Copropriété, Syndic, SCI"
1693563;0.13222;46.19417;"00° 07' 56.00'' Est, 46° 11' 39.00'' Nord";"86068";;"LE CHEMIN DE CHAUNAY";"86510";"CHAUNAY";"Pylône autostable"; 30.0;"ORANGE"
1694773;0.25111;46.34194;"00° 15' 04.00'' Est, 46° 20' 31.00'' Nord";"86003";"LA BROUSSE AU PRETRE";;"86700";"ANCHE";"Pylône autostable"; 32.8;"HIVORY"
1694787;0.04333;46.43194;"00° 02' 36.00'' Est, 46° 25' 55.00'' Nord";"86116";"LES BOIS DU CHATAIGNER";"CHEM RURAL DE SANXAY AUX LAMBERTIÈRES";"86600";"JAZENEUIL";"Pylône autostable"; 32.0;"HIVORY"
1694791;0.06417;46.45778;"00° 03' 51.00'' Est, 46° 27' 28.00'' Nord";"86116";"LE PRÉ SABLEAU";;"86600";"JAZENEUIL";"Pylône autostable"; 32.8;"HIVORY"
1694795;0.23806;46.25583;"00° 14' 17.00'' Est, 46° 15' 21.00'' Nord";"86039";"BOIS DE LA ROCHE";;"86510";"BRUX";"Pylône autostable"; 32.0;"HIVORY"
1694799;0.35750;46.26222;"00° 21' 27.00'' Est, 46° 15' 44.00'' Nord";"86264";"LES BATTUS";;"86160";"SOMMIERES-DU-CLAIN";"Pylône autostable"; 32.0;"HIVORY"
1696254;0.63806;46.73889;"00° 38' 17.00'' Est, 46° 44' 20.00'' Nord";"86164";"LA SARRASINE";"ROUTE DEPARTEMENTALE  N°15 DE MONCONTOUR À LA ROCH";"86210";"MONTHOIRON";"Pylône autostable"; 32.0;"ORANGE"
1696327;0.00194;47.10111;"00° 00' 07.00'' Est, 47° 06' 04.00'' Nord";"86169";"BOIS DES LANDES";"VC N°6 DES LANDES CENTER PARCS - DOMAINE DU BOIS AUX DAIMS RTE DES 3 MOUTIERS - D49";"86120";"MORTON";"Pylône autostable"; 40.0;"HIVORY"
1696337;0.37722;46.58222;"00° 22' 38.00'' Est, 46° 34' 56.00'' Nord";"86194";;"R SALVADOR ALLENDE PARC DES EXPOSITIONS";"86000";"POITIERS";"Pylône autostable"; 36.0;"SFR"
1697415;0.16806;46.20833;"00° 10' 05.00'' Est, 46° 12' 30.00'' Nord";"86068";"LE CABINET";"CHÂTEAU D'EAU";"86510";"CHAUNAY";"Château d'eau - réservoir"; 49.2;"Syndicat des eaux, Adduction"
1697419;0.22139;46.15361;"00° 13' 17.00'' Est, 46° 09' 13.00'' Nord";"86247";"BOIS DE LA POINTE";;"86400";"SAINT-SAVIOL";"Pylône autostable"; 28.5;"HIVORY"
1697603;0.13722;46.88472;"00° 08' 14.00'' Est, 46° 53' 05.00'' Nord";"86069";"BOIS DE SARSALÉ";;"86330";"LA CHAUSSEE";"Pylône autostable"; 38.2;"TDF"
1698088;0.06611;46.35583;"00° 03' 58.00'' Est, 46° 21' 21.00'' Nord";"86244";"LES CINQ SOTS";"R DE LA PERCHETERIE STADE MUNICIPAL";"86600";"SAINT-SAUVANT";"Pylône autostable"; 40.0;"HIVORY"
1705101;0.18556;46.41667;"00° 11' 08.00'' Est, 46° 24' 60.00'' Nord";"86045";"BOIS L'EVÊQUE";"D.97";"86600";"CELLE-LEVESCAULT";"Pylône autostable"; 32.0;"HIVORY"
1705506;0.29028;46.14944;"00° 17' 25.00'' Est, 46° 08' 58.00'' Nord";"86078";"LES COUS DE CHÈVRES";"RUE DES TILLEULS";"86400";"CIVRAY";"Château d'eau - réservoir"; 44.2;"Syndicat des eaux, Adduction"
1710339;0.35778;46.66750;"00° 21' 28.00'' Est, 46° 40' 03.00'' Nord";"86062";;"LES PIRATES 29, BOULEVARD RENÉ DESCARTES";"86360";"CHASSENEUIL-DU-POITOU";"Pylône tubulaire"; 30.0;"ORANGE"
1712613;0.48778;46.32556;"00° 29' 16.00'' Est, 46° 19' 32.00'' Nord";"86248";"LE GRAND PRE";;"86350";"SAINT-SECONDIN";"Pylône autostable"; 31.5;"CELLNEX"
1717822;0.33806;46.62444;"00° 20' 17.00'' Est, 46° 37' 28.00'' Nord";"86158";"LES COSSES";"RUE ALBIN HALLER";"86440";"MIGNE-AUXANCES";"Pylône autostable"; 30.0;"ORANGE"
1718098;0.29889;46.66861;"00° 17' 56.00'' Est, 46° 40' 07.00'' Nord";"86016";"LA LEVÉE";"R DU STADE STATION DE LAGUNAGE";"86170";"AVANTON";"Pylône autostable"; 32.0;"ORANGE"
1719234;0.34944;46.64583;"00° 20' 58.00'' Est, 46° 38' 45.00'' Nord";"86062";"FRABOEUF";"ROUTE DE PREUILLY";"86360";"CHASSENEUIL-DU-POITOU";"Pylône autostable"; 36.0;"ORANGE"
1719236;0.39278;46.84556;"00° 23' 34.00'' Est, 46° 50' 44.00'' Nord";"86221";"LA BARBOTINIÈRE";;"86140";"SAINT-GENEST-D'AMBIERE";"Pylône autostable"; 36.0;"ORANGE"
1725542;0.56083;46.11639;"00° 33' 39.00'' Est, 46° 06' 59.00'' Nord";"86200";"CHEZ RIBOURGEON";"D.148 - CHEM RURAL DE CHEZ SEGUIER";"86460";"PRESSAC";"Pylône autostable"; 32.0;"ORANGE"
1725715;0.21694;46.14028;"00° 13' 01.00'' Est, 46° 08' 25.00'' Nord";"86247";"LA NOUGERETTE";"VC N°7";"86400";"SAINT-SAVIOL";"Pylône autostable"; 29.0;"ORANGE"
1742586;0.33833;46.57000;"00° 20' 18.00'' Est, 46° 34' 12.00'' Nord";"86194";;"38 RUE DU FIEF DE GRIMOIRE";"86000";"POITIERS";"Immeuble"; 15.0;"Société Privée SA"
1742600;0.34083;46.60833;"00° 20' 27.00'' Est, 46° 36' 30.00'' Nord";"86194";;"4 RUE EUGÈNE CHEVREUL";"86000";"POITIERS";"Immeuble"; 9.0;"Société Privée SA"
1749601;-0.04250;47.06583;"00° 02' 33.00'' Ouest, 47° 03' 57.00'' Nord";"86229";"CHAMPS DES POULES";;"86120";"SAINT-LEGER-DE-MONTBRILLAIS";"Château d'eau - réservoir"; 48.8;"Syndicat des eaux, Adduction"
1750310;0.27278;46.42583;"00° 16' 22.00'' Est, 46° 25' 33.00'' Nord";"86065";"FONTRABLE";"16 R DU CÔTEAU";"86370";"CHATEAU-LARCHER";"Pylône autostable"; 31.0;"ORANGE"
1752757;0.23167;46.19028;"00° 13' 54.00'' Est, 46° 11' 25.00'' Nord";"86029";"LE VIEUX BALLUC";;"86400";"BLANZAY";"Pylône autostable"; 32.0;"HIVORY"
1764100;0.37111;46.22194;"00° 22' 16.00'' Est, 46° 13' 19.00'' Nord";"86242";"DERRIÈRE LES VIGNES";"ROUTE  DE JOUSSÉ RD N°82";"86250";"SAINT-ROMAIN";"Pylône autostable"; 32.4;"HIVORY"
1766787;0.45056;46.92583;"00° 27' 02.00'' Est, 46° 55' 33.00'' Nord";"86162";"L'ORMEAU DU ROI";;"86230";"MONDION";"Pylône autostable"; 20.0;"SNCF Réseau"
1770901;0.39472;46.75861;"00° 23' 41.00'' Est, 46° 45' 31.00'' Nord";"86081";"LA BAUDRIÈRE";"LA TOUCHE";"86490";"COLOMBIERS";"Pylône autostable"; 35.0;"SNCF Réseau"
1770980;0.27917;46.43500;"00° 16' 45.00'' Est, 46° 26' 06.00'' Nord";"86293";"LES VIGNES DE DENLOT";;"86370";"VIVONNE";"Pylône autostable"; 35.0;"TDF"
1771011;0.38778;46.82333;"00° 23' 16.00'' Est, 46° 49' 24.00'' Nord";"86221";"BOIS NOYAU";"ROUTE DE LA CHINIÈRE";"86140";"SAINT-GENEST-D'AMBIERE";"Pylône autostable"; 20.0;"SNCF Réseau"
1771851;0.33861;46.27556;"00° 20' 19.00'' Est, 46° 16' 32.00'' Nord";"86264";"LA BRANDE DU MOREAU";"BOIS DES LOGIS CHEM DE LA PORCHERIE";"86160";"SOMMIERES-DU-CLAIN";"Pylône autostable"; 32.0;"ATC FRANCE"
1777787;0.36000;46.64611;"00° 21' 36.00'' Est, 46° 38' 46.00'' Nord";"86062";;"2 ALLEE DU HAUT POITOU ROUTE NATIONALE 10";"86360";"CHASSENEUIL-DU-POITOU";"Bâtiment"; 9.2;"Société Privée SA"
1780154;0.24944;46.41722;"00° 14' 58.00'' Est, 46° 25' 02.00'' Nord";"86293";"LES CHAMPS DU POIRIER";;"86370";"VIVONNE";"Pylône autostable"; 17.0;"CELLNEX"
1787543;0.41444;46.87639;"00° 24' 52.00'' Est, 46° 52' 35.00'' Nord";"86272";"L'OURDIÈRE";;"86540";"THURE";"Pylône autostable"; 25.0;"SNCF Réseau"
1787671;0.14222;46.23917;"00° 08' 32.00'' Est, 46° 14' 21.00'' Nord";"86068";"LA ROCHE DE BORD";"LE COUDREAU";"86510";"CHAUNAY";"Pylône autostable"; 30.0;"SNCF Réseau"
1788066;0.16639;46.36250;"00° 09' 59.00'' Est, 46° 21' 45.00'' Nord";"86082";"MONTMATIN";;"86700";"COUHE";"Pylône autostable"; 30.0;"ORANGE"
1788068;0.14056;46.21861;"00° 08' 26.00'' Est, 46° 13' 07.00'' Nord";"86068";"LES CHABANNES";"PRÉS D55";"86510";"CHAUNAY";"Pylône autostable"; 30.0;"ORANGE"
1791117;0.53417;46.79750;"00° 32' 03.00'' Est, 46° 47' 51.00'' Nord";"86066";;"SALLE OMNISPORT ROUTE DES NONNES";"86100";"CHATELLERAULT";"Pylône tubulaire"; 35.0;"ORANGE"
1801996;0.38917;46.15222;"00° 23' 21.00'' Est, 46° 09' 08.00'' Nord";"86061";"CHEZ DINET";;"86250";"CHARROUX";"Pylône autostable"; 37.5;"TDF"
1802470;0.25750;46.54528;"00° 15' 27.00'' Est, 46° 32' 43.00'' Nord";"86297";"LA DEVINALIÈRE";"313 CHEMIN DES TROIS THUETS";"86580";"VOUNEUIL-SOUS-BIARD";"Pylône autostable"; 32.5;"TDF"
1803097;0.46028;46.94306;"00° 27' 37.00'' Est, 46° 56' 35.00'' Nord";"86162";"LES PETITS BARBOTEAUX";"CHEMIN DE LA CHAUME";"86230";"MONDION";"Pylône autostable"; 42.5;"ORANGE"
1805718;0.39556;46.76167;"00° 23' 44.00'' Est, 46° 45' 42.00'' Nord";"86081";"LES VARENNES DE LA PRÉE";"LA TOUR SAVARY";"86490";"COLOMBIERS";"Pylône autostable"; 32.5;"TDF"
1806220;0.65333;46.81750;"00° 39' 12.00'' Est, 46° 49' 03.00'' Nord";"86245";"MARCHAIS DES MESSETS";"V COMMUNALE N°2";"86100";"SAINT-SAUVEUR";"Pylône autostable"; 49.3;"TDF"
1814236;0.52222;46.94167;"00° 31' 20.00'' Est, 46° 56' 30.00'' Nord";"86280";"PIÈCE DE LA CROIX ROUGE";"D 22 - STADE MUNICIPAL";"86230";"VELLECHES";"Pylône tubulaire"; 24.0;"ORANGE"
1822077;0.40306;46.85528;"00° 24' 11.00'' Est, 46° 51' 19.00'' Nord";"86272";"LES CHAMPS";"ROUTE DU MOULIN DE BOUTAULT";"86540";"THURE";"Pylône autostable"; 32.5;"TDF"
1823326;0.20528;46.41250;"00° 12' 19.00'' Est, 46° 24' 45.00'' Nord";"86147";"LES VALADIERES";;"86370";"MARIGNY-CHEMEREAU";"Pylône autostable"; 33.3;"TDF"
1825388;0.27528;46.61639;"00° 16' 31.00'' Est, 46° 36' 59.00'' Nord";"86158";"MONTAUBAN";"LES ERONDES";"86440";"MIGNE-AUXANCES";"Pylône autostable"; 32.8;"ORANGE"
1826386;0.22889;46.50861;"00° 13' 44.00'' Est, 46° 30' 31.00'' Nord";"86100";"CHAMP DU CHENE";;"86240";"FONTAINE-LE-COMTE";"Pylône autostable"; 32.5;"TDF"
1826388;0.44333;46.91472;"00° 26' 36.00'' Est, 46° 54' 53.00'' Nord";"86224";"LA GRAND MAISON";;"86230";"SAINT-GERVAIS-LES-TROIS-CLOCHERS";"Pylône autostable"; 32.5;"TDF"
1833011;0.28944;46.58056;"00° 17' 22.00'' Est, 46° 34' 50.00'' Nord";"86027";"LA FENETRE";"R DES BOIS DE ROCHEFORT";"86580";"BIARD";"Pylône autostable"; 20.0;"Conseil Régional"
1843395;0.38944;46.81111;"00° 23' 22.00'' Est, 46° 48' 40.00'' Nord";"86258";"LA CHATIERE";"RUE DU BOIS-JACQUOT";"86140";"SCORBE-CLAIRVAUX";"Pylône autostable"; 37.5;"TDF"
1843509;0.41194;46.38278;"00° 24' 43.00'' Est, 46° 22' 58.00'' Nord";"86235";;"28 ROUTE DE GIZAY BÂTIMENT AGRICOLE";"86160";"SAINT-MAURICE-LA-CLOUERE";"Bâtiment"; 7.0;"Particulier"
1849793;0.37667;46.71583;"00° 22' 36.00'' Est, 46° 42' 57.00'' Nord";"86115";"CHAMPALLU";"PRÈS A10";"86130";"JAUNAY-CLAN";"Pylône autostable"; 30.0;"ORANGE"
1850466;0.41028;46.50472;"00° 24' 37.00'' Est, 46° 30' 17.00'' Nord";"86180";;"R DES VIGNES SALLE OMNISPORTS";"86340";"NOUAILLE-MAUPERTUIS";"Bâtiment"; 12.8;"Commune, communauté de commune"
1851057;0.43167;46.90444;"00° 25' 54.00'' Est, 46° 54' 16.00'' Nord";"86224";"LES NORMANDS";"CHEM LA GRANDE MAISON";"86230";"SAINT-GERVAIS-LES-TROIS-CLOCHERS";"Pylône autostable"; 32.0;"ORANGE"
1852489;0.35944;46.66694;"00° 21' 34.00'' Est, 46° 40' 01.00'' Nord";"86062";;"12 BOULEVARD RENE DESCARTES";"86360";"CHASSENEUIL-DU-POITOU";"Bâtiment"; 23.0;"BOUYGUES"
1866781;0.34028;46.58417;"00° 20' 25.00'' Est, 46° 35' 03.00'' Nord";"86194";;"19 RUE SAINT LOUIS";"86000";"POITIERS";"Immeuble"; 19.4;"Copropriété, Syndic, SCI"
1887289;0.35667;46.59056;"00° 21' 24.00'' Est, 46° 35' 26.00'' Nord";"86194";;"1 À 8 PLACE DE BRETAGNE";"86000";"POITIERS";"Immeuble"; 38.0;"Société HLM"
1891814;0.31333;46.48917;"00° 18' 48.00'' Est, 46° 29' 21.00'' Nord";"86113";"LE PAS MARTIN";"RUE DU STADE STADE MUNICIPAL";"86240";"ITEUIL";"Pylône tubulaire"; 28.6;"Commune, communauté de commune"
1894917;0.31194;46.32583;"00° 18' 43.00'' Est, 46° 19' 33.00'' Nord";"86052";"PLAINE DE FOUGERE";"CHEMIN RURAL N°7";"86160";"CHAMPAGNE-SAINT-HILAIRE";"Pylône autostable"; 37.8;"IFW-FREE"
1894921;0.31361;46.57944;"00° 18' 49.00'' Est, 46° 34' 46.00'' Nord";"86027";"ZONE ARTISANALE DU VIGNAUD";"RUE DU VIGNAUD ZONE ARTISANALE DU VIGNAUD";"86000";"BIARD";"Pylône tubulaire"; 25.0;"IFW-FREE"
1897376;0.60250;46.43556;"00° 36' 09.00'' Est, 46° 26' 08.00'' Nord";"86131";;"RUE DES GLYCINES";"86410";"LHOMMAIZE";"Bâtiment"; 10.0;"EDF ou GDF"
1897940;0.65056;46.45056;"00° 39' 02.00'' Est, 46° 27' 02.00'' Nord";"86077";;"D114B CNPE BATIMENT PSPG";"86320";"CIVAUX";"Bâtiment"; 6.0;"EDF ou GDF"
1898042;0.65194;46.45278;"00° 39' 07.00'' Est, 46° 27' 10.00'' Nord";"86077";;"D114B CNPE LABO CHIMIE SITE";"86320";"CIVAUX";"Bâtiment"; 10.0;"EDF ou GDF"
1898045;0.64972;46.45917;"00° 38' 59.00'' Est, 46° 27' 33.00'' Nord";"86077";;"D114B  CNPE CIVAUX  BATIMENT GARDIENS";"86320";"CIVAUX";"Bâtiment"; 5.0;"EDF ou GDF"
1898173;0.18472;46.37472;"00° 11' 05.00'' Est, 46° 22' 29.00'' Nord";"86045";"LES VALLEES";"CHEMIN DES GARENNES";"86600";"CELLE-LEVESCAULT";"Pylône autostable"; 42.5;"TDF"
1899078;0.64972;46.45889;"00° 38' 59.00'' Est, 46° 27' 32.00'' Nord";"86077";;"CENTRALE DE CIVAUX D114B BATIMENT BDS";"86320";"CIVAUX";"Bâtiment"; 18.0;"EDF ou GDF"
1901247;0.32361;46.59778;"00° 19' 25.00'' Est, 46° 35' 52.00'' Nord";"86194";;"5 B  R DE LA DEMI-LUNE";"86000";"POITIERS";"Pylône autostable"; 25.0;"ORANGE"
1909162;0.81639;46.33250;"00° 48' 59.00'' Est, 46° 19' 57.00'' Nord";"86170";"LA BOUIGE AUX GROLES";"PRÈS D12 STADE";"86500";"MOULISMES";"Pylône tubulaire"; 25.0;"ORANGE"
1916603;0.70028;46.23111;"00° 42' 01.00'' Est, 46° 13' 52.00'' Nord";"86112";"LES TERRIERES";;"86150";"L'ISLE-JOURDAIN";"Pylône autostable"; 32.8;"IFW-FREE"
1922178;0.24972;46.53917;"00° 14' 59.00'' Est, 46° 32' 21.00'' Nord";"86100";"LES NESDES DE LA BRUERE";"HAUTE FONTAINE";"86240";"FONTAINE-LE-COMTE";"Pylône autostable"; 20.0;"SNCF Réseau"
1922753;0.31083;46.58611;"00° 18' 39.00'' Est, 46° 35' 10.00'' Nord";"86027";;"AEROPORT POITIERS BIARD";"86580";"BIARD";"Bâtiment"; 10.0;"CCI,Ch Metiers,Port Aut,Aérop"
1923858;0.28389;46.58083;"00° 17' 02.00'' Est, 46° 34' 51.00'' Nord";"86027";"LA FENÊTRE";"R DES BOIS DE ROCHEFORT";"86580";"BIARD";"Château d'eau - réservoir"; 20.3;"Commune, communauté de commune"
1932109;0.54833;46.80306;"00° 32' 54.00'' Est, 46° 48' 11.00'' Nord";"86066";;"16 RUE RAYMOND PITET RESIDENCE LES MARONNIERS";"86100";"CHATELLERAULT";"Immeuble"; 30.2;"Copropriété, Syndic, SCI"
1944536;0.20917;46.45417;"00° 12' 33.00'' Est, 46° 27' 15.00'' Nord";"86145";"L ESSART";;"86370";"MARCAY";"Pylône autostable"; 45.3;"TDF"
1946523;0.63222;46.86806;"00° 37' 56.00'' Est, 46° 52' 05.00'' Nord";"86186";"LES MATOIS";;"86220";"OYRE";"Pylône autostable"; 29.2;"TDF"
1948457;0.35056;46.82722;"00° 21' 02.00'' Est, 46° 49' 38.00'' Nord";"86221";"LES PERCHES";;"86140";"SAINT-GENEST-D'AMBIERE";"Château d'eau - réservoir"; 57.0;"Syndicat des eaux, Adduction"
1950338;0.70667;46.40389;"00° 42' 24.00'' Est, 46° 24' 14.00'' Nord";"86140";;"69 ROUTE DE POITIERS";"86320";"LUSSAC-LES-CHATEAUX";"Pylône haubané"; 12.0;"DDE"
1950766;0.43028;46.63028;"00° 25' 49.00'' Est, 46° 37' 49.00'' Nord";"86163";"LA JOURIE";"D85";"86360";"MONTAMISE";"Pylône autostable"; 37.0;"ORANGE"
1951164;0.06250;46.35694;"00° 03' 45.00'' Est, 46° 21' 25.00'' Nord";"86244";"LES CINQ SOTS";;"86600";"SAINT-SAUVANT";"Pylône tubulaire"; 35.0;"IFW-FREE"
1957647;0.34500;46.63444;"00° 20' 42.00'' Est, 46° 38' 04.00'' Nord";"86158";"LA RIVARDIERE";;"86440";"MIGNE-AUXANCES";"Pylône autostable"; 37.5;"TDF"
1970511;0.26722;46.45611;"00° 16' 02.00'' Est, 46° 27' 22.00'' Nord";"86293";"BOIS DU MARCHAIS";"ZONE ARTISANALE LANJOUNIÈRE N 10";"86370";"VIVONNE";"Pylône tubulaire"; 32.0;"ORANGE"
1970528;0.31500;46.46278;"00° 18' 54.00'' Est, 46° 27' 46.00'' Nord";"86010";"LA GAUDENALIÈRE";"CHEMIN COMMUNAL N° 11";"86340";"ASLONNES";"Pylône autostable"; 35.0;"ORANGE"
1970735;0.56722;46.51583;"00° 34' 02.00'' Est, 46° 30' 57.00'' Nord";"86268";"CAHUTE";"STADE LA CAHUTE";"86800";"TERCE";"Pylône tubulaire"; 36.6;"IFW-FREE"
1972577;0.86472;46.43250;"00° 51' 53.00'' Est, 46° 25' 57.00'' Nord";"86165";;"ZI NORD JEAN RANGER RUE DE CONCISE";"86500";"MONTMORILLON";"Pylône tubulaire"; 36.0;"IFW-FREE"
1973647;0.07722;47.00361;"00° 04' 38.00'' Est, 47° 00' 13.00'' Nord";"86137";;"18 RUE DES ARTISANS";"86200";"LOUDUN";"Pylône autostable"; 30.0;"ORANGE"
1976303;0.27861;46.50556;"00° 16' 43.00'' Est, 46° 30' 20.00'' Nord";"86113";"LA GALONNIERE";"LIEU DIT LA GALONNIERE";"86240";"ITEUIL";"Bâtiment"; 30.0;"Société Privée SA"
1978410;0.67444;46.82889;"00° 40' 28.00'' Est, 46° 49' 44.00'' Nord";"86245";"BRANDES DE QUINCHAMPS";"CHEMIN LES QUINCHAMPS";"86100";"SAINT-SAUVEUR";"Pylône autostable"; 32.0;"ORANGE"
1978845;0.63194;46.19556;"00° 37' 55.00'' Est, 46° 11' 44.00'' Nord";"86289";;"CIRCUIT DU VAL DE VIENNE D8";"86150";"LE VIGEANT";"Mât"; 12.0;"Société Privée SA"
1985104;0.06361;46.45806;"00° 03' 49.00'' Est, 46° 27' 29.00'' Nord";"86116";"LE PRE SABLEAU";"CHEMIN BLANC";"86600";"JAZENEUIL";"Pylône autostable"; 32.8;"IFW-FREE"
1985106;0.85667;46.27056;"00° 51' 24.00'' Est, 46° 16' 14.00'' Nord";"86120";"LA RONERIE";"L ETRIER DE L EPEE";"86390";"LATHUS-SAINT-REMY";"Pylône autostable"; 37.8;"IFW-FREE"
1986397;0.14083;46.25639;"00° 08' 27.00'' Est, 46° 15' 23.00'' Nord";"86039";"LES BOIS GENINS";"RD  N 99";"86510";"BRUX";"Pylône autostable"; 33.3;"TDF"
1993735;0.19639;46.56806;"00° 11' 47.00'' Est, 46° 34' 05.00'' Nord";"86024";"LES COURS";"STADE MUNICIPAL";"86190";"BERUGES";"Pylône tubulaire"; 31.6;"IFW-FREE"
1995642;0.60389;46.96056;"00° 36' 14.00'' Est, 46° 57' 38.00'' Nord";"86183";"LA COUASSE";;"86220";"LES ORMES";"Pylône autostable"; 32.8;"IFW-FREE"
2000562;0.15361;46.85889;"00° 09' 13.00'' Est, 46° 51' 32.00'' Nord";"86286";"LE PRÉ MOINET";;"86420";"VERRUE";"Pylône autostable"; 30.0;"ORANGE"
2000581;0.12500;46.91417;"00° 07' 30.00'' Est, 46° 54' 51.00'' Nord";"86005";"L'EBEAUPIN";"DPT 46";"86330";"ANGLIERS";"Pylône tubulaire"; 30.0;"ORANGE"
2027383;0.64694;46.50000;"00° 38' 49.00'' Est, 46° 30' 00.00'' Nord";"86233";"BEAU SOLEIL";;"86300";"VALDIVIENNE";"Pylône autostable"; 30.0;"ORANGE"
2027405;0.45667;46.82667;"00° 27' 24.00'' Est, 46° 49' 36.00'' Nord";"86272";"LE PARC DU CHATEAU";"1 RUE PIERRE DE COUBERTIN";"86540";"THURE";"Pylône autostable"; 22.0;"ORANGE"
2028227;0.41472;46.51444;"00° 24' 53.00'' Est, 46° 30' 52.00'' Nord";"86180";"LES JUSTICES";"RD12 ROUTE DE POITIERS";"86340";"NOUAILLE-MAUPERTUIS";"Pylône autostable"; 38.0;"ORANGE"
2030120;0.56389;46.11694;"00° 33' 50.00'' Est, 46° 07' 01.00'' Nord";"86200";"LE RIBOURGEON";"D 148";"86460";"PRESSAC";"Pylône tubulaire"; 36.5;"IFW-FREE"
2035361;0.38944;46.79083;"00° 23' 22.00'' Est, 46° 47' 27.00'' Nord";"86258";"LE PASSAUDRU";"CHEMIN DES GRAND BOIS";"86140";"SCORBE-CLAIRVAUX";"Pylône autostable"; 38.7;"TDF"
2035747;0.35889;46.68889;"00° 21' 32.00'' Est, 46° 41' 20.00'' Nord";"86115";"LA DIETTE";"CHE DE BRIN A LA ROUTE DE CHINCE ST. ÉPURATION";"86130";"JAUNAY-CLAN";"Pylône autostable"; 33.0;"ORANGE"
2047433;0.58278;46.76167;"00° 34' 58.00'' Est, 46° 45' 42.00'' Nord";"86014";"TERRES DES PETITES RIVIERE";"14 RUE DU 11 NOVEMBRE";"86530";"AVAILLES-EN-CHATELLERAULT";"Pylône autostable"; 30.0;"ORANGE"
2052953;0.53556;46.28222;"00° 32' 08.00'' Est, 46° 16' 56.00'' Nord";"86276";"LE CORMIER";"ZI LE CORMIER DECHETTERIE PROCHE D727";"86350";"USSON-DU-POITOU";"Pylône autostable"; 30.0;"ORANGE"
2059713;0.30222;46.52694;"00° 18' 08.00'' Est, 46° 31' 37.00'' Nord";"86133";;"LES COTEAUX DE BRASSAISE";"86240";"LIGUGE";"Pylône autostable"; 24.0;"ORANGE"
2071457;0.53528;46.77833;"00° 32' 07.00'' Est, 46° 46' 42.00'' Nord";"86046";;"RUE DE TOURAINE";"86530";"CENON-SUR-VIENNE";"Bâtiment"; 18.0;"Société Privée SA"
2075260;0.34278;46.41472;"00° 20' 34.00'' Est, 46° 24' 53.00'' Nord";"86148";"LA TROUSSAYE";;"86160";"MARNAY";"Pylône autostable"; 37.8;"IFW-FREE"
2078453;0.52972;46.81944;"00° 31' 47.00'' Est, 46° 49' 10.00'' Nord";"86066";;"16 AVENUE DE CORBY";"86100";"CHATELLERAULT";"Pylône tubulaire"; 31.1;"IFW-FREE"
2089551;0.53250;46.60361;"00° 31' 57.00'' Est, 46° 36' 13.00'' Nord";"86124";"TENUE DES GRAILLINS";;"86800";"LAVOUX";"Pylône autostable"; 30.0;"ORANGE"
2089553;0.56639;46.51639;"00° 33' 59.00'' Est, 46° 30' 59.00'' Nord";"86268";"LE BOURG";"2 ROUTE DE SAINT-MARTIN";"86800";"TERCE";"Pylône tubulaire"; 30.0;"ORANGE"
2091120;0.22528;46.17444;"00° 13' 31.00'' Est, 46° 10' 28.00'' Nord";"86247";"LA BESSANTE";;"86400";"SAINT-SAVIOL";"Pylône autostable"; 35.0;"ORANGE"
2105200;1.00444;46.38500;"01° 00' 16.00'' Est, 46° 23' 06.00'' Nord";"86035";"LE BOURG";"ROUTE DE MARTRAY";"86390";"BOURG-ARCHAMBAULT";"Mât béton"; 12.0;"ORANGE"
2106366;0.14889;46.70694;"00° 08' 56.00'' Est, 46° 42' 25.00'' Nord";"86053";;"4 RUE DES CYTISES CHATEAU D'EAU ""LE MOULIN ROCHEREAU""";"86170";"CHAMPIGNY-LE-SEC";"Château d'eau - réservoir"; 32.8;"Syndicat des eaux, Adduction"
2106754;0.45778;46.94417;"00° 27' 28.00'' Est, 46° 56' 39.00'' Nord";"86162";"LES PETITS BARBOTEAUX";;"86230";"MONDION";"Pylône autostable"; 42.5;"TDF"
2122827;0.48083;46.75972;"00° 28' 51.00'' Est, 46° 45' 35.00'' Nord";"86174";;"CENTRE TECHNIQUE MUNICIPAL RUE FRANCOIS RABELAIS";"86530";"NAINTRE";"Pylône autostable"; 28.0;"IFW-FREE"
2129062;0.07083;46.61917;"00° 04' 15.00'' Est, 46° 37' 09.00'' Nord";"86121";"LA PETITE RODIERE";"15 CHEMIN DE CACHE GRENOUILLE";"86190";"LATILLE";"Pylône autostable"; 30.0;"ORANGE"
2129064;0.47639;46.59972;"00° 28' 35.00'' Est, 46° 35' 59.00'' Nord";"86028";"LA CROIX AUX GEARDS";;"86800";"BIGNOUX";"Pylône tubulaire"; 25.0;"ORANGE"
2129839;0.20500;46.43278;"00° 12' 18.00'' Est, 46° 25' 58.00'' Nord";"86147";"COTEAUX ET VALLÉES TALLERAND";;"86370";"MARIGNY-CHEMEREAU";"Pylône autostable"; 35.0;"ORANGE"
2136573;0.16694;46.71889;"00° 10' 01.00'' Est, 46° 43' 08.00'' Nord";"86053";"CHAMP DE L EPINE";;"86170";"CHAMPIGNY-LE-SEC";"Pylône tubulaire"; 33.3;"IFW-FREE"
2138254;0.00889;47.08889;"00° 00' 32.00'' Est, 47° 05' 20.00'' Nord";"86274";"LA GRANDE MOTHE";"CENTER PARCS";"86120";"LES TROIS-MOUTIERS";"pylône arbre"; 36.6;"IFW-FREE"
2141374;0.32278;46.53611;"00° 19' 22.00'' Est, 46° 32' 10.00'' Nord";"86133";"LE BOIS DU FIEF CLAIRET";;"86240";"LIGUGE";"Pylône autostable"; 36.0;"ORANGE"
2163936;0.22028;46.48722;"00° 13' 13.00'' Est, 46° 29' 14.00'' Nord";"86145";"BEAUVAIS";"CHE RURAL DE COULOMBIERS";"86370";"MARCAY";"Pylône autostable"; 40.0;"ORANGE"
2166454;0.15417;46.76250;"00° 09' 15.00'' Est, 46° 45' 45.00'' Nord";"86002";"BOUDET";"CHEMIN RURAL N°8";"86110";"AMBERRE";"Pylône autostable"; 24.0;"ORANGE"
2169982;0.14278;46.45528;"00° 08' 34.00'' Est, 46° 27' 19.00'' Nord";"86139";"LA POTIÈRE";;"86600";"LUSIGNAN";"Pylône autostable"; 36.0;"TDF"
2170336;0.52111;46.17806;"00° 31' 16.00'' Est, 46° 10' 41.00'' Nord";"86152";"LA ROCHE";;"86460";"MAUPREVOIR";"Pylône autostable"; 38.0;"Commune, communauté de commune"
2171714;0.29333;46.24278;"00° 17' 36.00'' Est, 46° 14' 34.00'' Nord";"86211";"LA JAVIGNE";"INTERSECTION VCN°4 ST VCN°1 LA VALLÉE DES SINGES";"86700";"ROMAGNE";"Pylône autostable"; 30.0;"TDF"
2181473;0.57306;46.89750;"00° 34' 23.00'' Est, 46° 53' 51.00'' Nord";"86111";"LE PRE VILLARD";"D76 ZI ST USTRE";"86220";"INGRANDES";"Pylône autostable"; 38.0;"ORANGE"
2186564;0.36194;46.67000;"00° 21' 43.00'' Est, 46° 40' 12.00'' Nord";"86062";;"AV RENÉ MONORY NOVOTEL POITIERS SITE DU FUTUROSCOPE";"86360";"CHASSENEUIL-DU-POITOU";"Immeuble"; 24.6;"Société Privée SA"
2187625;0.34944;46.27611;"00° 20' 58.00'' Est, 46° 16' 34.00'' Nord";"86264";"CÔTEAUX DE LA TOURATIÈRE";"8 R DE SAINT-AVOLD";"86160";"SOMMIERES-DU-CLAIN";"Pylône autostable"; 30.0;"ORANGE"
2198831;0.06611;46.66278;"00° 03' 58.00'' Est, 46° 39' 46.00'' Nord";"86017";;"LES CARTES";"86190";"AYRON";"Pylône autostable"; 37.8;"IFW-FREE"
2200623;0.25028;46.41833;"00° 15' 01.00'' Est, 46° 25' 06.00'' Nord";"86293";"CHANTELOUP";"RUE DE CHANTELOUP";"86370";"VIVONNE";"Pylône autostable"; 24.0;"ORANGE"
2201039;0.05083;47.13722;"00° 03' 03.00'' Est, 47° 08' 14.00'' Nord";"86210";"BOIS DE LA COULEE";"CHEMIN PRES LAC DE GOULAND";"86120";"ROIFFE";"Pylône autostable"; 30.0;"TDF"
2204742;0.39000;46.73639;"00° 23' 24.00'' Est, 46° 44' 11.00'' Nord";"86115";"LA CHAUME";;"86380";"JAUNAY-CLAN";"Pylône autostable"; 35.0;"TDF"
2204743;0.39000;46.73639;"00° 23' 24.00'' Est, 46° 44' 11.00'' Nord";"86115";"LA CHAUME";"PRÈS LIGNE TGV";"86380";"JAUNAY-CLAN";"Pylône autostable"; 30.0;"ORANGE"
2205071;0.11500;46.94889;"00° 06' 54.00'' Est, 46° 56' 56.00'' Nord";"86005";;"PRES DE LA MOYE";"86330";"ANGLIERS";"Pylône autostable"; 28.0;"IFW-FREE"
2205073;0.29806;46.21000;"00° 17' 53.00'' Est, 46° 12' 36.00'' Nord";"86054";;"LA GUERINNERIE  86400 CHAMPNIERS";"86400";"CHAMPNIERS";"Pylône autostable"; 40.5;"IFW-FREE"
2206479;0.57611;46.53861;"00° 34' 34.00'' Est, 46° 32' 19.00'' Nord";"86198";"CHAUMIÈRE DU BOURG";"CHEM DU PRÉ AUX DAMES";"86800";"POUILLE";"Pylône tubulaire"; 30.0;"ORANGE"
2207494;0.23667;46.33278;"00° 14' 12.00'' Est, 46° 19' 58.00'' Nord";"86082";"MOISAIS";"RD 2";"86700";"COUHE";"Pylône autostable"; 30.0;"TDF"
2209869;0.32111;46.41667;"00° 19' 16.00'' Est, 46° 24' 60.00'' Nord";"86065";"COTEAU DE BOUCTEAU";"ROUTE  DE GENCAY D742";"86370";"CHATEAU-LARCHER";"Château d'eau - réservoir"; 34.0;"Commune, communauté de commune"
2211683;0.36250;46.59000;"00° 21' 45.00'' Est, 46° 35' 24.00'' Nord";"86194";;"9 RUE HENRI DUNANT";"86000";"POITIERS";"Immeuble"; 51.0;"Société HLM"
2211687;0.37028;46.56083;"00° 22' 13.00'' Est, 46° 33' 39.00'' Nord";"86194";;"2 RUE VICTOR SCHOELCHER 5B RUEMOZART LA GIBAUDERIE";"86000";"POITIERS";"Immeuble"; 22.0;"Société HLM"
2213701;0.63917;46.19778;"00° 38' 21.00'' Est, 46° 11' 52.00'' Nord";"86289";;"ZI CIRCUIT DU VAL DE VIENNE";"86150";"LE VIGEANT";"Bâtiment"; 5.0;"Société Privée SA"
2216384;0.32556;46.60139;"00° 19' 32.00'' Est, 46° 36' 05.00'' Nord";"86194";;"PARC DEMI-LUNE 62 AVENUE DU PLATEAU DES GLIÈRES";"86000";"POITIERS";"Immeuble"; 12.0;"Société Privée SA"
2226925;0.41917;46.88556;"00° 25' 09.00'' Est, 46° 53' 08.00'' Nord";"86224";;"MALACHE";"86230";"SAINT-GERVAIS-LES-TROIS-CLOCHERS";"Pylône autostable"; 32.7;"TDF"
2229917;0.05000;46.35917;"00° 03' 00.00'' Est, 46° 21' 33.00'' Nord";"86244";;"RUE DU FOUR CHÂTEAU D'EAU D29";"86600";"SAINT-SAUVANT";"Château d'eau - réservoir"; 36.0;"Syndicat des eaux, Adduction"
2235707;0.39333;46.83639;"00° 23' 36.00'' Est, 46° 50' 11.00'' Nord";"86221";"LA BOUTELAYE";;"86140";"SAINT-GENEST-D'AMBIERE";"Pylône autostable"; 32.7;"TDF"
2238755;0.46444;46.22194;"00° 27' 52.00'' Est, 46° 13' 19.00'' Nord";"86119";"LES GRANDS CHAMPS";"ROUTE DE CIVRAY D727";"86350";"JOUSSE";"Pylône autostable"; 30.0;"ORANGE"
2241830;0.06222;46.42500;"00° 03' 44.00'' Est, 46° 25' 30.00'' Nord";"86213";"LE BOIS D'AUGÈRE";;"86480";"ROUILLE";"Pylône autostable"; 30.0;"TDF"
2247037;0.52111;46.82583;"00° 31' 16.00'' Est, 46° 49' 33.00'' Nord";"86066";"LA CROIX ROUGE";"RUE HENRI BARBUSSE A10";"86100";"CHATELLERAULT";"Pylône autostable"; 38.7;"TDF"
2248072;0.89194;46.69389;"00° 53' 31.00'' Est, 46° 41' 38.00'' Nord";"86004";"DERRIERE LA QUEUE DU RENARD";"RUE BLANCOISE D2B";"86260";"ANGLES-SUR-L'ANGLIN";"Pylône autostable"; 30.0;"ORANGE"
2248222;0.18278;46.47611;"00° 10' 58.00'' Est, 46° 28' 34.00'' Nord";"86083";"LE GRAND CHAMP";"DÉPARTEMENTAL 27";"86600";"COULOMBIERS";"Pylône autostable"; 36.0;"TDF"
2253026;0.19778;46.68917;"00° 11' 52.00'' Est, 46° 41' 21.00'' Nord";"86281";"LE BORNAIS";"VC N° 3 DE HAUT BOURG";"86170";"VENDEUVRE-DU-POITOU";"Pylône autostable"; 36.0;"ORANGE"
2254868;0.51444;46.80750;"00° 30' 52.00'' Est, 46° 48' 27.00'' Nord";"86066";;"62 RUE CAMILLE AUDINET";"86100";"CHATELLERAULT";"Pylône autostable"; 40.5;"IFW-FREE"
2258277;0.15417;46.76250;"00° 09' 15.00'' Est, 46° 45' 45.00'' Nord";"86002";"BOUDET";"CHEMIN RURAL N° 8";"86110";"AMBERRE";"Pylône autostable"; 24.0;"ORANGE"
2262816;0.21083;46.37778;"00° 12' 39.00'' Est, 46° 22' 40.00'' Nord";"86293";"LES BRANDES DE CERCIGNY";"AIRE DE SERVICE DES BRANDES DE CERCIGNY";"86370";"VIVONNE";"Pylône autostable"; 30.0;"ORANGE"
2269532;0.53333;46.71917;"00° 32' 00.00'' Est, 46° 43' 09.00'' Nord";"86298";"LA VACHERIE";"RUE DES RAINETTES";"86210";"VOUNEUIL-SUR-VIENNE";"Pylône autostable"; 30.0;"ORANGE"
2271640;0.62194;46.81528;"00° 37' 19.00'' Est, 46° 48' 55.00'' Nord";"86245";"LES EPINETTES";"CHEMIN RURAL DE LA VOIE COMMUNALE N°33";"86100";"SAINT-SAUVEUR";"Pylône autostable"; 30.0;"TDF"
2273774;0.99222;46.43667;"00° 59' 32.00'' Est, 46° 26' 12.00'' Nord";"86230";"LE BOURG";"24 RUE FONTAINE GALLOUX";"86290";"SAINT-LEOMER";"Pylône autostable"; 35.0;"BOUYGUES"
2286433;0.73889;46.48528;"00° 44' 20.00'' Est, 46° 29' 07.00'' Nord";"86126";"LES VIEILLES VIGNES";"CHÂTEAU D'EAU LEIGNES SUR FONTAINE";"86300";"LEIGNES-SUR-FONTAINE";"Château d'eau - réservoir"; 39.0;"Commune, communauté de commune"
2287398;0.34389;46.62111;"00° 20' 38.00'' Est, 46° 37' 16.00'' Nord";"86194";;"PEAGE 19 AUTOROUTE A10";"86000";"POITIERS";"Pylône autostable"; 40.0;"ORANGE"
2288707;0.26722;46.71722;"00° 16' 02.00'' Est, 46° 43' 02.00'' Nord";"86048";"LES DESSUS DE CHABOURNAY";"RTE DE LA ROUSSALIERE";"86380";"CHABOURNAY";"Pylône autostable"; 24.0;"ORANGE"
2290172;0.56417;46.86889;"00° 33' 51.00'' Est, 46° 52' 08.00'' Nord";"86111";"L'ECLAINE";"ROUTE DE VARENNES";"86220";"INGRANDES";"Pylône autostable"; 24.0;"ORANGE"
2293890;-0.00694;46.41028;"00° 00' 25.00'' Ouest, 46° 24' 37.00'' Nord";"86213";"PLAINE DE BOURGATE";"CHE RURAL DE LA MOTTE À BOISGROLLIER";"86480";"ROUILLE";"Pylône autostable"; 36.0;"TDF"
2304458;0.43250;46.81361;"00° 25' 57.00'' Est, 46° 48' 49.00'' Nord";"86258";"LES PRIEDONS SUD";"ZAC LES PRIEDONS";"86140";"SCORBE-CLAIRVAUX";"Bâtiment"; 13.9;"Société Privée SA"
2318149;0.10278;47.01306;"00° 06' 10.00'' Est, 47° 00' 47.00'' Nord";"86137";"LES GRANDES CAVES";"ROUTE DE VELORS STATION HERTZIENNE";"86200";"LOUDUN";"Pylône autostable"; 43.0;"ORANGE Services Fixes"
2322276;0.17500;46.64806;"00° 10' 30.00'' Est, 46° 38' 53.00'' Nord";"86294";"CROIX DE BEAUREGARD";"CHEMIN PROCHE ROUTE DE NEUVILLE";"86190";"VOUILLE";"Pylône autostable"; 33.1;"Société Privée SA"
2324009;0.31806;46.52389;"00° 19' 05.00'' Est, 46° 31' 26.00'' Nord";"86133";"LES DEUX CROIX";"12 ALLEE DU BOIS RENARD  D87";"86240";"LIGUGE";"Pylône tubulaire"; 31.2;"TDF"
2329564;0.26250;46.60611;"00° 15' 45.00'' Est, 46° 36' 22.00'' Nord";"86297";;"LES PLAINES D12";"86580";"VOUNEUIL-SOUS-BIARD";"Pylône autostable"; 40.5;"IFW-FREE"
2347706;0.24306;46.25139;"00° 14' 35.00'' Est, 46° 15' 05.00'' Nord";"86039";"VRON";"BOIS DE LA GACHE";"86510";"BRUX";"Pylône autostable"; 36.0;"ORANGE Services Fixes"
2349112;0.32361;46.59111;"00° 19' 25.00'' Est, 46° 35' 28.00'' Nord";"86194";"LA BLAISERIE";"RUE DES FRERES MORANE";"86000";"POITIERS";"Immeuble"; 26.1;"Société Privée SA"
2350289;0.63972;46.57861;"00° 38' 23.00'' Est, 46° 34' 43.00'' Nord";"86070";"LE CHATAIGNIER";"VC N°2 DE CHAUVIGNY AUX COURLIS";"86300";"CHAUVIGNY";"Pylône autostable"; 39.0;"ORANGE"
2366336;0.11444;46.43472;"00° 06' 52.00'' Est, 46° 26' 05.00'' Nord";"86139";"LE BOURG";"R DE LA ROCHE GROLLEAU";"86600";"LUSIGNAN";"Pylône autostable"; 30.0;"SNCF Réseau"
2370164;0.31750;46.58417;"00° 19' 03.00'' Est, 46° 35' 03.00'' Nord";"86194";"ZAC DES MONTGORGES";"35, RUE LÉOPOLD SÉDAR SENGHOR";"86000";"POITIERS";"Bâtiment"; 12.0;"Titulaire programme Radio/TV"
2370637;0.10250;46.42750;"00° 06' 09.00'' Est, 46° 25' 39.00'' Nord";"86139";"LES GRANDES CHAUMES";;"86600";"LUSIGNAN";"Pylône autostable"; 30.0;"TDF"
2380087;0.06472;46.42250;"00° 03' 53.00'' Est, 46° 25' 21.00'' Nord";"86213";;"LA CROIX BARDON";"86480";"ROUILLE";"Pylône autostable"; 30.0;"SNCF Réseau"
2389332;0.48500;46.32444;"00° 29' 06.00'' Est, 46° 19' 28.00'' Nord";"86248";"LA VIGNERIE";"RUE DE LA VALLÉE";"86350";"SAINT-SECONDIN";"Pylône autostable"; 30.0;"TDF"
2398929;0.53917;46.79278;"00° 32' 21.00'' Est, 46° 47' 34.00'' Nord";"86066";;"ROUTE DE NONNES - NONNE NORD";"86100";"CHATELLERAULT";"Pylône autostable"; 36.0;"IFW-FREE"
2420219;0.09889;46.34250;"00° 05' 56.00'' Est, 46° 20' 33.00'' Nord";"86244";"LES PETITS DEZAIS";"D 26 RUE DE L'HUILIER";"86600";"SAINT-SAUVANT";"Pylône autostable"; 36.0;"ORANGE"
2437569;0.34361;46.58194;"00° 20' 37.00'' Est, 46° 34' 55.00'' Nord";"86194";;"62 R JEAN JAURES";"86000";"POITIERS";"Immeuble"; 20.4;"Société Privée SA"
